$timescale 1 ps $end
$scope module gem_top_module $end
$var wire 1 ! acc0[47] $end
$var wire 1 " acc0[46] $end
$var wire 1 # acc0[45] $end
$var wire 1 $ acc0[44] $end
$var wire 1 % acc0[43] $end
$var wire 1 & acc0[42] $end
$var wire 1 ' acc0[41] $end
$var wire 1 ( acc0[40] $end
$var wire 1 ) acc0[39] $end
$var wire 1 * acc0[38] $end
$var wire 1 + acc0[37] $end
$var wire 1 , acc0[36] $end
$var wire 1 - acc0[35] $end
$var wire 1 . acc0[34] $end
$var wire 1 / acc0[33] $end
$var wire 1 0 acc0[32] $end
$var wire 1 1 acc0[31] $end
$var wire 1 2 acc0[30] $end
$var wire 1 3 acc0[29] $end
$var wire 1 4 acc0[28] $end
$var wire 1 5 acc0[27] $end
$var wire 1 6 acc0[26] $end
$var wire 1 7 acc0[25] $end
$var wire 1 8 acc0[24] $end
$var wire 1 9 acc0[23] $end
$var wire 1 : acc0[22] $end
$var wire 1 ; acc0[21] $end
$var wire 1 < acc0[20] $end
$var wire 1 = acc0[19] $end
$var wire 1 > acc0[18] $end
$var wire 1 ? acc0[17] $end
$var wire 1 @ acc0[16] $end
$var wire 1 A acc0[15] $end
$var wire 1 B acc0[14] $end
$var wire 1 C acc0[13] $end
$var wire 1 D acc0[12] $end
$var wire 1 E acc0[11] $end
$var wire 1 F acc0[10] $end
$var wire 1 G acc0[9] $end
$var wire 1 H acc0[8] $end
$var wire 1 I acc0[7] $end
$var wire 1 J acc0[6] $end
$var wire 1 K acc0[5] $end
$var wire 1 L acc0[4] $end
$var wire 1 M acc0[3] $end
$var wire 1 N acc0[2] $end
$var wire 1 O acc0[1] $end
$var wire 1 P acc0[0] $end
$var wire 1 Q acc1[47] $end
$var wire 1 R acc1[46] $end
$var wire 1 S acc1[45] $end
$var wire 1 T acc1[44] $end
$var wire 1 U acc1[43] $end
$var wire 1 V acc1[42] $end
$var wire 1 W acc1[41] $end
$var wire 1 X acc1[40] $end
$var wire 1 Y acc1[39] $end
$var wire 1 Z acc1[38] $end
$var wire 1 [ acc1[37] $end
$var wire 1 \ acc1[36] $end
$var wire 1 ] acc1[35] $end
$var wire 1 ^ acc1[34] $end
$var wire 1 _ acc1[33] $end
$var wire 1 ` acc1[32] $end
$var wire 1 a acc1[31] $end
$var wire 1 b acc1[30] $end
$var wire 1 c acc1[29] $end
$var wire 1 d acc1[28] $end
$var wire 1 e acc1[27] $end
$var wire 1 f acc1[26] $end
$var wire 1 g acc1[25] $end
$var wire 1 h acc1[24] $end
$var wire 1 i acc1[23] $end
$var wire 1 j acc1[22] $end
$var wire 1 k acc1[21] $end
$var wire 1 l acc1[20] $end
$var wire 1 m acc1[19] $end
$var wire 1 n acc1[18] $end
$var wire 1 o acc1[17] $end
$var wire 1 p acc1[16] $end
$var wire 1 q acc1[15] $end
$var wire 1 r acc1[14] $end
$var wire 1 s acc1[13] $end
$var wire 1 t acc1[12] $end
$var wire 1 u acc1[11] $end
$var wire 1 v acc1[10] $end
$var wire 1 w acc1[9] $end
$var wire 1 x acc1[8] $end
$var wire 1 y acc1[7] $end
$var wire 1 z acc1[6] $end
$var wire 1 { acc1[5] $end
$var wire 1 | acc1[4] $end
$var wire 1 } acc1[3] $end
$var wire 1 ~ acc1[2] $end
$var wire 1 !! acc1[1] $end
$var wire 1 !" acc1[0] $end
$var wire 1 !# delayed $end
$var wire 1 !$ delayed31 $end
$var wire 1 !% scratch[7] $end
$var wire 1 !& scratch[6] $end
$var wire 1 !' scratch[5] $end
$var wire 1 !( scratch[4] $end
$var wire 1 !) scratch[3] $end
$var wire 1 !* scratch[2] $end
$var wire 1 !+ scratch[1] $end
$var wire 1 !, scratch[0] $end
$var wire 1 !- sum[16] $end
$var wire 1 !. sum[15] $end
$var wire 1 !/ sum[14] $end
$var wire 1 !0 sum[13] $end
$var wire 1 !1 sum[12] $end
$var wire 1 !2 sum[11] $end
$var wire 1 !3 sum[10] $end
$var wire 1 !4 sum[9] $end
$var wire 1 !5 sum[8] $end
$var wire 1 !6 sum[7] $end
$var wire 1 !7 sum[6] $end
$var wire 1 !8 sum[5] $end
$var wire 1 !9 sum[4] $end
$var wire 1 !: sum[3] $end
$var wire 1 !; sum[2] $end
$var wire 1 !< sum[1] $end
$var wire 1 != sum[0] $end
$upscope $end
$enddefinitions $end
$dumpvars
#0
0!
0"
0#
0$
0%
0&
0'
0(
0)
0*
0+
0,
0-
0.
0/
00
01
02
03
04
05
06
07
08
09
0:
0;
0<
0=
0>
0?
0@
0A
0B
0C
0D
0E
0F
0G
0H
0I
0J
0K
0L
0M
0N
0O
0P
0Q
0R
0S
0T
0U
0V
0W
0X
0Y
0Z
0[
0\
0]
0^
0_
0`
0a
0b
0c
0d
0e
0f
0g
0h
0i
0j
0k
0l
0m
0n
0o
0p
0q
0r
0s
0t
0u
0v
0w
0x
0y
0z
0{
0|
0}
0~
0!!
0!"
0!#
0!$
1!%
0!&
1!'
0!(
1!)
1!*
1!+
0!,
1!-
0!.
1!/
0!0
0!1
1!2
0!3
1!4
0!5
1!6
1!7
1!8
1!9
1!:
0!;
1!<
1!=
#500
1!
1(
1+
1,
1-
1.
1/
14
15
16
1;
1<
1>
1@
1A
1B
1D
1E
1F
1G
1K
0!%
1!&
0!'
0!)
0!+
1!,
0!-
1!.
1!0
1!1
1!3
0!7
1!;
#1500
1'
0(
1*
0.
04
18
1:
0>
1?
0@
1C
0D
0F
1J
0K
1M
1!'
1!+
0!,
0!/
0!1
0!3
0!4
0!6
0!8
0!9
0!:
0!;
0!<
#2500
1&
0'
0*
0+
0-
1.
12
13
06
19
0;
0<
1=
1>
0?
0A
0C
1D
0E
1F
0G
1H
0J
1K
0M
1!%
0!*
1!-
0!.
0!0
1!1
1!3
1!4
1!7
1!:
1!;
0!=
#3500
1'
1(
1*
0,
1-
0.
11
02
03
14
16
17
08
09
0=
1?
1@
1A
0B
1C
0D
1G
1I
1J
1L
0!%
0!'
1!(
1!)
1!*
0!+
1!,
0!-
1!.
1!/
0!1
0!4
1!5
0!7
1!8
1!9
0!;
1!<
1!=
#4500
1)
0*
1.
0/
01
13
05
06
07
18
0:
1;
1<
0>
0A
0C
1D
0F
0G
0I
0L
1!%
0!,
1!1
0!2
1!4
1!6
0!9
0!:
#5500
1*
1+
0.
10
11
16
17
08
19
1:
0;
0<
1G
1I
0J
0K
1N
0!%
1!'
0!)
1!+
1!-
0!.
0!1
0!3
0!6
0!8
1!9
1!;
0!=
#6500
1,
01
12
04
06
07
09
1;
1<
1>
1B
1C
0D
0G
0H
0I
1J
1K
1L
1!%
0!&
0!*
1!,
0!-
1!.
0!/
1!1
1!2
1!3
0!4
1!8
#7500
1%
0&
0'
0(
0)
1.
1/
14
15
18
1=
0>
0?
0B
0C
1D
1F
1G
1H
1I
0J
0K
0N
0!%
1!&
0!'
1!)
0!,
1!/
1!0
0!2
0!3
1!4
0!5
1!7
0!8
0!9
0!;
#8500
1(
0*
0+
0-
0.
11
02
03
04
16
08
0:
0;
1?
1A
0D
1K
1N
1O
1!%
0!&
1!,
1!-
0!.
0!/
0!0
0!1
1!2
1!3
1!6
1!;
#9500
1'
1+
0,
0/
01
12
05
17
18
19
1:
1;
0<
0=
1>
0?
1C
1D
0F
0G
0H
0I
0L
1M
0N
0!%
1!&
1!'
0!(
0!+
0!,
0!-
1!.
1!/
0!3
0!4
1!5
0!6
0!;
1!=
#10500
1&
0'
0+
1-
1.
00
11
13
06
08
09
0;
1=
0>
0@
0C
1F
0!&
1!,
1!-
0!.
0!/
0!2
1!6
1!:
1!;
#11500
1)
1*
10
01
03
14
15
16
18
19
0:
1@
0A
1B
1C
1E
1H
1I
1L
1N
1!&
0!'
1!+
0!,
1!/
1!2
1!4
0!7
0!<
#12500
1'
0(
0)
0*
1,
0-
1/
00
13
05
09
1:
1;
0=
1?
0@
1A
0B
0C
1G
0O
1!(
0!)
1!*
0!+
0!/
1!0
1!1
0!5
0!6
1!7
0!;
1!<
#13500
1(
1)
1-
0/
11
03
04
15
06
07
08
19
0;
1<
1>
0?
1@
0A
1B
1C
0H
0I
0K
0M
1!%
0!&
1!+
0!-
1!.
1!/
1!3
1!5
1!6
0!7
1!9
0!:
0!<
0!=
#14500
1$
0%
0&
0'
0)
1*
1+
0.
10
13
14
05
17
09
1;
1=
0>
0@
0C
0D
0F
0G
1J
1K
0L
0N
0!%
1!)
0!*
0!+
1!,
0!0
0!3
1!8
1!:
1!<
#15500
1'
0(
1)
0*
1.
1/
00
02
04
16
18
19
0:
0=
1>
1A
0B
1C
1D
1F
1H
0K
1L
1M
1N
1O
1!&
1!-
0!.
0!/
1!0
0!1
1!3
0!4
0!5
0!8
0!9
#16500
0!
0$
0'
0)
1*
0.
01
12
03
14
07
0;
0<
0>
1?
1@
1B
1G
0H
0L
0M
0N
0O
1!%
0!&
1!'
0!(
0!,
0!2
0!3
1!7
1!9
0!:
0!<
1!=
#17500
1&
0+
0-
10
02
06
08
09
1<
1=
0?
0A
0D
0E
0F
0J
0!)
1!+
1!,
0!-
1!.
1!/
1!3
1!5
1!:
#18500
0&
1(
0,
1-
1.
04
15
1:
0<
0=
1?
1A
0B
0C
1F
0G
1H
1J
1M
0!%
1!)
0!,
0!3
1!4
0!5
1!8
0!9
#19500
0(
1+
0-
0/
11
14
19
0:
1;
1=
0A
1D
1E
0F
0J
1N
0!'
1!(
1!*
1!2
1!3
1!5
0!8
0!:
1!;
#20500
1&
1)
0+
1,
0.
00
12
13
16
18
1:
1<
1>
1C
1F
1G
0H
1J
1L
0N
1!'
0!)
1!-
0!.
0!/
0!0
0!3
0!7
1!8
1!:
1!<
0!=
#21500
0&
1'
1(
1+
0,
1-
10
01
03
04
05
09
0:
0;
0<
0?
0@
1B
0D
0M
1O
1P
0!'
1!)
1!,
1!7
0!8
1!9
0!:
#22500
1&
0'
0(
1,
0-
00
11
13
14
15
17
1:
1;
0=
1?
1A
0B
0C
1D
0L
1M
0P
0!(
0!*
0!,
1!0
1!1
0!2
0!5
0!9
0!;
1!=
#23500
1(
0)
0*
0+
0,
1.
02
06
07
19
0:
1=
0>
1@
1B
0D
0E
0F
1I
1L
1N
1P
1!&
0!)
1!*
0!+
1!,
0!0
0!1
0!6
1!;
#24500
1%
0&
1)
1+
1,
10
01
03
05
1<
0?
0A
0B
1D
1F
1H
1K
0M
0N
0!*
0!,
1!0
1!1
1!5
1!6
1!8
1!9
1!:
0!;
#25500
1*
1-
0.
1/
00
04
17
1:
0;
1>
1?
0J
0K
1M
1N
0O
1!%
1!(
1!)
1!*
1!+
1!,
0!-
1!.
1!/
1!2
0!5
0!6
0!8
0!:
1!;
0!=
#26500
1!
1"
0%
1'
0(
0)
0+
1.
08
09
0:
1;
0=
0>
0?
0@
1C
0F
1J
0M
1O
0!*
1!-
0!.
0!/
0!0
0!1
0!2
1!3
0!4
0!7
1!:
0!;
1!=
#27500
0"
0'
1(
0*
1+
0-
0/
10
13
07
18
1=
1>
1?
1@
1A
1B
0D
1E
0G
0I
0J
1K
0L
1M
1!'
0!(
0!)
1!*
0!,
1!1
0!3
1!4
1!5
1!7
1!8
0!:
1!;
0!<
0!=
#28500
1*
0,
1-
03
15
16
08
19
0<
0=
0B
0C
0E
1F
1G
0K
0M
0N
0!&
1!)
0!*
1!,
1!/
0!1
1!3
0!5
0!8
0!9
#29500
0!
1&
0(
1)
0+
1,
0-
1/
13
14
05
06
18
09
0;
1=
0A
1D
1E
0F
0G
1I
1J
1M
1N
0!%
1!&
0!'
1!(
1!*
0!+
0!,
0!-
1!.
0!/
1!0
1!1
1!2
0!4
1!5
1!6
0!7
1!9
0!;
1!=
#30500
1'
0)
0*
0,
0/
00
11
03
15
08
1;
1<
1A
0D
1F
1G
0I
1K
0M
0P
1!%
1!'
0!(
1!,
1!-
0!.
1!7
1!8
1!:
1!;
0!=
#31500
1%
0&
0'
1)
1*
0.
01
12
13
04
1:
0;
0>
1C
0G
0K
0N
1P
0!&
1!(
0!)
0!,
0!0
0!1
0!3
0!5
0!6
0!7
0!:
#32500
1'
0)
1.
1/
03
05
16
19
0=
0@
0A
1B
1D
0E
0P
1!,
1!0
0!2
1!3
1!5
#33500
1!
1"
1#
1$
1&
0'
1-
0.
11
0:
1=
0?
0F
1G
0H
1I
1N
0!%
1!&
1!)
0!*
1!+
0!,
0!-
1!.
1!/
0!0
1!4
0!5
1!:
#34500
1(
0*
1+
1,
0-
1.
0/
10
01
02
06
17
0=
1>
1@
1A
0D
0G
1H
1P
0!&
0!'
0!)
0!+
1!,
1!0
1!2
0!3
0!4
1!6
1!7
0!9
0!:
0!;
#35500
1'
0(
0+
1-
1/
13
14
15
1;
0>
0@
0A
0C
1D
1K
0N
0P
1!'
1!*
1!-
0!.
0!/
1!1
0!2
1!4
1!5
1!9
1!:
1!;
1!<
1!=
#36500
0!
0"
0#
0$
0%
0'
1)
1+
0-
0/
12
07
18
09
1:
1=
1>
1?
1@
1A
1C
0D
1E
1F
0I
0J
0K
1M
1N
0O
1!#
1!%
1!&
0!'
0!(
1!)
0!*
1!+
0!0
0!1
1!3
0!4
0!6
0!7
#37500
1%
0&
1'
1(
0)
1*
0+
0,
1/
04
17
08
0;
0=
0@
0A
0E
0F
1J
0M
0N
1O
0!#
0!)
1!*
0!,
0!-
1!.
1!/
1!0
1!1
1!2
1!4
1!6
0!<
#38500
1&
0'
0(
1+
1,
0.
0/
14
16
07
18
19
0:
1;
1=
1@
1A
0C
1D
1F
1G
1I
1K
1L
1M
0O
1!#
0!%
1!)
0!+
1!,
0!1
0!3
0!4
0!5
0!6
0!8
0!9
0!;
1!<
#39500
0%
0&
1.
00
11
03
08
0<
0=
0?
0@
1C
0D
1E
0L
0M
1N
1O
0!#
1!%
0!&
0!)
0!*
1!+
0!,
0!/
1!1
1!5
1!8
1!9
1!;
#40500
1)
0*
1-
1/
10
01
13
04
06
17
1:
0;
1<
1@
0B
0C
1D
0G
0K
0O
1P
1!&
1!'
1!)
1!*
0!+
1!/
0!2
1!4
0!:
0!=
#41500
1(
0)
0+
0,
0-
0.
0/
00
11
02
09
0<
0>
1?
0@
0A
1B
1C
0D
1G
0H
0I
1K
1L
1O
0!&
0!)
1!+
1!-
0!.
0!/
0!1
1!2
1!3
0!4
1!6
0!9
1!:
0!;
1!=
#42500
1,
1.
1/
12
03
05
16
18
1>
0B
0F
0G
0J
0L
0O
1!#
0!%
0!'
1!)
1!,
0!0
1!1
1!7
1!9
1!;
0!<
#43500
1'
0(
1)
0/
02
14
15
08
0:
1;
1=
1A
1B
1D
1F
1I
1J
0K
1L
1M
0!#
1!%
1!'
0!)
0!+
0!,
0!-
1!.
1!0
0!1
0!2
0!3
1!4
0!7
0!9
1!<
#44500
1%
0'
0,
0.
1/
12
13
04
05
06
18
19
1<
0?
0B
0D
0E
0F
1H
0I
0J
0L
0N
1O
1!#
0!%
1!&
0!'
0!*
1!,
1!/
0!0
1!2
0!4
0!6
0!8
0!;
0!<
#45500
1'
0)
1-
0/
10
03
15
0;
0<
0>
1@
0A
1B
0C
1D
1I
1J
1K
1L
1N
0!#
1!(
1!)
1!*
0!,
1!1
1!4
1!6
0!:
1!;
0!=
#46500
1&
1(
1)
1+
1,
0-
00
13
05
16
08
09
1:
0=
0@
1A
0B
1C
1E
1G
0J
0L
0M
0N
1!%
1!'
0!)
1!,
1!0
0!1
0!4
0!5
0!6
1!7
0!;
1!<
#47500
1$
0%
0&
0)
1*
1/
10
02
03
14
15
06
07
18
1;
1<
1=
1?
1@
0A
1B
0C
0D
0E
1F
1J
0K
1N
0!%
1!)
0!*
0!,
1!-
0!.
0!/
0!0
1!:
1!=
#48500
0$
0'
1)
0+
0,
1-
00
12
13
16
17
19
0:
0;
0<
1>
1A
0B
1E
0G
0H
0J
1K
1M
0N
0O
1!%
0!&
0!'
0!(
1!,
0!-
1!.
1!0
1!3
1!4
1!5
0!7
0!:
0!=
#49500
0*
1,
1.
10
02
03
07
08
1<
0=
1D
0E
0I
1J
0K
1L
1O
0!)
1!*
0!,
1!-
0!.
0!0
1!1
0!2
0!3
1!8
1!9
1!;
0!<
#50500
1&
1'
0)
1+
0,
0-
0/
13
05
06
17
09
1;
0<
0?
0A
1B
1C
0D
1E
0F
1G
1I
0J
1K
0L
0M
1N
0P
1!#
0!%
1!&
0!*
1!,
0!-
1!.
1!/
1!0
1!2
0!4
1!6
0!8
0!9
#51500
0&
0'
0(
1)
1*
0+
1,
1-
1/
00
01
04
15
16
0;
1=
1?
0@
1A
0B
0G
1H
1J
0O
1P
0!#
1!%
1!(
1!)
1!*
1!+
0!,
0!1
1!4
0!5
0!6
1!7
1!9
0!;
1!<
1!=
#52500
1+
0.
0/
10
11
12
03
14
18
19
1:
0=
0>
0?
1@
1D
0I
0K
1L
1!#
0!%
0!&
0!*
0!0
1!3
1!5
1!6
0!7
1!8
0!9
0!=
#53500
1&
1'
1(
0)
0+
0,
0-
1.
1/
02
06
08
09
0:
1;
1=
0A
1B
0C
0D
0H
1I
1!%
1!&
0!+
1!,
1!-
0!.
0!/
1!1
0!3
1!7
1!:
1!;
#54500
1)
1+
0.
01
12
05
1<
0=
1>
1?
1D
1H
0I
0J
0L
1M
0N
1O
1!+
0!-
1!.
1!/
0!2
1!3
0!4
0!6
0!8
1!9
0!:
0!;
0!<
1!=
#55500
1%
0'
0+
1,
1.
02
04
07
18
19
1=
0?
0@
1A
0B
1C
0D
0E
1I
1J
0M
1N
0!#
0!)
0!,
1!0
0!1
1!4
1!6
0!7
1!<
#56500
1'
0(
0)
0*
0.
0/
00
11
16
09
1:
0;
0<
1D
1E
0H
0J
1K
1L
1!#
1!$
0!%
0!&
0!(
1!,
1!1
0!6
1!:
0!<
0!=
#57500
1(
1)
1+
1.
10
17
1;
1<
0=
0>
1?
0A
1B
0E
1F
1H
0I
0K
0N
1!&
1!*
0!,
0!0
0!1
0!3
0!5
1!<
#58500
1!
1$
0%
1*
0.
1/
00
01
13
06
0<
1>
1A
0B
0C
1G
0H
1J
1K
1N
0P
0!#
1!%
0!&
1!(
0!/
1!1
1!2
1!5
1!6
1!;
0!<
#59500
1"
1#
0$
1%
0)
0*
0,
0/
12
03
14
15
0>
1@
1C
0D
0F
0G
0J
1M
0N
0!(
0!+
1!,
1!0
0!5
1!8
0!:
0!;
1!=
#60500
0"
0%
0&
1)
0+
1,
1-
1.
11
02
13
04
16
19
0:
1<
1=
1>
0A
1B
0C
1D
1G
1H
0K
0M
0O
0!*
0!0
0!2
1!5
1!7
1!:
1!;
1!<
0!=
#61500
1&
0'
0(
0)
0,
0-
0.
1/
12
06
1:
0;
0@
1A
1C
1E
0G
1J
1K
1N
1!#
0!$
1!(
1!*
0!,
1!0
1!2
1!3
0!5
0!8
1!=
#62500
1'
1)
1,
1-
0/
10
03
14
07
09
0<
0=
0?
1@
0C
0E
1G
0K
1!$
0!%
1!&
0!(
1!)
0!*
1!,
1!-
0!.
0!0
0!1
0!2
0!3
0!4
0!6
0!7
0!9
0!:
0!;
0!<
0!=
#63500
1(
1*
0-
1/
02
13
08
19
1;
1<
1=
1?
0A
0B
1C
0D
1E
1F
0H
1I
1!(
0!)
1!+
0!,
1!2
1!3
1!6
1!9
1!:
1!;
1!<
#64500
1%
0&
0)
0*
1+
1-
1.
01
04
05
17
0;
0<
0=
0>
0?
0@
1B
0G
0N
1O
1!%
0!&
1!'
1!*
1!,
0!-
1!.
1!/
1!0
0!2
1!7
1!8
0!;
0!<
#65500
1&
0'
0+
0,
0-
0.
12
15
16
09
1=
1@
0C
1D
0F
1G
0J
1K
0O
0!%
1!&
0!'
0!(
0!*
0!/
0!0
1!2
0!3
1!4
1!;
1!<
#66500
1'
1)
1*
11
05
18
19
0:
1;
0=
1A
0B
1C
0E
0G
1H
0L
1O
1P
0!&
1!)
1!*
0!+
0!,
1!1
0!2
1!3
0!6
0!8
0!:
0!<
#67500
1$
0%
0'
0(
0)
0*
1,
1-
00
01
02
03
14
15
08
09
1:
0;
1=
0@
1B
0C
0D
1E
0H
0K
1L
0O
0P
0!#
0!)
1!,
1!/
1!0
1!2
0!7
1!8
0!9
0!;
1!<
#68500
0!
0#
0$
0&
1(
1+
0,
0-
12
18
19
0:
1<
0=
1?
1@
0A
1C
1D
1H
0L
1N
1P
1!%
0!*
0!,
0!1
0!2
0!3
0!8
1!;
#69500
0(
1*
0+
1-
0/
10
02
13
08
09
0<
1=
1>
0@
0E
1J
1O
0P
1!#
0!%
1!'
1!(
1!)
1!*
1!+
1!,
1!-
0!.
0!/
0!0
1!1
0!4
1!5
1!6
1!7
1!:
0!<
1!=
#70500
1+
0-
1.
1/
11
03
04
05
18
19
1<
0>
0?
1@
0D
1F
0I
1K
1L
0N
1P
0!,
0!-
1!.
1!0
0!1
1!2
1!3
1!4
1!8
#71500
1!
1'
1(
0+
14
15
06
07
0=
1?
0@
0C
0F
1I
0J
0L
1M
1N
0O
0P
0!$
1!&
0!+
1!,
1!-
0!.
1!/
0!0
0!2
0!3
0!4
0!6
0!8
1!9
#72500
1&
0'
1,
0.
13
04
17
1;
0?
1A
0B
1C
1E
1F
1G
0H
1L
0N
1O
1!%
0!&
0!(
0!*
0!,
1!2
1!3
0!7
1!8
0!=
#73500
1%
0&
0(
0,
00
01
12
03
16
07
08
1:
0;
1=
1?
1@
0A
1B
0C
0F
0G
1H
0I
0K
1!$
0!)
1!*
1!,
0!2
0!3
0!5
1!7
0!8
0!9
1!<
#74500
0!
0%
1.
0/
13
14
05
17
0:
1;
0<
0=
0?
0@
0B
1C
1D
0E
1F
1G
1I
1J
0L
0M
1N
0!%
1!)
1!+
0!,
1!2
1!4
1!6
0!7
0!:
0!;
0!<
#75500
1)
1,
1-
0.
10
04
15
06
18
1:
0;
1<
1A
1B
0C
0D
1E
0F
0G
0H
0I
0J
0N
0!'
0!*
1!1
1!3
1!5
0!6
1!:
1!;
1!=
#76500
1(
0)
0*
0,
1.
03
05
07
09
0<
1>
1@
1C
1D
1G
1H
1J
1L
0O
0!#
0!$
1!%
1!'
0!)
0!/
0!2
0!3
0!4
1!6
1!7
1!8
1!9
1!<
0!=
#77500
1'
1)
0.
1/
13
14
16
0:
1<
1=
0B
0E
1F
0G
1I
1K
1P
1!#
1!$
1!&
0!'
0!+
1!,
0!-
1!.
1!/
1!0
1!4
0!5
0!;
0!<
#78500
1!
1$
0(
0)
1*
0/
00
11
02
04
15
17
08
19
1:
1;
0=
0@
0A
0D
0J
0K
1M
1N
0P
0!&
1!'
1!)
0!,
0!/
1!3
1!5
0!6
0!7
0!9
0!:
1!;
1!<
#79500
1,
1/
10
01
12
14
05
07
18
0;
0>
1?
1@
1A
0C
1D
1E
0F
0H
0I
1K
0M
0!%
1!&
1!(
0!)
1!*
1!,
1!-
0!.
1!/
0!1
0!3
0!4
0!5
1!7
1!9
1!:
0!<
#80500
1+
0,
0-
11
02
04
06
1;
0<
0?
0A
1C
0D
1H
1J
0!#
0!'
0!*
0!/
1!1
1!4
1!6
0!9
1!<
1!=
#81500
1(
0+
1,
1-
00
01
03
17
08
09
0;
1<
1=
1>
0C
1D
0E
1F
1G
0H
1I
0L
1!%
0!&
0!(
1!)
1!*
1!3
1!5
1!9
0!<
#82500
1&
0'
0(
0,
0-
0/
13
15
1;
1?
1A
1B
0D
0F
0G
0!%
1!&
1!'
0!)
0!0
0!7
0!=
#83500
1+
1-
1.
1/
11
03
14
05
0:
0;
0=
0>
0A
0B
1D
1G
0I
0K
1L
1!%
1!)
0!-
1!.
1!/
0!1
0!4
0!9
0!:
0!;
1!=
#84500
1%
0&
1)
0+
0-
12
13
16
07
18
1:
0@
1A
1B
1C
0D
1E
1F
0G
1M
0!%
1!+
0!,
1!0
1!2
1!4
1!7
0!8
1!9
1!;
1!<
#85500
1'
1(
0)
1-
0.
10
19
0<
1=
1>
0B
0F
1G
1I
1K
0L
0M
1P
1!%
0!)
0!*
0!+
1!,
1!-
0!.
0!/
0!0
0!3
0!6
0!;
#86500
1&
0'
1+
0-
06
0:
0>
0?
1@
0C
1D
0E
1H
0I
1M
0N
0P
1!#
0!%
0!&
0!'
1!*
0!,
1!/
1!3
0!4
0!5
1!6
0!7
1!8
0!<
#87500
1#
0$
0&
0(
0*
1.
00
01
02
03
09
1;
0=
1>
1?
0@
1B
1F
0J
0K
1L
1O
1!%
1!)
0!*
1!+
0!/
1!1
0!2
0!3
0!6
0!8
1!:
1!<
0!=
#88500
1'
0+
1,
10
12
13
15
16
0;
1<
1=
0>
1@
0A
1C
0D
0G
0H
1I
1K
0L
0M
1P
0!%
1!&
1!'
1!(
1!,
0!-
1!.
1!/
1!0
1!3
1!8
0!9
1!;
1!=
#89500
1&
1)
1*
1+
0,
0/
00
02
03
04
05
06
17
1;
0<
0=
1>
1A
0B
0C
0F
1G
1H
0I
1J
1L
1N
0P
0!#
0!$
0!+
1!-
0!.
0!/
0!0
1!2
0!3
1!4
0!8
1!9
0!=
#90500
1$
0%
0&
0'
1(
0*
0.
1/
11
13
08
1:
0;
0?
0A
1B
0G
0H
1I
0J
0K
0L
1!#
1!$
0!&
0!)
1!*
0!,
0!-
1!.
1!/
1!0
0!2
0!4
1!5
1!7
1!8
0!:
#91500
1'
0)
1*
1-
1.
0/
03
14
16
07
1;
1<
1=
0>
1?
1C
1F
1G
0I
1J
1M
0N
0O
1!&
0!'
0!(
1!,
1!-
0!.
0!/
1!2
1!3
1!4
0!5
1!6
1!=
#92500
1)
0*
0+
10
01
12
13
04
15
18
0=
0?
0@
0B
0G
0J
1N
1O
0!#
1!%
1!'
1!(
0!,
0!-
1!.
1!/
0!1
0!2
0!4
0!8
0!9
0!;
0!<
0!=
#93500
1&
0'
0(
0)
0-
0.
00
03
14
05
08
19
0:
1>
1?
0C
1D
0F
1G
1I
1J
1L
0M
0O
1!#
1!)
1!,
1!-
0!.
1!2
0!3
1!4
1!5
1!8
1!;
1!<
#94500
1*
1-
1/
11
17
18
09
0>
0?
1C
0J
1M
0N
1O
0!#
0!)
0!*
0!,
0!-
1!.
1!1
0!2
0!6
0!7
1!:
0!;
#95500
1(
0*
1+
1,
0-
10
02
15
07
08
1:
0<
1?
1A
1B
1E
0G
0I
1K
0L
1N
0O
1!#
0!'
0!(
1!*
1!+
1!,
0!/
0!1
1!2
0!4
0!5
1!7
1!9
0!:
#96500
0$
1%
1'
0(
1*
0/
00
13
05
17
18
19
1=
1>
0A
0B
0C
1G
1I
0K
1L
0N
1O
0!#
0!%
1!)
0!+
1!-
0!.
1!3
1!4
1!6
0!8
1!;
0!<
1!=
#97500
1)
0*
0+
0,
1-
1/
12
03
15
06
07
0;
0?
1@
1A
1B
0D
0E
1F
1J
1K
0M
1N
0O
1!#
0!&
1!'
1!(
0!,
0!-
1!.
1!/
0!0
1!1
0!2
0!3
1!5
0!6
0!7
1!8
1!<
0!=
#98500
1$
0%
0&
1*
0-
0/
10
01
02
13
04
16
0:
0@
0A
0B
1H
0I
0J
1M
0N
1O
0!#
1!%
1!&
0!'
0!*
1!+
1!,
1!-
0!.
0!/
0!1
0!4
1!7
0!8
0!;
#99500
1%
0'
0)
1,
1.
11
05
06
09
1<
0>
1?
1A
1B
1C
1E
0G
1I
0K
0L
0M
1!#
0!%
0!&
1!'
0!)
0!+
1!0
1!1
0!5
0!7
1!8
1!:
1!;
1!=
#100500
1(
0*
1-
0.
00
14
17
1;
0=
1>
1@
0A
0B
1D
0H
1J
1M
1N
0!,
0!1
1!5
0!8
#101500
1+
0-
1.
10
12
03
04
15
16
07
08
19
1:
0<
1=
0>
1A
0C
0D
0E
0F
1G
1H
0I
1K
0O
1!%
1!&
1!)
1!*
1!+
1!,
0!-
1!.
1!/
0!0
1!4
0!5
1!6
#102500
1'
0(
1)
1*
0+
1-
0.
1/
00
06
0;
0=
0@
1E
1F
0G
0H
1I
0N
1P
0!$
0!%
0!)
0!*
0!+
1!-
0!.
0!/
1!1
1!2
1!3
1!5
0!6
1!7
0!9
0!;
0!=
#103500
0!
0#
0$
0%
0'
1(
1+
1.
0/
10
02
13
16
17
18
09
1<
0?
0A
1B
1C
1D
1H
0K
1N
0P
1!)
1!*
1!+
0!,
1!/
0!3
1!8
#104500
1'
0(
0*
0,
0-
1/
06
07
08
19
1;
0<
1=
1A
0B
0D
0E
0H
1K
1L
0!)
1!,
0!-
1!.
1!0
0!2
1!3
1!6
0!8
0!:
#105500
1%
0'
1(
1,
0.
0/
14
17
18
09
0:
1<
0=
1>
1@
0A
0C
1D
1E
0F
0I
0!#
1!)
0!+
0!,
1!-
0!.
0!/
0!0
1!2
0!4
0!7
1!9
1!:
#106500
1'
0)
0+
0,
1-
1/
00
01
12
04
05
16
07
08
19
1=
1A
0E
1F
1G
0J
0K
0L
1!#
1!$
0!&
0!'
0!)
0!*
1!+
1!,
1!0
0!1
0!2
1!8
0!9
1!;
#107500
0%
1&
0'
1.
02
03
06
17
18
0;
0=
0@
1B
0D
0F
1H
1I
0M
0N
1O
1!&
1!'
1!*
0!,
1!1
0!3
1!4
0!5
1!7
0!8
1!9
0!:
#108500
1%
0&
0(
1)
1*
1+
1,
10
07
1:
1;
0<
1=
0>
1?
1D
1E
1F
0H
1J
1K
1M
0!$
1!%
0!'
0!(
1!)
0!+
1!,
0!1
1!2
1!3
0!4
1!5
1!8
0!9
1!:
0!;
0!<
1!=
#109500
1&
1'
1(
0*
0-
0.
0/
12
13
15
09
1<
0=
0?
0A
0B
1C
0E
1H
0I
0J
1L
0M
1N
0O
1!$
0!)
0!*
1!+
0!,
0!0
0!2
0!6
0!8
1!;
#110500
1!
1$
0%
0'
0(
0)
0+
0,
1-
1.
1/
00
02
03
05
16
08
19
0:
0;
0<
1>
1@
1A
1B
0D
0G
0H
0L
0N
1O
1P
0!%
0!&
1!*
1!/
1!0
1!2
1!4
1!6
1!8
0!=
#111500
1"
1%
0&
1*
1,
0-
0.
0/
11
13
14
17
18
1:
1;
1=
1?
0A
0B
0C
1E
0F
1L
0!$
1!%
1!&
1!'
1!,
0!/
0!0
1!1
0!3
0!5
0!:
0!;
1!=
#112500
0"
0$
0%
1(
1)
0*
1+
0,
1-
01
04
15
06
07
09
0:
0;
1<
0=
0?
0@
1A
1C
1F
1H
1J
0K
0L
1M
1N
0!%
0!&
0!'
1!(
1!)
0!+
0!,
1!0
0!1
0!2
1!3
0!6
0!8
1!:
0!=
#113500
1'
0(
0)
1*
1.
12
05
19
1;
0<
0>
1?
1@
0A
0F
1G
0H
1K
1L
0M
0N
0O
0!*
1!+
1!,
0!-
1!.
1!1
1!2
0!3
0!4
1!5
1!6
1!9
1!;
#114500
1&
1)
1,
0.
1:
0;
1<
1>
0?
0@
1A
1B
0C
1D
1F
0G
0J
0K
0L
1O
1!&
0!(
0!)
1!*
0!,
1!3
0!5
0!6
0!9
1!=
#115500
1(
0)
0-
1/
10
11
08
09
0:
1;
1?
1@
0B
1C
0E
1G
1H
1K
1L
0O
0!#
1!$
0!&
1!)
0!*
1!,
1!/
0!0
1!5
1!6
0!:
1!<
#116500
1%
0&
0(
1)
1.
00
01
02
03
15
17
18
19
1:
0;
0?
0@
0A
0C
0D
1E
0F
0G
1I
0K
0L
1M
1O
1!#
0!$
1!%
1!(
0!,
0!/
0!2
0!3
0!6
0!7
1!8
1!:
0!=
#117500
1&
0'
1(
0+
0,
1-
0.
0/
10
14
05
07
09
0:
1=
0>
1?
1@
1B
1C
1D
0E
1F
1G
0H
1J
1K
1L
0!#
0!%
1!&
1!'
0!+
1!,
1!/
1!2
1!3
1!4
0!5
1!6
0!8
1!9
0!:
0!;
0!<
#118500
0!
0%
0&
0(
0*
1.
1/
00
12
16
08
1:
0=
0?
0C
0D
1E
0F
0G
0I
0J
0P
1!#
0!&
0!'
0!,
0!1
0!3
1!7
0!9
1!;
1!<
#119500
1'
1(
0)
1*
1+
0.
10
11
02
06
19
0:
1;
0<
1=
1>
0B
1F
1H
1I
1J
0L
0O
0!#
1!$
1!+
1!,
1!-
0!.
1!0
0!2
0!4
1!5
0!6
0!;
#120500
1&
0*
1,
0/
04
15
16
17
18
1<
0=
1A
1B
1D
0E
0F
1G
0H
0M
1!#
0!$
1!%
1!&
1!*
0!+
0!,
0!/
0!0
1!2
1!3
0!7
1!9
1!;
0!<
#121500
1!
1#
1)
0-
1.
1/
14
05
06
07
1:
0;
0<
0A
0B
0K
1L
1N
1P
0!#
0!%
0!&
0!(
0!-
1!.
1!/
0!2
1!4
0!;
#122500
1*
0,
1-
0.
01
13
15
1<
1=
1A
1B
1C
1E
1K
1M
0N
0P
1!$
1!&
1!(
0!*
1!-
0!.
0!/
1!0
0!3
0!4
0!9
1!:
1!;
1!<
#123500
1%
0&
0'
0(
0*
0-
1.
0/
00
03
05
16
17
08
0:
1;
0=
0@
0A
0B
0C
1F
0K
1O
1P
0!&
0!(
1!*
1!,
0!-
1!.
0!0
1!1
1!2
1!3
1!4
0!5
1!7
1!9
0!:
0!<
1!=
#124500
1'
1*
0.
1/
11
13
04
15
06
09
1=
0>
1B
1C
0G
0J
1K
1N
0P
1!#
1!'
1!(
0!)
0!,
1!-
0!.
0!1
0!2
0!3
0!4
1!5
0!7
1!8
1!:
0!;
1!<
0!=
#125500
1&
1(
1-
0/
10
12
14
07
1:
1@
0C
0F
1H
0I
1J
0K
0L
0N
1P
1!%
1!&
0!'
0!*
1!+
1!,
1!0
1!3
1!4
0!5
1!7
0!8
1!;
0!<
#126500
1$
0%
0&
0'
0)
0-
1.
1/
00
05
16
17
19
0<
0B
1C
0D
0E
0H
1I
0J
1K
0M
1N
0P
1!)
1!*
0!,
0!-
1!.
1!/
0!0
1!2
0!3
0!4
1!5
1!6
0!9
0!;
#127500
1'
0*
0+
1,
0.
0/
10
03
15
06
07
09
0=
1>
1?
0C
1D
1F
1G
0I
0N
0!$
1!'
1!-
0!.
0!/
1!3
0!6
1!8
#128500
1&
0'
0(
1)
1*
0,
1.
1/
00
01
13
04
05
16
17
19
0@
0D
1E
0G
1H
1I
1L
0O
0!%
0!(
1!,
0!-
1!.
1!/
1!0
1!1
0!2
0!3
1!4
1!6
0!7
1!;
1!<
1!=
#129500
1+
1,
0.
0/
14
06
09
0:
0;
1=
0>
1A
1G
0H
0K
1M
1!%
0!)
0!,
0!0
0!1
1!3
0!4
0!5
0!8
0!:
0!;
0!<
#130500
1"
0$
1%
0&
1(
0*
0,
10
11
02
03
04
15
18
1:
1;
0=
1B
0G
1K
1O
0!%
0!&
0!'
0!+
1!,
0!/
1!0
0!3
1!4
1!5
0!6
1!7
1!8
#131500
1*
0+
00
01
12
13
14
05
16
07
08
0:
1=
0?
1@
0A
1D
0F
1H
1J
0L
0M
1P
1!$
1!%
1!'
0!*
0!,
1!/
0!0
1!1
1!2
0!5
0!7
1!9
1!:
1!;
#132500
1+
1-
10
02
15
06
0;
1<
0=
1?
1A
1G
0H
0I
1L
1M
0P
0!#
0!%
1!-
0!.
0!/
1!0
0!1
0!2
1!5
1!7
0!:
0!=
#133500
1,
1/
03
16
17
1:
1;
0<
1>
0?
0A
1C
0D
0E
0G
1I
0O
0!'
1!(
1!,
1!/
1!1
0!4
0!8
0!9
0!;
1!=
#134500
1'
0)
0,
0-
1.
11
12
13
04
05
06
07
0>
1A
0B
1D
1E
1G
1H
0I
0K
0L
1O
0!$
1!%
1!&
1!*
1!+
0!/
0!0
0!1
1!2
1!3
0!5
1!6
0!7
1!;
0!=
#135500
1&
0'
1)
0+
1,
1-
01
02
03
15
16
17
0:
0A
1B
0C
0E
1F
0H
1K
0M
1!#
1!$
0!%
0!(
1!)
0!*
0!+
0!,
1!/
1!1
0!2
0!3
1!4
1!9
1!:
0!;
1!<
1!=
#136500
0!
0"
0#
0%
0(
11
12
14
06
07
19
0;
0D
0G
1I
0O
0!#
1!%
1!*
1!+
1!,
0!/
1!0
1!2
1!3
0!4
1!5
1!8
1!;
0!<
#137500
1%
0&
1'
1+
0.
0/
00
01
04
17
18
1<
1>
1?
0@
1A
1D
1E
0F
1G
0J
0K
1L
1N
0!)
0!+
0!,
0!-
1!.
1!/
0!0
0!3
0!8
0!:
#138500
1!
1$
0%
1&
0)
0*
0-
1.
10
13
16
07
1:
1;
1=
0?
1C
1K
1M
0N
1O
0!%
1!'
1!)
1!+
1!,
1!0
0!1
0!2
1!3
0!6
1!7
1!8
0!9
1!:
0!;
#139500
1%
0'
1)
1*
00
14
17
08
0;
0<
0=
1@
0C
0E
1F
0G
1H
0I
0K
0O
1P
0!$
1!%
0!'
1!(
0!)
0!*
0!+
0!,
1!-
0!.
0!0
1!2
0!3
1!4
0!7
0!=
#140500
0%
0)
0*
0,
1-
0.
10
04
06
18
09
0:
0>
0A
0B
1C
0F
1G
0H
1I
0M
1O
0P
1!#
1!'
1!)
1!,
0!-
1!.
1!0
1!1
0!2
0!4
0!5
1!7
1!9
0!:
1!<
#141500
1%
0&
1*
0+
1,
0-
1/
00
03
14
05
08
19
1:
1<
1=
1B
0D
1E
1F
0L
0O
1P
0!#
0!&
0!(
1!+
0!,
0!0
1!2
1!6
0!8
0!9
1!:
1!;
0!<
1!=
#142500
1'
1)
1+
0,
1.
0/
10
02
04
07
18
09
0:
1;
1>
0B
1D
0F
1H
1O
0P
1!#
0!%
0!)
1!,
1!-
0!.
0!/
1!0
0!1
1!3
1!4
1!5
#143500
0!
0$
0%
0'
0)
0+
1,
0.
12
13
15
1:
0;
0=
0>
1?
0@
1B
0E
1F
0G
0H
0I
1K
1N
0O
1P
0!#
1!&
1!(
1!)
0!+
0!,
0!-
1!.
1!/
0!3
0!5
0!6
1!9
0!:
#144500
1'
1)
0*
1.
11
02
05
16
19
1>
1@
0B
0D
1G
1H
1L
1M
1O
1!#
1!%
0!&
1!,
1!1
0!2
0!4
1!6
1!:
0!;
#145500
1(
1+
0,
1-
0.
14
15
06
17
08
09
1;
0>
1A
1B
0F
0G
1I
1J
0K
0N
0P
0!#
0!%
1!+
0!,
0!0
0!1
1!2
1!4
0!9
0!:
#146500
1,
0-
1.
1/
01
04
05
16
19
0;
0<
1>
0?
0C
1D
1E
1F
1G
1K
0M
1!%
0!(
1!*
1!,
1!0
1!3
0!4
1!5
1!8
1!9
1!;
1!<
0!=
#147500
1*
0+
0,
0.
11
14
15
18
09
1<
1=
0>
0A
1C
0D
0G
0J
0L
1M
1N
1!$
1!&
0!'
0!)
1!-
0!.
0!/
0!0
1!1
0!2
1!4
0!6
0!8
0!9
0!;
0!<
1!=
#148500
1&
0(
1+
1.
0/
00
03
04
05
06
08
0=
0@
0B
1D
0E
0F
1G
0I
0K
1L
1P
0!,
1!0
0!1
0!3
0!5
1!6
1!8
#149500
1%
0&
0'
1(
0*
0+
1,
1/
01
12
13
14
15
16
18
19
1;
1?
1@
0C
1E
1F
0H
1K
0M
0!$
1!'
1!)
0!*
0!+
1!,
0!-
1!.
1!1
1!2
1!3
0!4
1!5
0!6
0!7
0!8
1!9
1!;
1!<
#150500
1&
0(
0)
1+
0,
0/
10
03
06
07
08
09
0;
1=
0?
0@
1B
1C
0D
0F
1H
1I
1J
0L
1!+
0!,
1!/
0!0
0!1
0!3
1!4
0!5
1!7
1!8
1!:
0!;
0!<
#151500
1)
1-
00
11
02
04
16
18
0=
1>
1@
1A
0B
0C
1F
0H
0I
1L
0!%
0!'
0!)
0!+
1!,
0!/
1!0
1!1
1!3
1!6
0!7
0!:
1!<
#152500
1*
0+
0.
1/
10
05
17
0:
1=
1?
0@
1B
1C
0E
0G
1H
0J
0L
1M
0O
1!%
0!&
1!'
1!)
1!*
0!,
1!-
0!.
0!3
1!7
0!8
1!:
1!;
0!<
#153500
1'
0)
0*
0-
1.
0/
13
14
06
07
08
19
1:
1;
0<
0=
0?
0B
0F
1G
1I
1J
0N
0!%
1!&
1!(
0!4
1!5
0!7
1!8
0!:
1!<
#154500
1$
0%
0&
0'
1(
1*
1+
0.
00
01
12
16
17
18
09
0;
1<
1=
0C
1D
0H
0I
0J
1L
1N
1!#
1!$
0!&
0!)
1!+
1!,
0!-
1!.
1!/
0!0
1!3
0!5
0!6
0!9
1!:
0!<
#155500
1'
0(
0*
1,
1-
1/
02
03
06
07
08
0:
0<
0=
1?
0A
1C
1F
0G
1J
0L
0!#
1!&
1!)
0!*
0!+
1!0
0!1
0!2
0!3
1!4
1!6
1!7
0!;
0!=
#156500
1)
0/
10
11
12
04
17
18
19
0>
0?
1@
0F
1G
1H
1I
0J
0K
0N
1O
0!'
1!+
0!0
1!1
0!7
1!9
0!:
1!;
1!=
#157500
1(
1*
1/
13
14
16
1;
1<
1>
0@
1B
0C
0D
1F
0G
0H
0I
1J
1L
0O
1!#
1!%
1!'
0!)
0!+
0!,
1!-
0!.
0!/
1!0
0!1
1!2
1!3
1!5
0!6
1!7
1!<
#158500
1!
1"
1#
1&
0'
0-
1.
00
15
07
08
1:
0;
0<
1=
0>
1?
1I
0J
0L
0M
1N
0!#
0!%
1!)
1!*
1!+
1!/
0!0
1!1
0!2
1!:
0!<
0!=
#159500
1'
0)
0*
0,
0.
0/
10
01
05
06
17
1<
0=
1@
0B
1C
1G
1H
0I
1K
1M
0N
1O
1!#
0!(
0!)
0!*
0!+
1!,
0!/
1!0
0!5
0!7
0!8
0!9
0!;
1!<
#160500
1%
0&
0'
1)
1*
1-
1.
1/
00
04
07
09
0@
0C
1D
0F
1I
1L
0M
0O
0!#
1!%
0!&
1!*
0!,
0!1
0!4
1!6
1!7
1!9
#161500
1'
0(
0*
0+
1,
0.
10
11
02
03
14
15
18
19
1;
0<
1>
0?
1@
1A
1C
0D
0G
1J
1M
1N
1!#
0!$
0!%
0!'
1!(
1!)
1!+
1!,
0!3
1!8
0!9
1!;
0!<
1!=
#162500
0!
0"
0#
0$
0%
0'
1*
0,
0-
0/
01
16
17
08
0;
1=
1?
0A
1B
0C
1D
1E
1F
0J
0K
0L
0N
0!#
1!%
1!'
0!,
0!-
1!.
1!4
1!5
0!6
0!:
0!;
1!<
#163500
1&
1'
0*
1,
1/
00
11
12
05
0:
1<
0=
1A
1C
0D
0E
0F
1J
1K
1!&
0!*
0!+
1!-
0!.
0!0
1!1
1!3
0!4
0!5
1!6
1!:
0!<
0!=
#164500
1%
0&
0'
1(
1.
0/
13
04
18
0>
0B
0C
1D
1E
1F
1G
0I
0J
0!%
0!(
1!,
0!1
1!2
1!5
0!6
0!7
0!8
1!;
1!<
1!=
#165500
1&
0(
0)
0,
1-
0.
1/
06
07
09
1;
0<
1=
0@
0A
1C
0E
0F
1I
1J
0!&
0!'
0!)
1!*
1!+
0!,
0!-
1!.
1!0
1!1
0!3
1!4
1!7
1!9
0!;
0!<
#166500
1!
1#
1$
0&
1(
1*
1+
0-
02
16
08
0=
1>
0?
1@
1E
0G
0H
0K
1L
1O
1!&
1!'
1!)
1!,
1!-
0!.
0!1
1!3
1!8
0!:
1!<
#167500
1&
0*
0+
1-
1.
10
12
14
1:
0;
0>
0@
1A
0E
1F
1H
0I
1K
1!#
0!&
0!)
0!+
0!,
0!0
1!1
0!3
0!5
0!7
0!9
1!:
#168500
1'
0(
1*
0-
0.
0/
04
06
18
0:
1<
1=
1?
0A
0C
1E
1G
1I
0K
0O
0!#
0!'
0!*
1!,
1!/
1!0
0!2
0!4
1!5
1!9
0!:
0!<
#169500
1(
1)
0*
1+
1,
1-
1.
02
03
14
16
08
19
1:
1;
0?
0E
0G
0J
1K
0L
0M
1!#
1!%
1!&
1!'
1!)
1!*
1!+
0!,
0!-
1!.
0!/
1!3
1!4
0!5
0!9
1!:
1!;
1!<
#170500
1"
0#
0$
0%
0&
0'
0(
1*
0+
0,
0.
1/
00
12
13
04
15
18
09
0:
0<
0=
1B
0F
1G
0H
0I
1J
1L
0!#
0!&
1!,
1!-
0!.
0!0
0!1
1!5
1!9
0!;
#171500
1'
1(
1+
0-
0/
01
02
03
14
05
06
17
08
19
1:
1@
0B
0D
1E
1H
1!#
0!'
1!(
0!,
1!1
1!2
0!3
0!4
0!5
1!6
0!:
0!<
0!=
#172500
1&
0'
0)
0*
0+
1,
1/
12
13
15
16
18
0:
0;
1>
1?
1B
1C
0E
1F
1I
0J
0K
0L
1!$
0!)
0!+
0!-
1!.
1!/
1!0
0!2
1!3
1!4
1!5
0!6
1!7
0!8
1!:
1!=
#173500
1%
0&
0(
1)
1+
0,
1-
0/
07
08
09
1:
1=
0>
0@
1A
0B
1L
0!#
0!%
0!*
1!+
0!/
0!0
0!4
1!6
0!7
1!8
1!;
1!<
0!=
#174500
1&
1'
0+
10
11
02
04
05
19
0:
1;
1>
0A
1E
0G
1J
1K
0L
1N
0!$
1!%
1!&
1!,
1!/
1!0
0!3
1!4
0!5
0!6
1!7
0!;
#175500
1$
0%
0&
0'
1*
0-
1.
1/
12
03
15
06
17
0;
1<
0=
0?
1@
1B
1D
0H
0I
0J
0K
1L
1M
1O
1!#
1!$
0!%
0!&
1!'
0!(
1!)
1!*
0!+
0!,
1!-
0!.
0!/
0!0
0!8
0!9
1!;
0!<
#176500
1'
1(
0*
1,
1-
0/
14
16
07
09
1=
0>
0@
1A
0C
0E
0F
1G
1I
1K
0L
0M
0!#
1!%
1!+
1!/
0!1
1!2
1!3
0!4
1!5
0!7
1!8
1!9
0!:
0!;
1!=
#177500
0"
1#
1&
0'
0(
0)
1*
0,
0-
0.
1/
00
02
13
04
05
18
1:
1;
0<
0=
1>
1@
0B
1C
0I
1J
0K
0O
1!#
0!$
1!&
0!'
1!(
0!)
1!,
1!1
0!2
0!3
0!5
1!7
0!8
0!=
#178500
1%
0&
1'
1(
0*
1+
1,
1.
06
0:
1<
1?
0@
0A
1B
0C
0G
1I
0J
1K
0N
1O
0!-
1!.
0!/
1!2
1!3
0!9
1!=
#179500
1)
0.
0/
10
01
12
03
14
15
16
19
0;
0<
1=
0>
1@
1A
0B
1C
0D
1J
0K
0!#
1!$
0!%
1!)
0!+
0!,
1!-
0!.
0!1
0!3
1!6
1!8
1!;
#180500
1&
0)
0+
0,
1.
02
05
08
1<
0=
0?
0A
1B
0C
1D
1E
0J
1M
1N
0O
0!&
0!*
1!,
1!9
1!:
#181500
1"
0#
0$
0%
0'
1)
1+
1/
00
11
12
13
04
18
1:
1;
1=
1?
0B
1H
1L
0M
1O
1!%
1!&
1!+
0!,
0!-
1!.
1!0
1!3
1!4
0!6
0!8
0!9
0!;
#182500
1%
0(
0)
1*
0+
1,
01
14
06
08
0<
0=
1>
0@
1A
1C
0E
1G
0I
1M
0P
0!$
1!'
1!*
1!/
0!4
1!6
0!7
1!8
1!<
0!=
#183500
1(
0,
0/
10
03
15
16
17
18
0;
0A
1B
1J
0L
0O
0!%
0!(
0!+
1!,
1!-
0!.
0!0
0!2
0!3
1!5
0!6
0!8
1!9
0!:
1!;
1!=
#184500
1#
1$
0%
1)
1+
00
02
04
06
09
0:
1<
1@
1A
0B
0D
0H
0J
1K
0M
1O
1!%
0!'
1!(
0!*
1!+
0!/
1!1
1!2
1!4
1!6
0!;
#185500
1'
0(
0)
1,
1-
0.
10
11
05
19
0>
0?
0A
0C
1E
1F
0G
1H
0K
1L
0N
0!%
1!'
1!*
0!+
0!,
0!-
1!.
1!/
1!0
1!;
0!<
#186500
1)
0*
0+
1.
1/
00
01
14
09
1:
1A
1B
1C
1G
1I
1J
1K
0L
1M
1!#
1!%
0!&
0!'
0!)
0!*
1!+
1!,
0!1
1!3
0!4
0!5
0!6
1!7
0!9
1!:
0!;
#187500
1*
0.
11
12
13
0<
1=
0A
0B
0F
0H
0I
1N
1!&
1!'
0!(
1!)
1!*
0!+
0!/
1!1
0!2
0!:
1!<
#188500
1(
0*
0,
0-
10
04
15
16
19
0:
1;
1<
0=
0@
1A
1D
1I
0J
0K
0M
0N
0!#
0!)
0!,
0!1
1!2
0!7
1!9
1!:
#189500
1%
0&
0'
0(
0)
0/
00
01
03
1:
0<
1=
1?
0A
1B
0C
0D
0E
1F
0G
1N
1P
1!#
0!%
1!(
1!+
1!,
1!-
0!.
1!/
0!0
1!4
1!5
1!6
0!:
0!=
#190500
0!
0"
0#
0$
0%
1'
1*
1+
1-
1.
11
02
13
14
05
06
0;
0=
1@
1A
0B
1G
1H
0I
1J
1L
0P
0!#
1!$
1!%
0!&
1!)
0!,
1!1
0!3
0!4
0!6
1!:
1!;
#191500
1,
0-
03
04
15
07
0:
1<
1=
1>
0@
1B
1E
0F
0G
0H
1I
0J
1K
1!#
1!&
0!'
0!(
0!)
1!,
0!/
0!1
0!2
1!4
1!8
0!;
0!<
#192500
1)
0,
1-
0.
1/
10
17
0<
0A
0B
1G
1H
0K
1M
0N
1P
0!#
0!$
0!%
0!&
1!'
1!(
1!)
0!*
0!-
1!.
1!0
1!3
1!6
1!7
0!8
0!9
0!:
1!;
#193500
1(
0*
0+
1,
0-
0/
01
12
05
07
08
09
1:
1;
1<
0=
0?
1A
1B
1C
0E
1F
0G
0I
1J
0L
1N
0O
0P
1!#
1!-
0!.
1!2
0!3
0!4
0!5
0!6
1!9
1!=
#194500
1+
00
11
13
15
18
0<
1=
0>
0B
1D
0F
0H
1I
1K
0N
0!#
1!$
1!&
0!,
0!0
1!1
1!6
0!7
0!;
#195500
1!
1"
1#
1$
1%
0(
0)
1*
0,
1.
01
02
03
17
19
0:
0;
0=
1?
1@
1B
0C
0D
1F
1G
1H
0I
0J
0K
0M
1N
1P
0!$
1!%
0!&
0!'
0!(
1!*
1!,
1!0
0!2
1!8
0!9
1!:
0!=
#196500
0"
0$
1)
0*
1,
0.
10
11
13
07
1=
0?
0@
0A
1E
1I
1!$
0!%
0!)
0!,
0!0
1!3
1!4
1!5
#197500
1&
0'
1(
0)
1*
0+
1-
1.
00
12
03
05
16
08
09
1:
1;
1@
1C
1D
0E
0F
0G
0H
0I
1J
1K
1M
0N
1!#
0!$
1!&
0!*
0!+
1!,
0!-
1!.
1!0
0!5
1!7
0!8
1!9
0!:
#198500
1'
0(
1)
0,
0-
0.
1/
13
14
17
0:
0;
0=
0@
0B
1E
1F
1G
0K
1N
1!%
1!)
1!*
0!,
1!-
0!.
0!0
0!1
0!3
0!4
1!5
0!6
1!8
0!9
1!;
#199500
1$
0%
0&
0'
1(
0)
1+
1-
1.
10
01
03
04
15
07
18
19
1;
1<
1=
1>
1A
1B
0E
1H
1L
0!&
0!)
0!*
1!+
1!,
1!1
1!2
1!3
1!4
0!5
0!7
0!8
1!9
1!:
0!;
#200500
1&
1)
0*
1,
0-
0.
0/
11
02
14
05
17
08
09
1:
1@
0B
0D
1E
0G
0H
1I
0L
0!#
0!%
1!'
0!,
0!1
0!2
0!4
1!5
1!7
0!:
1!<
#201500
1%
0&
1'
0+
01
13
04
18
0>
0C
1!$
1!%
1!&
1!(
0!+
1!,
0!-
1!.
1!0
1!1
1!2
1!4
0!7
1!8
1!;
1!=
#202500
1&
0(
1+
0,
1-
1/
12
14
15
08
0;
0=
1>
1?
0A
1B
0E
1G
1H
0J
1K
1L
0!%
1!*
1!+
0!,
1!/
0!4
1!6
1!7
1!:
0!<
#203500
1*
0+
1,
1.
0/
00
11
02
03
05
06
0:
0<
1=
0>
0?
1E
0F
0I
1J
0L
1!#
1!)
0!*
1!,
1!-
0!.
0!/
0!0
0!2
0!5
0!7
0!9
0!:
0!;
1!<
#204500
0#
0$
0,
0-
10
04
16
19
1:
1<
0=
1>
0@
0B
1C
1D
0E
1F
0J
1L
0M
1O
0!$
0!)
1!*
0!+
1!0
0!3
1!5
1!7
0!8
0!=
#205500
1$
0%
0&
0'
1(
0)
0*
1,
0.
1/
01
14
06
07
18
09
0<
0>
1?
0C
0D
0H
0K
0L
0!#
1!%
0!*
1!+
0!,
1!3
0!7
1!;
#206500
1)
1*
1+
1-
11
12
13
16
0:
1>
1A
1C
1D
1E
0F
1I
1K
0N
0O
0!'
1!*
1!,
1!/
0!0
0!1
1!2
0!3
0!5
0!6
1!7
1!8
1!:
0!;
0!<
#207500
1'
0(
0,
0-
1.
01
04
06
1:
1<
1=
0>
0A
1B
0C
1H
1J
1L
1M
1N
1O
1!$
1!'
1!)
0!+
0!,
0!-
1!.
1!0
1!5
1!6
0!8
0!:
1!;
1!=
#208500
1(
0)
1-
0.
02
03
14
15
08
19
0:
1;
0<
0=
0?
1@
0B
1C
0G
0J
0K
0!$
0!&
0!'
1!-
0!.
0!/
0!0
1!1
1!4
0!6
1!9
1!<
0!=
#209500
1&
0(
1)
0*
1,
0-
0/
13
05
09
1?
1B
0C
0I
0L
1!&
0!(
0!)
0!*
1!+
1!,
0!1
0!2
0!4
0!5
1!6
0!7
1!:
1!=
#210500
1(
1*
0+
1.
12
03
04
17
18
1:
0;
0?
1C
0D
0E
1I
1J
1K
0M
0N
1!(
1!)
1!*
0!,
0!-
1!.
1!/
1!0
1!1
1!3
1!4
1!5
1!8
0!9
0!:
0!;
0!=
#211500
1%
0&
0'
0(
0)
0*
0,
1/
00
11
13
19
0:
1=
1?
1A
1D
1F
0H
0J
0K
1L
1N
0!)
0!*
1!,
0!0
0!3
0!4
1!9
1!:
0!<
#212500
1)
1*
1,
1-
0.
01
14
08
1;
0=
1>
0@
0A
0D
0F
1G
0I
0O
0!%
1!)
1!*
0!+
1!-
0!.
0!/
1!0
0!1
1!3
1!4
0!6
1!7
0!9
1!;
1!<
1!=
#213500
1"
0%
1&
0*
1+
1.
11
02
04
15
18
09
1:
0;
1<
0C
1F
1I
1J
1K
0L
0N
1!%
0!)
1!+
0!,
1!1
1!2
0!3
0!4
0!5
1!6
0!7
1!9
#214500
1'
0)
0+
0,
0.
0/
14
16
0<
1@
0F
0G
1H
1!$
0!&
1!'
0!+
0!0
0!2
1!3
1!4
1!5
1!7
0!9
0!:
0!;
0!=
#215500
1%
0&
0'
1(
1+
0-
1.
10
03
05
06
19
1;
1<
1=
0>
0?
0@
1A
1C
0!(
1!)
0!*
1!,
0!-
1!.
1!2
0!3
0!5
0!8
1!;
0!<
1!=
#216500
0!
0"
0$
0%
1'
1)
1*
0+
0.
1/
12
15
16
08
09
0:
0<
1?
1D
1E
1G
0I
0K
1M
1N
0P
1!#
0!)
1!+
1!/
0!2
0!4
1!9
1!:
0!=
#217500
1+
00
02
13
04
05
06
07
19
0;
0=
1>
1@
0A
0B
0D
1F
0H
1L
0M
0N
1P
1!&
0!'
1!(
1!)
0!+
1!-
0!.
0!/
0!1
1!3
1!4
1!5
0!9
#218500
1&
0'
0)
0*
0+
1,
1-
10
03
15
16
17
1:
1;
1<
1=
0@
1B
1D
0F
1I
0L
1N
0!#
0!$
0!%
0!&
0!)
1!*
1!+
0!,
1!/
0!3
0!4
0!5
0!7
1!8
1!9
1!<
#219500
1%
0&
0(
1)
1*
0,
0-
1.
12
06
18
09
0<
1A
0B
0C
0E
1F
0G
0J
1L
0N
1!#
1!$
0!+
1!,
0!-
1!.
0!/
1!0
1!1
1!3
0!6
1!7
0!8
0!9
0!:
0!;
#220500
1+
1,
0/
01
02
13
19
1<
0A
0F
1G
1K
1M
0!#
0!$
1!&
1!)
0!,
1!-
0!.
0!0
0!1
1!4
1!5
1!9
1!;
#221500
1&
0)
0*
0+
1-
0.
00
11
12
05
0:
0;
0<
0=
0>
0?
1@
1A
1E
1F
0G
1H
1J
0K
0L
1N
0P
1!$
0!)
0!*
1!+
1!,
1!0
1!2
0!5
0!7
1!8
1!:
0!;
#222500
1(
0,
0-
1.
01
03
16
07
09
1;
1<
0@
0A
1B
1C
1G
0J
0M
1!#
0!$
1!%
0!&
1!'
1!)
1!*
0!+
0!-
1!.
1!/
1!1
0!4
1!6
0!8
0!9
0!:
1!=
#223500
1$
0%
0&
1'
0(
1*
1+
1,
1-
10
11
14
06
1:
1?
0B
0C
0F
1J
1K
1P
1!&
0!'
0!(
0!)
0!,
0!/
0!1
0!2
1!5
1!8
1!:
1!;
0!<
#224500
1&
1(
1)
0*
0-
0.
1/
02
13
04
16
17
0:
0<
1=
1A
1F
0G
0H
1L
1M
0N
0P
1!$
1!,
1!-
0!.
1!/
0!0
0!6
1!7
#225500
0$
0&
0'
0(
1*
0+
1-
01
12
06
07
19
1:
1<
0=
1>
0?
0A
1B
0E
0F
1G
1H
0I
0K
1P
0!&
0!*
0!,
0!-
1!.
0!/
1!0
1!1
1!2
0!3
1!9
0!:
0!;
1!<
#226500
1'
0)
0*
1+
0-
1.
00
02
14
15
0:
0<
1?
1@
1A
0D
1E
0G
0H
1I
0P
0!$
1!&
1!(
1!)
1!+
1!-
0!.
0!0
0!1
0!2
1!3
1!4
1!6
0!7
0!8
0!9
1!:
0!<
#227500
1&
0'
1)
1*
0,
0.
0/
12
03
05
17
08
09
1:
1<
1=
0>
0@
0B
1C
1D
0E
0I
0J
1N
1O
1P
1!$
0!&
1!*
0!+
1!,
0!5
1!7
1!8
1!;
#228500
1(
0)
0+
1,
1.
1/
11
02
16
18
19
0:
0;
0<
0=
1>
0?
0C
0D
1E
1F
0L
0M
0O
0!$
0!%
0!*
0!,
0!-
1!.
1!1
0!6
0!7
0!8
1!9
0!:
0!;
#229500
1+
1-
0.
10
12
15
0>
1@
0A
1C
1D
0E
1H
1L
1O
0P
0!#
1!%
1!&
1!'
0!(
0!)
1!*
1!,
1!/
0!4
1!5
1!6
1!8
1!:
1!;
0!=
#230500
1'
1)
0*
02
09
1:
1?
1A
0F
1K
0L
0N
0O
1P
1!#
0!,
1!0
1!2
0!3
0!5
0!6
0!8
0!9
#231500
1%
0&
0(
0)
1*
0,
1.
0/
00
12
06
07
08
0:
1;
1<
1>
0?
0A
1B
1E
1F
0H
1J
0K
1M
1N
1O
0!#
0!%
0!&
0!*
1!,
0!0
0!1
0!2
1!3
1!6
1!8
1!9
0!:
0!;
1!<
#232500
1(
1/
01
13
04
16
17
0;
1=
0>
1?
1A
0D
1G
0J
1K
1L
0M
0N
0O
1!&
1!(
1!)
1!*
1!+
0!,
1!-
0!.
0!/
1!1
0!3
1!5
1!7
0!9
0!<
1!=
#233500
1&
1)
0*
0+
1,
0-
02
14
05
06
1;
0<
1>
0A
0C
1D
0E
0F
0L
1M
1!#
1!$
0!'
0!*
0!+
1!,
1!0
0!1
0!7
1!;
1!<
#234500
1$
0%
0&
0'
0(
0)
1+
0,
0.
10
12
03
04
1:
0;
1<
0?
0@
1A
1C
1E
1F
0G
1H
1J
0K
0!#
1!*
1!+
0!,
0!-
1!.
1!/
1!1
1!3
0!5
0!6
0!8
1!9
0!<
#235500
1'
0+
1,
11
13
14
15
07
18
0:
1;
0=
0A
0D
0J
1K
0M
1N
1O
0P
1!#
0!$
0!*
0!+
1!,
1!-
0!.
0!/
0!0
0!1
1!2
1!6
1!7
#236500
0$
0'
1)
1*
1-
1.
0/
03
04
16
17
1:
0;
0<
1=
0>
1@
1A
0B
1D
1G
0H
1I
1M
0N
0O
0!#
1!%
0!&
0!)
1!+
0!,
0!-
1!.
1!/
1!0
1!1
0!2
0!3
1!4
1!5
0!7
1!8
0!9
1!<
#237500
0)
0,
0.
01
13
14
07
08
0:
1<
0=
0@
0A
0C
0G
1J
0M
1!$
1!'
1!*
0!+
1!,
0!0
1!2
1!3
0!5
0!6
1!7
0!8
1!:
0!;
0!<
#238500
1)
0*
1/
03
18
1;
0<
1?
1@
1A
1B
0D
0I
0J
0K
1N
0!$
1!)
0!*
1!+
0!,
0!1
0!2
0!4
0!7
1!8
1!9
1!;
1!<
#239500
1'
1(
1.
02
04
05
17
08
0;
0@
1C
1D
0E
1G
1J
1M
0N
1!$
0!%
1!&
0!'
0!+
1!,
1!-
0!.
0!/
1!1
1!2
1!4
1!6
0!9
0!:
0!;
0!<
0!=
#240500
1&
0'
0)
1*
1,
0-
0.
0/
00
11
15
07
1<
1>
1@
0C
0D
1E
1H
0J
1N
0!$
1!%
0!&
1!'
0!(
1!*
0!4
0!6
1!:
#241500
1%
0&
1)
0*
1-
1.
1/
10
01
12
13
05
06
17
18
19
1:
1;
0<
1C
0H
1J
1K
0M
1!$
0!'
1!(
0!)
0!*
1!+
1!0
0!1
0!3
1!5
1!6
0!:
1!;
#242500
1'
1*
1+
0-
03
14
15
07
0;
1<
1=
0@
0B
0F
0G
1I
0J
0K
1!&
0!,
0!-
1!.
1!/
1!4
1!7
0!;
#243500
1&
0'
0(
0*
0,
1-
0.
13
16
08
09
0<
0=
0?
1B
0C
0E
1F
1J
0!(
1!*
0!+
1!,
1!-
0!.
0!/
0!0
0!2
1!3
0!5
0!6
0!7
1!=
#244500
1'
1(
0)
1*
0-
00
03
05
17
18
19
0:
1<
1=
0>
0B
1C
1D
1E
0I
0J
1K
1O
1!#
0!%
0!&
1!'
1!+
0!,
1!/
0!3
0!4
1!5
0!8
1!9
1!:
#245500
1)
1,
1-
02
06
09
0=
1@
1B
0C
0E
0F
1J
0K
1M
1!(
1!)
0!*
1!,
0!/
1!1
1!3
1!4
0!5
1!8
0!9
1!;
1!<
0!=
#246500
0%
0&
0*
0,
0-
11
12
13
15
16
07
1;
0A
1C
1F
1H
0J
0N
0O
1P
0!$
1!%
1!&
0!'
0!+
0!,
0!1
1!2
1!5
0!8
0!:
0!;
#247500
1&
0'
0(
1*
1,
1.
0/
10
01
02
03
04
05
06
17
19
0;
0<
1=
1?
0@
1A
0B
0H
0M
1O
0P
0!&
1!+
0!-
1!.
1!0
0!5
1!6
1!8
1!9
1!=
#248500
1'
1(
0+
0,
0.
1/
00
16
08
1<
1@
0C
0F
1G
1I
1J
1L
1P
1!,
1!-
0!.
0!0
1!5
0!6
#249500
1%
0&
0(
0)
1+
1,
11
12
13
14
15
06
18
09
0=
1>
0?
0A
1C
0D
1E
0G
0J
1K
0L
1M
1N
0O
0!#
0!%
1!&
1!'
0!(
0!)
0!,
0!-
1!.
1!/
1!0
0!3
0!4
0!5
1!6
1!7
0!8
0!9
0!<
0!=
#250500
1)
0+
0,
1-
1.
10
01
02
16
08
1;
0<
1=
0>
1A
0C
1D
0E
1G
0I
1J
1L
0N
0P
1!#
1!)
1!*
0!+
1!,
0!/
0!2
1!3
1!4
1!5
0!6
1!<
#251500
1&
0'
1(
1+
0-
0/
00
11
04
05
06
07
1:
0=
1>
1?
0A
1B
0D
1F
1I
0J
1O
1P
1!$
1!%
1!+
0!,
1!/
1!2
0!4
0!5
1!8
1!9
1!:
1!;
#252500
0%
0&
0(
0)
1-
0.
01
12
14
16
17
19
0:
1=
0>
0?
0@
1D
1E
1J
0K
0M
1N
0!#
0!$
0!+
1!-
0!.
0!/
0!0
0!3
0!7
0!8
1!=
#253500
1'
1(
0+
1,
0-
1/
10
11
03
15
06
18
09
0;
0=
1>
1@
0D
0E
0G
1H
0I
0J
0L
0N
0!%
0!&
0!)
0!*
1!+
1!/
1!1
0!2
1!5
1!6
1!7
1!8
0!:
0!;
0!<
0!=
#254500
1!
1#
1%
1&
0(
1)
1+
1-
0/
13
16
07
19
1:
1<
1=
0@
1E
1G
1J
1N
1!#
1!%
0!'
1!)
0!+
1!,
0!-
1!.
0!1
1!3
1!4
0!5
0!6
0!7
#255500
1$
0%
0&
0'
1.
00
17
08
09
1?
0B
1C
1D
0F
0H
1I
0J
1L
0O
0!%
1!&
1!'
1!(
1!+
1!-
0!.
1!0
1!2
0!3
1!5
0!9
1!:
1!<
1!=
#256500
1&
1'
1(
0)
0-
1/
03
04
05
06
07
18
0:
0<
0?
1@
1A
0C
0D
1F
1K
0L
1O
0!#
1!*
0!,
0!-
1!.
1!1
0!2
1!3
0!5
0!8
0!:
1!;
#257500
1%
0&
0'
0(
1)
0.
10
01
02
14
15
17
08
19
1<
0=
1?
0@
1D
0F
1H
0K
1L
1M
0O
1!#
1!$
0!+
1!,
0!0
0!1
1!2
0!3
1!5
1!7
1!8
1!9
#258500
0!
0#
0$
0%
0)
00
11
13
16
18
1:
1B
1C
0E
0G
1J
1K
0N
1O
0P
0!,
0!/
1!0
0!2
1!3
0!5
0!7
0!9
#259500
1)
0,
1-
10
01
04
06
08
1;
0?
0A
0B
0C
0D
0H
0I
0J
0L
0!#
0!$
1!%
0!&
1!+
1!,
1!-
0!.
0!3
1!5
1!:
#260500
1&
1'
1(
0)
0*
1,
0/
14
05
16
07
18
09
0;
0>
1?
1A
1C
1D
1G
1I
1L
0!%
0!(
0!,
0!-
1!.
1!/
1!2
1!3
0!5
1!9
0!:
0!=
#261500
1!
0&
0'
0(
1)
0-
1.
03
04
15
06
17
0:
0<
1>
0?
0A
1F
0G
1H
0I
1J
0K
0L
0O
1P
1!(
0!*
0!+
1!,
0!0
1!1
0!2
0!3
1!6
0!8
0!9
0!;
1!=
#262500
1(
0)
1*
0+
1-
0.
1/
12
05
16
1:
1<
1=
0>
1?
1@
0D
1I
1L
0!,
1!3
1!5
0!6
1!7
1!8
#263500
1"
1$
1%
1&
1'
1)
0*
1.
0/
00
11
02
13
14
15
07
0<
0?
1A
1G
0I
0J
1K
1N
0!)
1!*
1!,
1!-
0!.
0!/
1!0
0!1
1!2
0!4
0!5
1!6
0!8
1!9
1!;
0!<
#264500
1#
0$
0%
0&
0'
0(
0)
1*
1+
0,
0.
10
04
08
1;
1<
1>
1?
1B
1D
1E
0H
1J
1!#
1!%
0!,
0!0
0!3
0!9
1!:
#265500
1,
1.
1/
00
0;
0>
0?
0B
0D
0E
0G
1H
0L
0!(
1!+
1!,
1!/
1!1
1!3
1!5
0!7
1!8
1!9
0!=
#266500
1'
0*
0+
0,
0.
12
03
14
18
19
0:
1;
0<
1>
1?
0@
1B
0C
1D
0F
1G
0H
0J
1L
0M
0N
1O
1!$
0!*
0!+
0!,
0!/
1!0
0!1
0!2
0!3
0!5
0!9
1!<
#267500
0!
0"
0#
1&
0'
1*
1,
0-
10
02
04
05
17
08
0=
0?
0A
0B
1C
0D
1E
0K
0L
1M
0O
0P
0!#
1!&
0!'
1!)
1!+
1!,
0!-
1!.
1!/
1!3
1!4
1!5
1!7
0!:
0!<
#268500
1(
0*
1+
1.
0/
00
01
12
13
14
06
18
1<
1=
0>
1?
1A
1B
1F
1I
1L
0M
1!#
0!$
0!)
0!+
0!,
1!1
0!4
0!5
0!7
1!:
1!<
#269500
1)
1*
0+
0.
1/
10
11
03
08
0;
0<
0=
1>
0A
0B
1D
0E
1H
1J
0L
0!#
0!&
1!)
1!,
1!-
0!.
0!/
0!0
0!1
1!2
0!3
1!4
0!6
1!7
1!9
0!:
0!;
0!<
#270500
1'
0)
0*
0,
1-
0/
00
01
13
04
15
16
07
09
1;
1<
0>
0?
1@
1A
1B
0C
1!$
0!%
1!*
1!+
1!/
1!0
1!3
0!9
1!:
1!;
1!<
1!=
#271500
1%
0&
0'
0(
1)
1*
1.
1/
10
11
02
03
14
06
0;
0<
1>
0@
0A
0B
0D
0F
0G
0H
0I
1K
1L
0!)
0!+
0!,
0!/
0!2
0!3
0!4
1!6
1!9
0!<
0!=
#272500
0%
1&
1'
1(
0)
0*
1,
0.
00
05
16
18
1<
1=
1?
1@
1A
1B
1C
1D
1E
1F
1G
1H
0L
1!#
0!$
1!&
1!)
1!+
1!,
1!1
1!2
1!4
0!8
0!:
1!<
#273500
0&
1)
1*
0,
0-
1.
15
06
17
08
0<
0?
0@
0A
0B
0F
0G
1M
1!%
1!'
0!)
0!+
0!-
1!.
1!/
0!0
0!2
0!4
1!5
1!8
1!=
#274500
0*
1,
0.
0/
04
05
16
1;
1?
0D
1F
1G
0H
1L
0M
1P
0!#
0!&
0!,
1!0
1!2
0!7
0!9
0!;
#275500
0'
0(
0)
1*
1+
1/
10
12
13
15
07
18
19
1:
0;
0=
0?
1B
1D
0F
0G
1H
1I
0J
0!%
1!&
0!'
1!(
1!)
0!*
1!,
1!-
0!.
0!/
0!0
0!2
0!5
0!6
1!7
1!;
0!=
#276500
1)
0*
0+
1.
0/
01
03
06
17
09
1<
0B
0C
0D
0E
1G
0H
0I
1J
0L
1N
1!#
1!$
1!%
0!)
1!*
0!,
1!0
1!2
1!5
1!6
0!7
0!8
1!:
0!;
#277500
1(
1*
1+
11
19
1;
0<
0>
1@
1A
1B
1D
1E
1F
1H
0N
0!*
1!+
1!,
0!0
0!1
0!2
1!4
0!5
1!8
0!:
1!;
#278500
1'
0(
0*
1-
1/
01
02
13
16
09
0:
0;
1<
1=
1>
0@
0A
0B
1C
0D
0H
0J
0K
1N
0!#
0!&
1!'
0!(
1!*
0!,
1!/
1!1
1!2
1!3
0!4
0!6
1!7
0!8
1!9
1!:
0!;
0!<
1!=
#279500
1&
0'
1*
0+
0,
0-
06
1:
1;
0<
0>
1@
1A
1B
0E
1H
1L
0N
0!%
1!&
0!+
1!,
0!-
1!.
1!0
0!3
0!7
1!8
#280500
1!
1"
1#
1$
1%
0&
1(
1-
03
14
07
08
19
0;
1<
1>
1?
0@
0A
1D
0G
0H
1K
1M
1N
0P
1!%
1!)
1!+
1!-
0!.
0!/
0!0
0!1
1!4
1!7
0!8
0!9
0!=
#281500
1&
1'
0(
0)
0-
0.
00
11
1;
0<
0?
1@
0D
1H
1I
1J
0L
1O
1!#
0!&
1!(
0!,
1!0
0!2
1!3
1!5
0!7
1!8
0!:
1!;
1!=
#282500
0!
0"
0#
0$
0%
0&
0'
0/
01
04
09
0:
0=
0>
1?
0@
1A
0B
1D
1E
0H
0J
0K
1L
0M
0!#
1!&
1!,
1!6
0!8
1!:
0!;
#283500
1(
1)
0*
1,
1-
1.
10
12
13
14
05
18
19
1<
1=
1@
0A
0C
0D
1G
1M
0O
0!%
0!&
0!)
0!,
0!-
1!.
1!/
0!0
1!1
0!4
0!5
0!6
1!8
0!:
1!;
1!<
#284500
1'
0)
0,
0.
00
16
09
1:
0<
1>
0?
1B
0E
0F
0G
0I
1J
1K
0N
1O
0!$
1!&
0!'
0!+
1!,
1!-
0!.
0!/
0!1
0!3
1!6
0!8
1!9
1!:
0!;
#285500
1)
1,
1.
10
02
03
04
15
06
08
19
0:
1<
0>
1?
1A
1H
0J
0M
1N
0O
1!%
0!&
1!+
0!,
1!1
0!6
1!8
0!9
1!;
#286500
1*
0,
0-
00
11
13
14
05
16
0;
0<
0=
1>
0A
1C
1D
1E
1G
0H
1I
0L
1M
0N
0!%
1!&
0!*
1!,
0!-
1!.
1!/
0!1
1!2
1!3
1!4
1!6
1!7
0!:
#287500
0'
0(
0)
0*
0.
01
03
15
09
1;
1=
0?
0@
0B
0C
0E
1F
0I
1J
1!%
1!'
0!(
0!,
1!1
0!3
0!4
0!6
0!8
1!:
0!;
0!<
#288500
1-
1/
10
12
13
05
06
18
19
1:
0;
1<
0>
1C
1H
1I
0J
0K
0M
0!+
0!1
1!3
1!4
1!5
1!6
1!8
1!9
1!<
0!=
#289500
1'
1*
1,
0-
0/
00
02
03
04
08
09
0:
0=
1@
1B
1E
0G
0H
0I
1L
0!&
1!)
1!+
1!0
0!2
0!3
0!4
0!7
0!8
0!9
1!;
1!=
#290500
1&
1+
11
12
14
16
1A
0B
0C
0E
0F
1K
1M
1N
1!#
1!&
1!*
0!+
1!,
1!-
0!.
0!0
1!1
0!5
0!6
1!9
0!<
#291500
1%
0&
0'
1(
0*
0+
0,
1-
1.
10
13
15
06
18
19
1:
0<
0D
1F
1H
0N
0!%
0!&
0!)
0!*
0!,
0!/
0!1
1!2
1!4
1!5
1!7
0!9
0!;
1!<
#292500
1&
0(
1+
1,
0.
1/
01
03
05
16
1;
1<
1=
1>
1?
0@
0A
1B
1C
1E
1I
1J
0K
0L
0!#
1!$
1!%
0!'
1!)
1!*
1!,
0!-
1!.
1!/
1!3
0!7
1!8
1!9
0!:
0!<
#293500
1'
1(
1)
0+
0-
0/
13
15
06
17
09
0=
0>
0C
1D
0F
1G
0H
0J
1L
0!$
0!%
0!,
1!0
0!2
0!4
0!5
0!8
0!9
1!;
1!<
#294500
1!
1#
1$
0%
0&
0(
1+
0,
1.
11
07
08
19
0:
0;
1=
0?
1F
0G
1H
1J
1K
0M
1O
1P
1!#
1!$
1!%
1!(
0!)
0!*
1!,
1!-
0!.
0!/
0!0
1!1
1!2
1!5
0!<
0!=
#295500
1%
0'
1(
0)
1*
0+
1,
1-
0.
1/
00
01
02
03
04
18
09
1@
1A
0B
0D
0E
1G
0H
0J
1M
0O
0!#
1!&
1!'
1!*
1!+
0!,
1!0
1!7
1!:
1!<
#296500
1+
0,
1.
12
05
19
1;
0@
1B
1C
1D
1E
0G
0I
1J
0K
0M
1N
1O
0!$
0!(
1!)
1!,
0!0
0!1
0!3
1!4
0!5
1!6
1!8
1!9
0!:
0!<
1!=
#297500
1&
0(
1)
0*
1,
0.
10
13
14
17
08
1:
0<
0A
0C
1G
1H
0J
1K
0O
0P
1!#
0!%
0!&
0!)
0!*
0!,
0!-
1!.
1!0
0!2
1!3
1!5
0!6
1!<
#298500
1"
0#
0$
0%
0&
1*
00
02
03
16
07
0:
1>
0B
0D
0H
1J
0K
0N
1P
1!&
0!'
1!)
0!+
1!,
1!-
0!.
0!0
0!5
0!7
0!;
#299500
1(
0*
0+
0/
10
04
15
06
18
0;
1<
0=
0>
1C
1D
0F
0G
1H
0J
1K
1M
1O
0!#
1!$
1!%
1!*
0!-
1!.
1!/
1!1
1!2
0!3
0!4
1!6
0!8
0!9
1!:
1!;
0!<
0!=
#300500
1'
0(
0,
1.
00
11
12
08
09
1;
0<
1>
1F
0K
1N
0O
0!,
1!0
0!1
1!4
1!9
#301500
1*
1+
1,
01
02
14
05
16
17
18
19
1=
1@
1B
0C
0D
0H
1K
1!#
1!'
0!)
1!+
1!1
0!2
1!3
0!4
1!5
0!6
1!7
0!:
0!;
1!<
1!=
#302500
1&
0'
0)
0*
0+
0-
0.
11
13
15
0;
1<
0=
0@
0B
0E
1G
1H
1I
1J
0K
0L
1O
0!&
0!1
0!5
0!7
1!8
1!:
1!;
0!=
#303500
1%
0&
1(
1)
1*
1-
1.
1/
03
06
07
08
09
1;
0>
1A
1C
1D
0F
0H
1K
0M
0O
0!$
0!%
1!&
0!'
1!(
1!)
0!0
1!4
1!5
0!:
1!=
#304500
1&
0(
0)
0*
0,
0-
0/
01
12
13
04
17
18
19
1:
0;
0<
1=
1?
0D
1F
0G
0K
1O
0!#
1!,
1!-
0!.
0!/
1!0
1!2
0!5
1!6
1!7
0!8
#305500
1(
1-
0.
1/
11
02
03
14
09
0:
1;
1<
0=
1B
1E
1H
0N
0O
1!#
1!%
0!(
0!)
0!+
0!-
1!.
0!3
1!5
0!6
0!9
#306500
1'
0-
10
01
13
16
07
08
1:
0;
0<
1>
1@
0B
0C
0E
0H
0I
1N
1O
0!#
0!%
0!&
1!+
0!,
1!-
0!.
1!1
0!2
1!3
0!7
1!:
0!<
#307500
1$
0%
0'
0(
1*
1+
0/
11
12
03
04
17
18
19
0:
1;
0?
0@
1E
1G
0J
0N
0O
0!+
0!1
1!2
0!3
1!6
1!9
0!:
0!;
1!<
0!=
#308500
1'
1)
0*
0+
1,
1/
01
13
14
05
07
0;
1<
0>
1@
0E
1H
1I
1L
1M
1O
1!#
1!%
1!)
0!*
1!+
0!2
1!3
0!4
0!5
0!9
1!:
1!=
#309500
1*
1.
0/
11
02
03
15
06
08
09
1=
1?
0@
0G
0L
0M
0P
0!)
1!*
0!+
1!,
0!0
1!1
1!2
0!:
1!;
#310500
1(
0*
1+
0,
1-
0.
1/
00
12
13
04
05
16
18
1>
0?
0A
1C
1D
0F
1G
0H
0I
0O
1P
0!%
1!&
0!*
0!,
0!-
1!.
1!/
1!0
0!2
1!7
1!8
1!:
#311500
1%
0&
0'
0(
0+
0-
1.
0/
01
02
03
15
06
17
08
1:
1;
0=
1?
1@
1B
0D
1F
1H
1L
0!#
1!$
0!&
1!)
1!,
1!2
0!3
1!4
0!7
0!:
0!;
0!<
#312500
1*
1+
1/
14
05
18
19
0;
0>
0?
0F
0L
1M
1N
1O
1!#
0!)
1!+
0!,
1!-
0!.
0!/
0!2
0!4
0!6
1!7
0!8
1!9
1!;
1!<
#313500
0!
0"
0$
0%
1&
0)
0*
1,
1-
0.
15
16
07
08
09
0:
1;
1=
1?
0@
1D
1F
0H
1I
1K
0M
0N
0P
1!%
1!&
1!(
1!*
0!+
1!,
0!0
1!2
1!4
1!5
0!7
1!8
0!9
1!:
0!=
#314500
1%
0&
1(
1.
10
13
04
05
17
18
19
0;
0<
0=
1>
0?
1A
0D
0F
1H
1L
1!'
1!)
0!*
0!,
1!/
0!1
0!2
1!3
1!9
0!;
0!<
#315500
1!
1"
0%
0(
1)
1*
0+
0,
0-
0/
00
11
12
03
14
15
06
07
09
1:
1;
1?
0A
0B
0C
0G
0H
0K
1M
0!#
0!%
0!'
0!)
1!*
1!+
1!,
0!/
1!1
1!2
0!5
0!9
1!<
#316500
1(
1+
1,
1-
10
01
02
08
1=
0?
1@
1E
1F
1H
0M
0O
1P
1!#
0!$
1!)
0!*
1!/
0!1
0!2
1!5
0!8
1!9
1!;
1!=
#317500
1'
0(
0*
0,
0-
1/
00
11
12
05
17
19
0:
0;
1<
0>
0@
1B
1C
0E
0F
1G
0L
1O
0!#
1!$
0!(
0!+
0!,
0!-
1!.
1!0
1!1
0!3
1!6
1!7
0!9
0!:
0!;
0!<
0!=
#318500
1&
0'
1(
1*
0+
1-
0.
10
01
02
13
04
16
18
09
1:
0<
0=
1>
1A
1D
1F
0G
0I
1J
1K
1L
1!'
1!*
1!,
1!2
0!4
0!5
0!6
0!7
1!8
1!9
1!<
#319500
1'
0/
12
14
06
08
0>
1?
1@
0A
0B
0D
1E
0F
1G
0J
0L
1!%
0!)
0!,
1!-
0!.
0!1
1!4
1!7
1!;
0!<
1!=
#320500
1$
1%
0)
1+
1,
0-
1/
00
11
02
04
15
07
18
0:
1;
0@
0C
1D
1F
1J
1L
1M
1!#
0!%
1!)
0!/
0!2
0!4
0!8
0!9
0!=
#321500
1#
0$
0%
0&
0'
0(
1)
0*
0+
0,
1-
1.
01
12
14
16
17
19
1:
0;
1<
1>
0?
1B
1C
0F
1I
0!#
0!$
0!&
1!+
1!,
1!/
1!2
1!6
0!7
1!9
1!:
0!;
#322500
1+
11
02
07
08
09
0>
0C
0D
0E
0J
0K
0L
0M
0O
0P
1!$
1!%
0!'
0!,
0!/
0!0
1!1
1!4
1!5
0!6
1!8
0!9
1!;
1!<
#323500
1'
1,
0.
0/
01
12
03
17
18
1@
1A
0B
1F
0G
1J
1L
1M
1N
1!#
0!%
0!)
1!,
0!-
1!.
1!/
1!0
0!2
1!3
0!5
1!6
1!7
0!8
1!9
0!:
0!;
0!<
#324500
1&
0'
0)
0-
1.
1/
10
11
13
04
06
08
1;
1=
1?
0A
1C
1G
0H
0N
0!#
0!$
1!%
1!&
1!'
1!)
0!,
1!-
0!.
0!1
1!2
0!3
1!5
0!6
0!7
1!8
1!:
1!;
1!<
#325500
1'
1)
1*
0+
0,
0.
00
03
16
07
19
0;
0<
1>
0?
1D
0F
0G
1H
0M
1O
1!#
1!$
0!%
0!&
0!+
1!,
0!-
1!.
0!/
0!2
0!4
0!5
1!6
1!7
0!8
0!9
0!;
#326500
1(
0)
0*
1,
0/
10
01
05
17
18
1<
0=
1?
0D
1E
1F
0H
0I
0J
1P
0!#
1!(
0!)
0!*
1!+
1!-
0!.
0!0
1!3
1!5
0!6
1!8
1!9
0!:
#327500
1%
0&
0'
0(
1)
1*
1.
1/
02
13
14
15
06
07
09
0:
0<
0?
0@
1A
0F
1G
1J
0L
1M
0P
1!#
1!%
1!&
0!(
0!+
0!,
0!-
1!.
1!1
1!2
0!<
1!=
#328500
0#
0%
1&
1'
1(
0)
1+
12
03
17
19
1:
1=
1?
1B
1D
0E
1F
0G
1H
0J
0M
1N
0O
1P
0!%
0!&
0!'
1!)
1!*
1!-
0!.
0!1
0!2
0!3
1!4
0!7
0!8
1!:
1!;
1!<
0!=
#329500
1%
0'
0(
1)
0*
0+
0,
0.
0/
11
02
05
16
07
08
0:
1<
0=
0C
0F
0H
1I
1K
1M
0N
0!$
1!%
1!'
0!*
1!+
1!,
1!2
0!4
1!7
0!9
0!<
#330500
1'
0)
1-
00
01
12
15
18
1;
1=
0B
1C
1E
1F
1G
1H
0M
0P
0!#
0!,
1!0
0!2
1!4
1!6
1!8
1!9
#331500
1#
0&
0'
1)
10
11
02
13
05
06
08
09
1:
0<
0A
0C
0G
0I
1J
0K
1L
1P
0!%
1!*
0!+
1!,
0!0
1!1
0!4
0!6
0!7
0!8
0!9
0!:
#332500
1(
1*
1+
1.
1/
12
03
04
18
0;
0=
1C
0D
0F
0H
1I
0J
0L
1N
1O
1!#
0!'
0!)
0!*
1!+
0!,
1!2
1!4
1!9
#333500
1'
0)
0*
0+
1,
0/
00
02
13
15
0:
1<
0>
0?
1B
0C
1F
1H
1K
0N
0!#
1!$
1!%
1!(
1!*
0!+
1!,
1!/
1!0
0!1
0!5
1!6
1!8
0!;
1!=
#334500
1&
0(
1)
1+
0,
0-
01
12
05
16
19
1:
1;
1>
1A
0B
1C
0E
0F
1G
0H
0I
0K
1M
1N
1!)
0!*
1!+
0!/
0!2
0!4
1!5
0!6
0!8
0!9
1!:
0!=
#335500
1$
0%
0&
1(
1,
11
02
03
14
08
09
0;
0<
1=
1@
0A
0C
1D
1E
0M
0N
0O
0!(
0!)
0!+
0!,
0!-
1!.
1!/
0!0
1!1
1!2
1!7
1!;
#336500
1%
0'
0)
0+
0,
0.
1/
01
04
18
19
1<
0=
0>
1?
1A
0D
0E
1F
0G
1H
0!%
1!&
1!(
1!*
1!+
1!,
1!-
0!.
0!/
0!2
1!4
1!6
0!7
0!;
1!=
#337500
1'
1,
13
14
15
06
08
09
0<
1=
1>
0@
0A
1B
0F
0H
1I
1K
1M
1O
0!$
0!&
0!*
1!0
0!1
1!3
0!4
0!5
1!8
1!9
0!:
1!<
0!=
#338500
0"
0#
0$
0%
0'
1)
1-
1.
0/
10
03
04
16
0:
1<
0>
1@
1A
1C
1E
1F
1G
1H
0I
1J
1L
1N
0O
0P
1!#
1!%
0!,
0!-
1!.
1!/
0!0
1!2
0!3
1!4
0!6
0!9
1!:
#339500
1+
0-
0.
00
11
12
13
05
0<
0=
1>
0A
0B
1D
0F
0G
0H
0J
0N
1O
0!(
1!*
0!+
1!,
1!0
1!1
0!2
1!3
0!4
1!=
#340500
1&
1'
0,
1-
1.
10
02
15
06
18
19
0>
0@
1A
1B
0D
1F
1H
1J
0K
0M
0O
0!%
1!'
1!)
0!,
0!/
0!3
1!6
1!7
0!8
1!;
0!<
#341500
1*
1,
0-
0.
1/
00
01
14
05
16
17
08
09
1=
1>
0A
0B
0C
1D
0E
0F
1I
0J
1K
0L
1O
1!$
1!&
1!(
1!-
0!.
1!/
1!2
1!5
0!6
1!8
1!9
0!:
1!<
#342500
1%
0&
0'
0(
0*
0+
0,
1.
10
03
04
15
06
07
1;
1<
0>
0?
1@
1A
0D
1G
0H
0I
1J
1N
1P
0!(
1!+
0!/
0!1
1!4
0!7
0!8
1!:
0!;
0!<
#343500
0!
0%
1(
0)
1*
1-
0.
0/
11
13
05
16
1:
0<
1?
1D
1H
1I
1M
0N
0P
0!#
0!*
0!+
1!,
0!-
1!.
1!/
0!2
1!3
0!4
0!5
0!:
#344500
1)
1+
1.
12
03
15
06
0=
0?
0@
1B
1E
1F
0G
0H
1L
0M
1!%
0!&
0!)
0!,
0!/
1!1
1!4
1!5
1!8
0!9
1!;
#345500
1'
0(
0)
0+
0-
1/
18
19
0:
0;
1<
1=
0A
1C
0D
0F
1G
1H
0I
0K
0L
0O
1!#
1!&
0!'
1!)
1!,
1!-
0!.
0!0
0!4
0!5
1!6
1!9
#346500
1(
0*
1-
0.
0/
01
13
14
17
08
1:
0<
0=
1?
1A
1D
1K
1M
1N
0!%
0!&
0!,
0!-
1!.
1!0
0!1
1!2
0!3
0!8
0!9
0!;
#347500
1*
1+
0-
1.
1/
00
02
03
04
05
07
0:
1=
1>
0?
1@
0B
0D
1F
0H
0K
0!#
0!$
1!'
0!)
1!,
1!-
0!.
0!2
1!5
1!7
1!:
#348500
1&
1)
1-
0.
0/
16
17
18
1:
1;
1<
0=
0@
1B
0C
0F
0G
1H
1I
0J
1K
1L
0M
1!$
1!%
0!'
1!(
1!+
0!,
0!-
1!.
1!/
0!0
1!2
1!3
0!5
1!;
0!=
#349500
1%
0&
0'
0(
0)
0*
0+
1,
0-
1.
12
13
15
07
08
1=
0E
1F
1J
0K
0L
0N
0!$
0!%
1!*
1!0
1!5
0!7
1!8
1!9
0!;
1!<
1!=
#350500
1)
1-
10
03
06
17
0:
0<
1?
1@
0A
1C
1E
0H
0I
1L
1M
1O
1!&
0!*
1!,
1!-
0!.
0!/
0!0
0!6
1!7
0!8
0!9
0!:
#351500
1(
0)
1*
0,
0-
1/
00
11
02
14
16
18
09
0;
0?
1A
0C
1D
1G
1I
0J
1K
0O
1!#
1!%
0!(
1!*
0!,
0!-
1!.
1!0
0!3
0!5
1!6
#352500
0%
0(
0*
0.
13
04
05
06
08
1:
1;
0>
0@
0E
0F
0G
1H
1J
0!&
1!'
0!*
0!+
1!,
1!/
0!0
1!3
1!4
1!5
1!8
1!:
#353500
1'
1)
1*
1+
0/
10
03
14
15
18
19
0:
0;
1?
1@
1E
0H
0L
0M
1N
0!#
1!+
1!-
0!.
0!/
1!0
0!2
0!3
0!4
0!5
0!7
0!=
#354500
1&
0'
0)
0*
0+
1-
1.
12
16
07
09
1<
0=
1>
0?
1F
0I
1L
1M
0N
1!#
1!&
0!'
1!)
0!+
0!,
0!0
1!2
1!4
0!6
1!7
0!8
1!9
1!;
#355500
1(
1*
1+
00
01
02
13
06
17
0<
1=
0@
0A
1I
0L
0M
1N
0!#
0!&
1!*
1!+
1!,
0!-
1!.
1!/
0!7
1!8
0!9
0!:
0!;
#356500
1'
0(
1)
0*
1,
0.
1/
10
11
05
19
1:
1;
0=
0>
1?
1@
1A
0D
1H
0I
0J
0N
1!#
1!$
1!&
0!)
0!*
0!,
1!-
0!.
0!/
1!1
1!3
0!4
1!5
1!7
0!8
#357500
1%
0&
0'
1(
0)
0+
01
03
1<
1=
0A
0E
0F
0H
1I
1J
1L
1N
1O
0!%
1!'
1!)
1!,
1!/
0!2
1!4
0!5
#358500
1'
0(
1)
1*
0-
00
11
13
04
15
07
09
0;
1>
0?
0@
1E
0I
0L
0N
0O
1!%
0!&
0!'
1!(
0!,
0!-
1!.
1!0
0!3
0!4
1!5
0!7
0!<
1!=
#359500
1$
0%
0'
0)
0*
1-
14
16
17
08
19
1;
0<
0=
0>
1?
1@
0B
1C
1D
0E
1G
0K
1L
1M
1N
0!#
0!$
1!*
0!+
1!,
0!0
0!1
1!2
1!3
1!7
1!9
1!:
#360500
1'
1(
1)
1*
1+
0,
0-
03
18
0:
0;
1<
1>
0@
1A
1E
1F
0G
0L
1!'
0!)
1!+
0!,
1!-
0!.
0!/
0!2
0!7
1!;
#361500
1&
0'
0)
0+
1,
1.
0/
10
01
05
06
08
1:
1;
0>
1@
0C
0D
0E
1G
1H
1K
1L
0M
0N
1!#
0!(
0!+
0!-
1!.
1!/
1!1
1!2
1!4
0!5
0!9
#362500
0$
0&
1'
0(
1)
0*
1+
0.
1/
00
15
07
18
09
0@
1B
1C
1D
0G
1I
0K
1M
1!$
0!%
1!&
1!)
0!*
1!,
0!1
0!4
1!6
1!8
#363500
0'
1-
1.
10
11
12
05
16
17
0;
0?
1@
0B
1E
0I
0!&
0!'
1!(
1!*
1!+
0!,
0!/
1!0
0!6
1!7
1!9
0!:
0!=
#364500
1(
0)
0+
0-
0.
0/
00
01
02
04
15
08
0<
1?
0A
1B
0C
0E
0F
1G
0!#
0!$
1!%
1!&
1!'
0!(
0!)
0!*
1!,
1!-
0!.
1!/
0!0
0!2
0!8
1!:
0!;
1!=
#365500
1)
1*
1+
0,
1-
11
13
06
07
19
0:
1;
1=
0@
0B
1E
1F
0G
1I
0L
1!#
1!)
1!*
0!+
0!,
0!3
0!7
1!8
0!9
0!:
1!;
#366500
1&
0(
0)
0+
01
12
03
05
09
0;
1<
0=
1>
1A
1B
0E
1G
0H
0I
0J
1L
0M
1!(
0!)
1!,
0!-
1!.
1!1
1!2
1!5
0!8
1!9
1!:
1!<
0!=
#367500
1,
0-
13
15
16
17
19
0<
0?
0A
0B
1C
1H
1N
1!$
0!%
0!'
0!(
0!*
1!-
0!.
0!9
0!:
0!;
0!<
1!=
#368500
1)
0*
0,
1.
11
05
18
1<
1=
0>
1?
0C
0F
0G
1I
0L
1M
0N
0!#
1!%
0!&
1!'
1!(
1!)
1!*
1!+
0!,
0!-
1!.
0!2
1!4
1!6
1!8
1!9
1!:
1!;
0!=
#369500
1%
0&
1*
1+
1-
0.
03
06
07
08
1:
1;
0<
0=
1@
1A
1B
1F
1G
0H
0I
1N
1O
1!#
0!$
0!%
0!)
0!+
1!,
1!0
1!3
0!4
0!5
1!7
0!9
#370500
1(
0*
1/
10
01
02
14
16
18
0:
1>
0@
1C
0F
1H
1I
1K
0O
1!%
1!&
0!(
0!0
1!4
0!8
1!9
0!:
0!;
1!<
#371500
1'
0(
0)
1,
0-
1.
00
11
13
15
17
08
09
0?
1@
0A
1E
0G
0I
0K
0N
1O
1P
1!$
0!%
1!(
1!)
1!0
0!1
0!7
0!9
1!;
#372500
1&
0'
1(
1)
1*
0+
0,
0.
12
04
05
06
07
1:
0;
1?
0@
1A
0C
1F
1J
1K
0M
1N
0O
0P
0!$
0!&
0!'
0!)
0!,
1!-
0!.
0!/
0!3
0!4
0!6
1!8
1!9
0!<
#373500
1'
0*
1+
1-
10
01
03
14
17
19
0:
1;
1@
0A
0B
1C
0D
0E
0F
0H
1L
1O
1!&
1!'
0!(
0!-
1!.
0!0
1!1
1!3
1!4
1!6
1!7
0!9
1!:
1!<
#374500
1*
0+
1,
0-
1.
11
13
15
07
18
0;
1=
0>
0?
0@
1I
0L
0!'
1!)
1!+
1!,
1!-
0!.
1!0
1!2
0!3
0!4
0!6
0!;
#375500
1!
1"
1#
0(
0*
1-
0.
01
02
03
05
16
17
08
09
1<
0=
1?
1@
1A
0C
1D
1E
1F
1G
1H
0J
0K
1M
0O
1!%
1!'
1!(
0!)
0!*
0!+
0!,
0!0
0!2
1!3
1!4
1!5
0!7
0!8
1!9
1!;
1!=
#376500
1$
0%
0&
0)
0,
0/
12
13
15
07
18
0<
1=
1>
0A
1B
1C
0D
0E
0F
0G
1J
1!$
1!)
1!+
1!,
0!-
1!.
1!/
1!0
0!1
1!6
1!7
0!:
0!<
#377500
1&
0'
1)
00
11
03
1:
0?
0@
0C
1D
1E
1K
1L
0!%
0!&
0!'
0!)
1!*
0!+
0!,
1!-
0!.
0!/
0!0
1!2
0!4
0!6
0!7
1!8
1!<
#378500
1(
0)
1+
1,
10
01
02
04
05
08
19
0:
1;
0=
1@
0B
1C
0D
0H
0I
0L
0M
0N
1O
1P
1!%
1!&
0!*
1!/
0!3
1!4
1!6
0!8
0!9
1!:
0!=
#379500
1.
00
11
12
13
06
17
09
1:
0;
0>
0@
1A
0C
1D
1F
1L
0P
1!*
1!+
1!,
1!1
0!2
1!3
0!4
0!5
1!9
#380500
1%
0&
1)
0.
1/
10
14
15
16
18
19
1;
1>
1?
1B
1C
0D
0E
0F
1H
0L
1M
1N
0O
1P
0!&
1!'
0!(
0!+
0!,
0!-
1!.
0!/
1!4
0!:
0!;
1!=
#381500
0"
0#
0$
0%
1&
0(
1*
0,
1.
00
01
02
04
06
09
0;
0>
0A
0B
0C
1D
1E
1F
1G
0H
1I
0N
0P
0!%
1!&
1!+
1!,
1!-
0!.
0!1
0!3
1!5
1!8
0!9
1!;
#382500
1(
0)
0+
1,
0-
0/
12
03
16
08
0:
1;
1=
1>
1@
1A
1B
0D
0E
0F
1H
0J
1O
0!#
0!$
0!'
1!)
0!,
1!2
1!3
0!5
1!7
0!8
1!9
0!;
0!<
#383500
1'
0(
0*
0,
11
13
05
06
18
19
0>
0?
1C
0G
1J
0K
1N
1!#
1!$
1!%
0!&
1!'
1!(
0!*
0!+
1!,
1!/
1!0
1!5
0!6
1!:
#384500
1#
1%
0'
1*
1-
0.
16
07
08
09
1:
0;
0=
1>
0B
0C
1D
1F
0J
0!,
0!-
1!.
0!/
0!3
0!4
1!6
0!7
1!8
0!9
#385500
1)
0*
1+
1.
1/
10
02
03
15
06
17
18
19
0:
1<
1=
0>
0A
0D
1E
0F
1G
0H
0I
1L
1!&
0!(
1!,
1!-
0!.
1!1
0!5
1!9
1!<
0!=
#386500
1*
0-
0.
0/
14
16
08
1:
1;
1>
0@
0E
1H
1I
1J
1K
1!*
0!,
0!-
1!.
1!/
0!0
1!4
0!6
1!7
0!9
0!:
1!;
#387500
1$
0%
0&
0)
1,
1-
01
12
13
04
09
0:
0;
1A
1D
1F
0H
0I
0K
1!+
1!,
1!-
0!.
0!/
1!0
0!1
1!3
1!5
1!:
0!;
#388500
1(
1)
0*
0,
0-
1.
1/
02
03
05
06
18
1;
0<
1?
0A
1E
0F
0G
1H
0J
0!%
0!&
0!+
1!1
1!6
0!8
1!9
0!:
0!<
1!=
#389500
1&
1'
0(
1*
1,
1-
0.
0/
00
11
12
13
15
16
1:
0?
1@
1C
0D
0E
0H
1I
1K
0O
0!)
0!*
1!+
0!,
1!/
0!0
0!2
0!7
1!8
0!9
1!;
#390500
1(
0)
0*
0-
1/
10
03
14
05
06
08
19
1<
0@
1A
0C
1E
1H
0I
1J
0L
1O
1!%
1!&
1!)
1!*
0!+
1!,
0!-
1!.
1!0
1!2
0!3
0!8
1!:
0!;
1!<
#391500
1"
0$
1%
0&
0'
1)
1*
0,
1-
01
09
0:
0;
0<
0=
0>
0A
1B
1C
0E
1F
1G
0H
1I
0J
0K
0M
0N
0!#
0!$
0!&
0!'
1!(
0!,
1!3
0!5
1!7
1!;
0!<
0!=
#392500
1$
0%
0(
0-
0/
00
11
13
04
18
1:
1;
1=
0B
0C
0G
1H
1L
1M
1N
0O
1P
1!#
1!&
0!*
1!-
0!.
0!0
0!1
0!7
1!8
0!:
0!;
1!<
1!=
#393500
1(
0*
0+
1.
1/
01
02
03
14
15
08
1?
1C
1E
1G
0H
0I
1J
0L
0M
0N
0P
0!%
0!)
1!+
1!,
0!/
1!1
0!2
1!9
#394500
1'
0(
0/
10
07
18
19
0:
1>
1A
1B
0F
1I
0J
1K
1L
1O
1P
1!%
0!&
1!*
0!-
1!.
1!/
1!0
1!2
0!3
0!4
0!6
0!8
1!;
0!<
0!=
#395500
0$
0'
1(
0)
1-
0.
1/
00
11
04
05
08
0>
0?
1@
0A
0E
1F
1H
0I
1J
1M
1N
0!#
1!$
1!&
1!)
0!0
0!1
1!3
1!5
1!6
1!8
0!9
0!;
1!=
#396500
0"
0#
1$
1&
1'
1)
0-
10
01
12
16
18
0;
0=
1>
1?
1D
0G
1I
0M
0N
0!%
0!&
0!(
0!*
0!+
0!/
1!0
0!2
0!8
1!<
#397500
0&
0'
1*
1-
1.
11
13
15
17
08
1;
1<
1=
0?
1A
0B
0C
1E
0F
0J
0K
0O
1!#
1!%
1!'
1!+
0!,
0!0
1!1
1!2
0!6
1!7
1!8
1!:
1!;
0!<
#398500
1&
0)
0*
1+
0-
0.
01
03
14
05
07
0;
0=
1?
1C
0D
0E
1F
0H
0I
1J
0L
1N
0!%
1!&
0!+
1!/
0!1
0!2
0!3
1!4
0!5
0!8
1!9
0!:
1!<
0!=
#399500
1'
1)
1*
0+
1-
0/
00
02
13
04
17
1:
0<
1=
0@
1B
0C
0F
1H
1I
1L
0N
1!%
0!&
0!'
1!(
0!)
1!*
1!0
1!2
1!3
1!5
1!6
0!9
1!:
0!;
1!=
#400500
1#
0$
1%
0&
0'
0)
0*
1,
1/
10
11
12
03
15
18
1;
1<
0=
0?
1@
0B
1C
1F
0H
0J
1K
1O
0P
1!&
1!'
1!)
0!*
1!1
0!2
0!4
0!6
1!8
1!9
1!;
0!<
0!=
#401500
1'
0(
1)
1+
1.
02
13
05
06
07
08
09
0<
0@
0A
0C
1G
0I
1N
0O
1P
0!&
0!'
0!(
1!-
0!.
0!/
1!2
0!5
0!9
0!:
1!<
#402500
1&
0'
1*
0+
0,
0/
00
01
12
15
16
0:
0;
1<
1=
0>
1@
1A
1D
1H
0K
0L
1O
0!#
1!(
0!)
1!,
0!0
1!5
1!6
0!7
1!9
1!:
0!<
1!=
#403500
1(
0)
0*
1,
0-
0.
02
14
06
18
19
0<
0=
1>
1?
0@
1C
0F
0G
0H
1J
1M
0O
0!$
1!)
1!/
0!1
0!2
0!3
0!6
1!7
0!8
0!:
0!;
1!<
0!=
#404500
1'
1-
11
03
04
16
08
1:
1=
1@
0C
1E
1G
1I
0J
1O
1!#
1!$
0!,
0!/
1!1
1!3
1!8
0!9
#405500
1)
1+
0,
1.
1/
13
14
05
18
1;
0A
1B
0D
1F
1H
0I
0O
0P
1!&
1!+
1!,
1!0
0!1
1!2
0!5
0!7
0!8
1!9
1!;
#406500
1$
0%
0'
0+
0/
12
04
15
08
09
0;
1<
0=
0>
1D
0F
1L
0M
0N
1O
0!%
0!,
0!-
1!.
0!0
0!3
1!4
1!5
1!6
1!7
0!9
1!:
#407500
1'
0(
1*
1+
1/
01
02
14
05
17
1;
0?
0@
1C
1F
0G
0H
1I
1K
0L
1N
0!#
1!%
1!*
1!/
1!1
0!4
0!5
1!9
0!<
1!=
#408500
1%
0&
0'
1(
0*
1,
10
19
0:
0;
0<
1>
1@
1A
0B
0C
0D
1G
1L
1M
0N
1!#
0!&
0!)
0!*
0!+
1!,
1!-
0!.
0!/
1!0
0!1
0!2
1!5
0!6
0!:
1!<
#409500
1'
0(
11
12
03
15
07
1:
1=
0A
1B
1C
1D
0E
0F
0G
1H
0K
0M
0O
0!#
0!$
0!%
1!&
1!'
0!(
1!+
0!,
0!5
0!9
0!=
#410500
1(
0)
1*
0+
0.
0/
04
05
06
17
1<
0=
0@
1A
0D
1E
1F
1G
1K
0L
1M
1!*
0!+
1!,
0!0
1!5
1!6
0!7
1!8
1!9
0!;
0!<
#411500
1&
0'
0(
0*
00
15
07
18
09
0:
1;
1=
1?
0A
0B
0H
0I
1L
1O
1!%
0!'
1!)
1!0
1!1
1!3
0!6
0!9
1!<
1!=
#412500
1"
0#
0&
1(
0,
0-
01
02
13
14
16
08
19
1:
0;
0<
1A
1B
1D
0E
0G
1I
0K
0O
1!#
0!%
1!'
0!,
0!1
0!3
1!4
0!8
1!9
1!:
1!;
0!<
#413500
1*
1-
11
03
04
06
17
09
1;
1<
0=
0?
0A
0C
0D
1E
0F
1G
1J
1K
0L
1P
0!&
0!'
1!+
1!,
0!-
1!.
1!/
1!1
1!3
0!4
0!5
1!6
1!7
1!8
0!9
0!:
1!<
#414500
1&
0*
1+
10
01
13
19
0:
0;
1?
1A
1C
1D
0E
1F
0G
0I
0K
1L
1N
1O
0P
1!%
1!(
0!)
0!+
0!0
0!1
0!3
1!4
1!5
0!6
0!7
0!8
1!9
0!<
#415500
1#
0$
0%
0&
0(
0+
00
11
14
16
07
0<
0>
0?
1@
0A
0B
1E
1G
0J
0M
0N
0O
1!'
0!(
1!)
0!*
1!+
0!,
1!-
0!.
0!/
1!0
1!6
#416500
1(
1)
1+
1/
03
05
06
09
1:
1;
1=
1>
1?
0@
1B
0D
0E
0F
0G
1H
0L
1N
0!#
1!(
0!-
1!.
1!1
1!2
0!6
1!8
#417500
1'
0(
0)
0-
10
01
12
13
15
0:
0=
0>
0?
1@
1A
0C
0H
1I
1J
0N
1!#
0!%
0!'
0!)
0!+
1!,
1!-
0!.
1!/
0!0
0!1
0!2
1!7
0!9
1!<
#418500
1%
0'
1(
1)
1*
1,
1.
0/
00
03
04
05
16
19
1:
1<
1=
0@
0A
0B
1C
1D
0I
0J
1N
0!#
1!%
1!'
1!)
1!*
1!+
0!,
0!-
1!.
0!/
1!0
1!1
1!2
1!6
0!7
0!8
1!9
0!;
#419500
1'
0(
0)
0*
0,
0.
10
11
02
15
0:
0;
0<
0=
1?
1@
1B
1E
1G
1I
1J
1K
1M
1!,
1!/
0!0
0!2
1!3
0!4
0!6
1!;
0!<
#420500
1(
1,
1.
01
13
14
09
1:
1;
1>
0?
0B
0D
0E
1F
1H
0K
1L
0M
0N
1!#
1!$
0!%
0!'
0!)
0!+
0!,
1!2
0!3
1!4
0!5
1!6
0!9
1!:
0!;
#421500
1&
0(
1)
0+
0,
1-
0.
12
04
05
17
19
0;
1<
1=
1A
1E
0G
0H
0I
0J
1K
1N
1O
1!%
1!)
0!*
1!,
1!-
0!.
0!/
0!2
1!5
0!6
1!8
0!:
1!<
#422500
0!
0"
0#
0%
0&
0'
1(
0)
1*
1+
1,
0-
1/
11
03
14
15
18
09
0:
0<
0=
0@
0A
1D
0E
1G
1H
1I
0!%
0!)
1!+
0!,
1!2
1!3
0!5
1!6
1!9
1!;
0!<
#423500
1)
0+
1-
13
06
19
1<
1=
0>
1?
1@
0C
1E
0F
0G
0H
0K
0N
1!%
1!'
1!)
1!*
0!+
1!,
0!-
1!.
1!/
1!0
0!1
0!3
1!5
0!6
1!7
0!8
0!9
1!:
0!;
1!<
#424500
1'
0)
02
03
04
09
1>
0?
0@
1A
1B
1C
0D
0E
1F
1G
0I
1M
1N
0O
1P
0!#
0!$
0!'
0!(
0!*
1!+
0!,
1!1
1!6
0!7
1!;
0!=
#425500
1&
0'
0(
0*
0-
1.
00
01
13
16
07
19
1;
0=
1@
0B
1D
1E
1J
1O
0P
1!#
1!'
0!)
0!+
1!,
1!-
0!.
0!/
0!2
1!3
0!5
1!7
1!8
1!9
0!:
0!<
#426500
1'
0,
0.
0/
10
03
14
05
08
1=
0>
0@
0A
0D
0E
0F
0G
1I
1K
0L
1P
1!$
1!&
0!'
1!)
1!*
0!,
0!-
1!.
1!/
0!0
0!1
1!2
0!6
0!7
0!8
0!9
1!:
1!<
#427500
1%
0&
0'
1*
1+
1,
1/
00
13
06
18
09
1:
0<
1?
1A
1B
0C
1D
0I
0N
0O
0!#
1!'
0!)
1!,
0!/
1!1
0!4
1!5
1!6
1!9
0!;
#428500
1)
0+
1-
1.
11
03
04
17
0;
1<
0=
1>
0?
0A
0B
1C
0D
1G
1H
0K
1N
1!#
0!'
1!+
0!,
1!/
1!0
0!2
0!3
1!4
0!5
1!7
0!9
#429500
1&
1(
0)
0*
0.
0/
10
12
15
1;
1@
1B
1E
0J
1K
1L
0N
0!#
0!$
0!%
0!&
0!*
0!+
1!,
0!4
1!5
0!7
1!8
1!9
#430500
0%
0&
0(
1+
0-
1.
00
02
14
05
16
19
0;
0<
1A
0B
0C
0E
0H
1J
0K
0L
0M
0P
1!&
1!'
1!+
0!,
1!-
0!.
0!/
1!2
0!5
0!6
0!8
0!9
1!;
#431500
1'
1(
1*
10
07
08
1<
1=
0>
1C
1E
0G
1H
0J
1!(
1!*
0!+
1!,
1!3
1!4
1!8
1!9
0!:
#432500
1&
1)
0+
00
01
12
04
15
17
18
0:
1;
0<
0=
0@
0A
1B
1D
0E
1F
1G
1K
1L
1!#
1!%
0!'
0!(
0!*
0!0
0!1
0!2
1!5
1!6
1!7
0!8
#433500
1%
0'
0(
0)
0*
0,
11
02
05
07
08
09
1<
1>
1@
1A
0B
0C
1E
0F
0H
1I
1J
0!&
1!(
0!,
0!-
1!.
1!/
1!0
1!2
0!3
0!5
0!9
1!:
1!=
#434500
1*
1+
1-
0.
15
17
1:
1?
0@
1B
1H
0I
0J
0K
0L
0!#
0!%
1!&
1!,
1!1
0!2
1!5
0!6
0!7
1!9
0!;
#435500
1(
1/
10
01
18
0:
0;
1=
0>
0?
1@
0A
0B
1C
0E
1F
0G
0H
1I
1!$
1!%
0!&
1!'
1!*
1!+
0!,
0!/
1!2
1!3
0!5
1!;
0!<
#436500
1$
0%
0&
1'
0(
0+
0/
00
12
13
14
05
06
08
19
0<
1B
0D
1G
1H
0I
1K
1L
1M
1N
1!#
0!$
1!)
0!*
0!+
1!5
1!6
1!7
1!8
0!9
0!:
0!;
1!<
0!=
#437500
1&
1+
1,
03
04
15
16
09
0=
0B
1E
0F
0G
1I
1J
0N
0!#
1!$
0!%
1!*
1!+
1!,
1!/
0!1
0!5
0!6
1!9
1!:
1!;
#438500
1(
1)
0+
1.
10
11
02
14
05
06
07
18
1:
1;
1<
1>
1?
1B
0E
0K
0L
1N
1!#
0!'
0!+
1!-
0!.
0!/
1!1
0!2
1!5
1!6
0!8
0!9
1!=
#439500
0$
0&
0'
0(
0)
0*
0-
01
13
04
16
08
19
0<
1=
0?
0@
1A
0B
1D
1E
0I
0J
1K
1L
0N
1!%
1!&
0!(
0!)
0!,
0!1
0!3
0!4
1!8
1!9
0!;
0!=
#440500
1'
1(
1+
0,
1-
0.
00
11
15
17
09
0;
0=
0>
1@
1B
0C
0D
1G
1I
1J
0M
1N
0!%
0!&
1!+
1!,
1!4
0!5
0!7
1!;
0!<
#441500
1!
1"
1$
0(
1)
1*
1/
01
12
06
07
18
0:
1;
1<
1?
0A
0B
1C
1F
0I
0J
0K
0L
1O
1P
0!#
1!%
1!'
1!)
0!,
0!-
1!.
0!0
1!1
1!2
0!4
1!5
0!6
1!7
0!8
0!9
#442500
0"
1#
1%
1&
0'
1(
0*
1,
1.
0/
10
03
05
19
0;
1=
1>
0?
1A
1B
0C
1D
0F
1I
1K
1M
0N
1!&
0!'
0!*
1!-
0!.
1!/
1!4
1!6
1!9
0!:
1!=
#443500
1'
0(
1*
0+
11
13
14
08
1:
0@
0A
1C
1F
0H
0I
0!$
0!%
0!)
0!+
1!,
0!-
1!.
0!2
1!3
0!4
0!5
0!7
0!9
0!;
#444500
1"
0$
0%
0'
1(
0)
0*
0,
0-
0.
02
03
04
0>
1?
0C
0D
0E
0F
0G
1J
0K
0O
1!#
1!%
0!&
1!(
1!)
1!*
0!/
1!0
0!3
1!4
1!9
#445500
1*
1,
1.
1/
00
01
12
13
14
17
18
0:
1;
0<
0=
1>
1@
1A
1C
1E
1G
1H
0J
1K
1L
0P
1!'
1!+
1!-
0!.
0!1
0!4
1!8
1!:
1!;
1!<
0!=
#446500
1%
0(
0*
0,
0/
10
02
03
16
08
1:
0;
0@
0A
0B
0C
1D
1F
0G
0H
0K
0L
1P
0!#
0!,
0!-
1!.
1!/
0!0
1!3
1!5
1!7
0!9
#447500
1*
1,
1-
0.
00
18
09
0:
0?
0D
0E
0F
1G
1I
1J
1L
1N
0P
1!#
0!%
0!'
0!(
0!+
1!,
0!6
0!8
1!9
#448500
0!
0"
0#
0%
0&
1(
1/
13
04
15
08
1;
1?
1@
1A
1C
1D
1F
0G
0I
0J
0N
1P
1!%
1!&
1!'
1!(
0!*
0!,
1!0
1!2
1!8
0!9
0!;
0!<
1!=
#449500
1'
0,
1.
10
11
12
03
05
18
19
1:
0@
0A
0C
1E
1G
0M
1N
0P
0!#
1!$
0!'
0!(
1!*
1!+
1!,
0!0
1!4
0!7
0!8
0!:
1!<
0!=
#450500
1%
0'
0(
0-
0.
00
01
13
14
15
06
07
09
0:
1=
0>
0?
1A
1I
1K
0L
0N
1O
0!&
1!'
1!(
0!)
0!*
0!+
0!,
1!-
0!.
0!4
1!7
1!=
#451500
1(
1+
1-
11
02
03
05
16
17
19
1:
0;
0=
1?
1@
0A
0E
0F
1L
0!$
1!+
1!,
0!-
1!.
1!4
0!7
1!8
1!9
1!:
1!;
#452500
1'
0(
1)
0*
0/
10
01
12
15
07
0:
1;
1<
0?
1A
1C
1F
0I
0L
1M
1N
1P
0!%
1!&
0!(
0!+
0!,
1!-
0!.
0!2
0!5
1!6
0!8
0!:
0!<
0!=
#453500
1&
0'
1(
0)
1*
1,
0-
11
04
06
17
0;
1?
1E
0F
0G
1H
1I
0K
1L
1!#
1!%
0!&
1!)
1!+
0!-
1!.
1!0
1!1
1!2
0!6
1!8
0!9
1!:
0!;
1!=
#454500
1)
0*
0+
1-
1/
13
05
16
08
0<
1=
0@
0C
1F
1J
0L
0M
0N
1!$
1!&
0!'
0!)
1!*
0!+
1!-
0!.
0!/
0!0
0!1
0!4
1!6
1!7
0!8
1!9
1!;
0!=
#455500
1$
0%
0&
1+
0,
1.
0/
00
02
03
14
09
1<
0=
1>
1@
1B
1C
0F
1G
1N
0!#
0!&
1!'
1!(
1!)
0!*
1!+
1!,
1!4
0!7
0!:
0!;
1!<
1!=
#456500
1&
1'
0(
0)
1*
0-
1/
01
13
15
19
1:
0<
1=
0>
0?
0@
0A
0B
0D
0G
0H
0J
1K
0N
0O
0!%
0!)
0!,
0!-
1!.
1!0
1!1
0!2
0!3
0!4
1!5
0!6
1!8
#457500
1(
0*
1,
1-
11
12
03
04
05
18
09
1;
1<
0=
1>
1?
1@
1A
1B
0C
1D
0E
1J
0K
1M
0!'
1!)
1!,
1!-
0!.
1!4
1!6
1!7
0!8
0!9
1!:
#458500
1%
0&
0'
0(
1)
1*
0+
0,
0.
0/
01
06
07
08
19
0<
0@
0B
0D
1E
1F
1G
0J
1L
0M
1!#
0!,
0!0
1!2
0!4
0!6
0!7
1!8
#459500
0$
0%
0)
0-
1.
14
18
09
0;
1<
1=
0?
1K
1M
0P
1!'
0!(
1!*
0!+
1!,
1!/
0!1
0!2
1!3
1!4
1!6
1!7
0!8
1!;
0!<
0!=
#460500
1-
0.
02
13
15
16
08
0:
1;
0>
1B
1C
0E
0G
1H
0I
1J
0K
0L
0M
1O
1!%
0!*
0!-
1!.
0!/
1!0
1!1
0!6
0!7
1!9
0!:
0!;
1!=
#461500
1(
0*
1+
0-
10
11
03
06
18
0=
1>
1?
1@
0A
0C
1E
1G
0H
0J
1K
1M
1N
0O
0!%
0!)
1!/
0!1
1!2
1!6
1!7
0!9
1!:
1!;
1!<
0!=
#462500
1'
1*
1-
1.
1/
00
05
16
17
19
0;
0<
0?
0@
0B
1D
0E
0G
1H
1I
0M
0N
0!#
1!)
0!,
0!0
1!1
0!2
0!3
0!6
1!8
1!9
0!:
#463500
1,
0/
01
12
13
07
1;
1?
1@
1A
1B
1E
1J
1L
1M
1O
1!#
1!(
0!)
1!*
1!+
1!,
1!-
0!.
1!3
0!4
1!6
#464500
0'
0(
1)
0,
02
06
17
08
09
0>
0@
0A
0B
1C
0D
0I
0K
0L
1!%
0!'
0!,
1!0
0!1
0!3
0!6
0!7
0!9
1!:
0!<
#465500
1'
0)
0*
0.
10
03
15
16
07
18
19
0;
1=
1>
0?
1@
1B
0E
0F
0H
1I
1L
0M
0O
0!$
0!%
1!'
0!(
1!)
0!/
0!0
1!1
1!2
0!:
0!;
1!<
#466500
1)
1*
0+
1,
1/
00
05
06
08
09
1:
1;
1<
0>
0B
0C
1F
1G
1H
0I
0J
1M
1O
1!&
0!'
1!(
0!+
0!-
1!.
1!/
1!0
0!1
0!2
1!6
0!8
1!:
0!<
#467500
1&
0'
1(
1+
0,
0-
0/
10
16
17
0:
0;
1>
1?
1E
0F
0G
1I
1N
0!#
1!$
1!%
0!*
1!+
1!,
1!-
0!.
0!0
0!6
1!8
1!9
0!:
#468500
1'
0(
0)
1-
1/
00
12
06
07
18
19
0<
0>
1A
1B
1C
0E
0H
1K
0M
0!%
1!'
0!)
0!+
0!,
1!4
0!5
1!6
0!9
1!;
#469500
1%
0&
0'
1)
0*
0+
0-
08
09
1<
0=
0?
0@
0A
0B
0C
1D
1F
1G
0I
1J
0L
1!%
1!*
1!,
0!-
1!.
1!0
1!1
1!3
1!7
0!8
1!9
1!:
1!<
#470500
1'
0)
1*
1,
1-
1.
16
0<
1=
1>
1?
1@
1C
0D
0F
0G
1H
0J
1L
1M
0!$
0!&
0!(
1!)
0!*
1!+
1!-
0!.
0!/
0!1
1!2
1!5
0!;
#471500
1&
0'
1)
0*
0/
11
04
06
19
1:
0=
0?
0@
1A
1B
1E
0K
0M
0N
0O
1!#
1!$
0!'
0!)
0!+
0!,
0!-
1!.
1!/
0!0
0!4
0!5
0!6
0!9
1!;
0!<
#472500
1'
0)
1+
0,
0-
0.
1/
10
14
0:
1<
1=
0>
0A
0E
0H
1K
1M
1P
0!#
1!&
1!)
1!*
1!,
1!8
1!9
#473500
0%
0&
1)
0+
13
15
16
18
09
0<
0=
1>
1@
1A
0B
0C
1D
1G
1H
0M
1N
0!)
0!,
1!-
0!.
0!/
1!4
1!5
0!7
0!9
0!:
0!;
1!<
#474500
1&
1(
1*
1+
1.
00
01
06
17
1:
0>
0D
1F
0G
1I
1J
0N
0P
0!&
1!(
1!)
1!/
0!3
0!4
0!5
1!6
0!8
1!:
1!;
0!<
#475500
1%
0&
0'
0)
1,
1-
0.
02
04
19
0:
1;
1<
1=
1>
1B
1G
0H
0I
0K
1N
0!$
0!%
0!*
1!+
0!-
1!.
1!1
1!5
1!7
1!8
1!9
0!:
1!=
#476500
1)
0*
0+
0,
0/
16
08
09
0<
0>
0A
0B
0F
0G
1H
1M
0N
1!#
1!&
1!'
0!)
1!*
1!0
1!3
0!8
0!9
1!:
1!<
0!=
#477500
1*
1+
1.
1/
10
11
12
05
06
18
19
1:
1?
1C
1D
1E
1F
1I
0J
1K
0L
0!#
1!$
1!%
0!(
0!*
1!,
1!-
0!.
0!/
0!3
0!7
1!8
0!:
0!<
1!=
#478500
1&
1'
0(
0*
0+
0/
02
03
14
1<
0=
1>
0?
1A
0C
0E
0H
0I
1L
0M
1N
0!&
1!(
0!-
1!.
1!/
0!1
1!3
0!6
1!7
1!:
0!;
#479500
1*
1+
1,
0-
0.
00
12
15
09
0:
0>
1?
0@
1C
0D
1E
0F
1G
1I
0K
0N
0!%
1!&
0!(
1!)
0!+
0!,
1!1
0!3
0!5
0!7
1!9
1!;
1!<
#480500
1$
0%
0&
0'
0*
0+
0,
1-
01
13
04
07
08
19
1:
0;
0<
0?
1@
0A
1D
1F
1H
1J
1K
0!$
0!&
0!'
0!)
1!+
1!,
1!-
0!.
0!/
0!1
1!3
1!4
1!5
0!9
0!;
#481500
1,
0-
1.
10
11
14
05
16
0:
1A
1B
0E
0F
0G
0K
1!%
1!'
1!(
1!)
0!+
0!,
0!-
1!.
1!/
0!0
0!3
0!4
1!6
0!8
0!=
#482500
1*
1+
00
02
03
04
06
18
09
1:
1>
1?
0A
0C
0D
1E
1F
0I
1K
0L
1M
1N
1!&
0!(
0!)
1!,
1!1
0!2
1!3
1!4
0!5
0!6
1!;
0!<
1!=
#483500
1&
1(
0)
0+
1/
13
19
0:
1;
1<
0?
0@
0H
1I
0J
0N
1P
1!#
0!%
0!'
1!*
1!+
0!,
1!-
0!.
0!/
1!0
0!1
1!2
0!3
0!4
1!6
1!7
1!9
0!:
1!<
#484500
1+
0,
1-
10
03
14
16
08
1:
0;
0<
1@
1D
0F
1G
1H
0I
0K
1L
1N
1!%
0!&
1!'
1!(
1!)
0!+
1!,
0!0
1!1
1!3
1!5
0!6
0!7
1!:
0!<
0!=
#485500
1%
0&
0(
1)
0*
1,
0-
00
04
15
18
09
0:
1;
1=
1?
0@
1A
0B
0E
0H
1J
1K
0L
0!%
0!(
0!)
0!,
1!/
0!1
1!4
0!5
1!6
1!7
0!9
0!;
1!=
#486500
1'
1(
0)
0+
1-
0.
0/
10
14
06
08
19
1:
0;
0>
0A
0D
1E
0G
0J
1L
0N
0!*
0!-
1!.
1!0
1!1
0!3
0!4
1!5
0!6
0!7
0!:
1!;
0!=
#487500
0$
0%
1&
1+
0,
0-
1.
1/
12
17
18
09
0:
1;
0=
0?
1@
1C
1D
0E
1H
1J
0K
1O
0!#
1!%
1!&
0!'
1!(
1!)
1!-
0!.
0!/
0!0
0!1
0!2
1!3
1!7
1!8
0!;
1!<
#488500
0&
0'
1)
1,
0/
01
04
05
07
08
19
1:
0;
1=
1?
0@
1A
0C
1E
1F
1K
0M
1!#
1!*
0!-
1!.
1!/
1!0
1!4
0!5
0!8
1!9
1!:
1!;
0!<
1!=
#489500
1'
0)
1*
0+
0.
1/
00
13
14
15
18
09
1;
0=
0?
1@
1B
1C
0J
0K
0L
1M
0O
1!$
0!%
0!&
1!'
0!(
0!)
0!*
1!+
1!,
0!0
1!1
0!3
1!8
0!:
0!;
1!<
0!=
#490500
1&
0'
1)
0,
1-
1.
0/
02
03
04
16
17
08
0;
1<
1=
1>
1?
0A
0D
0E
0F
0H
1I
1J
1O
0P
0!'
0!+
0!,
1!0
0!1
0!4
0!7
0!9
#491500
0&
1'
0(
0)
1+
1,
0-
0.
1/
14
05
19
0:
0<
0>
0?
1A
0C
1E
1H
0I
0J
1K
1L
0M
0O
0!$
1!,
1!-
0!.
0!/
0!0
1!1
1!3
1!4
0!8
1!9
0!<
#492500
1&
0'
0*
0+
0,
1-
0/
13
15
18
09
1:
1>
0@
0E
1F
1G
0H
1I
1J
0K
0L
1M
1N
1O
1P
1!)
1!*
0!,
1!0
0!1
1!2
0!4
1!7
1!8
1!:
1!;
#493500
1(
1*
1,
0-
1.
11
1;
0>
1?
0B
1E
0F
0G
1K
0M
0N
0O
0P
1!%
1!'
0!*
1!+
1!,
0!-
1!.
1!/
0!2
0!3
0!8
1!<
#494500
1'
0.
10
06
08
1<
0=
0?
1@
0A
1B
1D
0E
1F
1G
0J
1L
1N
1P
0!#
0!%
1!&
0!)
0!,
0!/
1!2
1!4
1!8
0!;
#495500
1%
0&
0'
0(
1.
1/
00
01
03
16
18
19
1=
1>
1?
0@
1A
1C
0D
1E
0I
1J
0K
0L
0P
1!#
1!%
0!'
1!(
1!)
1!,
1!-
0!.
1!/
0!0
0!2
1!3
0!4
1!5
0!7
0!:
1!;
#496500
1!
0%
1&
1'
1(
0*
1+
1-
0/
12
04
06
07
0:
0<
0=
0>
0B
1D
0F
0J
1L
1M
0N
1P
0!#
1!$
0!%
0!&
0!)
1!*
0!+
0!,
0!-
1!.
0!3
1!4
0!5
1!6
0!9
1!:
0!;
0!<
#497500
1)
0,
0-
1/
10
05
1=
1>
0?
1@
0A
1K
0M
1N
1!%
1!)
0!*
1!,
1!-
0!.
0!/
1!2
1!3
1!9
1!<
#498500
1*
0+
1-
00
14
15
17
1:
0;
0>
1?
0C
0D
0E
1F
0L
1M
0N
0P
1!#
0!)
0!,
0!-
1!.
1!0
1!1
0!3
0!4
0!6
0!8
0!:
#499500
1"
1$
1%
0'
0)
0*
0/
13
05
16
07
08
09
0:
1;
1>
0@
1A
1B
0F
0G
1H
1I
0K
0M
1N
1P
1!'
0!(
1!+
1!,
1!-
0!.
0!0
0!1
0!2
1!3
1!5
1!7
1!:
1!;
0!<
1!=
#500500
1#
0$
0%
0&
0(
1)
1*
1+
0-
02
18
19
1:
0;
1<
1@
0B
1D
1G
0H
1K
0!#
0!$
0!%
0!'
1!)
0!,
1!1
1!2
1!4
0!5
1!6
0!7
1!8
0!9
1!<
#501500
1(
0)
1,
1-
1/
12
03
17
09
0:
1;
0<
0>
1F
0I
1M
0N
1O
0P
1!#
1!%
0!+
1!,
0!-
1!.
1!/
0!1
0!2
1!5
0!6
1!7
1!9
0!:
#502500
1&
0(
1)
0*
0+
0-
0.
10
11
13
04
06
08
19
1:
1>
0?
0@
1B
1C
0D
1E
1H
0K
1N
1!$
1!'
0!)
0!,
0!/
1!0
1!1
1!2
0!3
0!9
1!:
0!<
#503500
0!
0"
0#
0&
1(
0)
1*
0,
1.
0/
00
02
03
15
18
09
0:
0;
0=
0>
1?
1@
0A
0E
0F
1I
1J
0N
0O
1!&
1!*
1!+
1!-
0!.
0!0
0!2
0!4
1!6
0!7
1!9
0!:
0!;
1!<
0!=
#504500
1'
1)
0*
1,
1-
0.
1/
12
14
05
1:
1<
1=
1>
0?
0@
1A
1D
0G
0I
0J
1K
1N
1O
0!%
0!&
0!'
1!(
1!)
0!*
1!,
0!-
1!.
1!0
1!3
1!:
1!=
#505500
1&
0(
0)
0,
1.
13
16
0:
0A
0C
1G
1J
1L
0M
0O
1P
0!#
1!'
0!)
0!,
1!-
0!.
0!1
1!2
0!5
0!6
1!7
0!8
0!9
0!:
#506500
1%
0&
0'
1*
1+
1,
0/
02
03
04
1;
0>
1@
0B
0G
1I
1O
1!&
0!'
1!)
1!*
1!,
0!0
1!1
0!2
1!4
1!5
1!6
0!7
1!8
1!;
0!<
#507500
1(
0*
1/
10
01
12
13
15
07
1A
1C
0D
1F
0H
0I
0L
0P
1!#
1!%
0!&
0!)
0!*
0!,
0!1
1!2
0!3
0!5
0!6
1!7
1!<
#508500
1&
1'
1*
0+
0-
0/
02
05
17
0;
1B
1D
0K
1M
0O
0!%
1!'
1!*
1!,
0!2
1!3
1!6
0!7
0!;
0!<
#509500
0%
0&
0'
0*
1+
0,
1-
0.
1/
00
03
07
1:
0<
0A
0B
0F
1I
0J
0N
1O
0!*
0!+
0!,
1!2
0!3
0!6
1!7
1!9
1!:
1!;
#510500
1'
0+
0/
10
12
13
14
17
1;
1<
1?
0@
1B
1E
0I
1J
1K
1L
0M
1!%
1!)
1!*
1!+
1!,
0!-
1!.
1!/
1!0
1!5
1!6
0!7
0!8
0!9
0!:
0!;
1!<
#511500
1%
0(
1*
1+
0-
1.
00
03
04
15
07
08
0;
0?
1@
1A
0B
0C
1F
1G
1H
0J
1M
0!%
1!&
0!'
0!(
0!+
1!-
0!.
0!/
0!2
1!3
0!5
0!6
1!7
1!8
1!9
1!;
0!=
#512500
1&
1)
0*
1-
0.
10
14
05
17
0<
0=
1>
0A
1C
0G
0H
0L
0M
0!#
1!'
0!*
0!,
0!-
1!.
1!/
0!0
1!1
1!6
1!:
0!<
#513500
1$
0%
0&
0'
0+
0-
1.
00
11
02
04
06
07
1<
0@
0E
1J
0K
1L
1M
1!%
0!&
1!(
0!)
1!2
0!3
0!4
1!5
0!6
0!7
0!9
0!;
#514500
1'
0)
1,
1/
10
12
14
15
16
17
18
19
1;
0>
1A
1B
0C
1E
0F
1G
1H
1I
0J
1!#
0!%
1!&
0!'
1!,
1!-
0!.
0!/
0!1
1!4
0!5
1!6
1!7
0!8
1!9
0!:
1!<
#515500
1(
1)
1*
1+
0/
02
13
04
05
07
08
1=
1>
1?
1@
0D
0E
1F
0G
0H
1J
1!%
0!&
1!)
1!*
1!+
0!,
1!/
1!1
0!2
0!4
1!8
0!9
1!:
1!;
#516500
1&
0(
0)
0+
0.
00
01
06
17
18
0:
0<
0=
0?
0@
0B
1D
1G
0I
1K
0!%
1!&
0!)
1!,
0!/
1!0
1!2
1!3
0!6
0!8
1!9
0!:
0!;
#517500
1(
1)
1+
1.
10
11
12
15
16
07
09
1=
0>
0A
1B
1C
0D
1E
0F
0G
1H
0L
0!#
0!&
0!(
0!+
0!,
0!-
1!.
1!/
0!0
0!1
0!2
1!4
1!5
0!7
1!8
1!:
1!;
0!<
1!=
#518500
1!
1#
0$
0&
0(
0+
0,
1-
0.
1/
01
02
14
05
08
1<
1@
1A
0C
1N
1P
1!(
1!,
0!/
1!0
1!1
0!3
0!4
0!5
1!6
0!8
0!9
1!<
0!=
#519500
1&
0*
1+
1,
0-
00
11
12
04
15
06
18
19
1:
0;
0=
1?
0A
0B
1F
1G
0H
0J
1L
0O
0!$
1!&
1!'
0!*
1!+
0!,
1!-
0!.
0!6
1!8
1!9
0!<
#520500
1(
0)
0,
1.
0/
01
02
16
08
09
0:
1=
0?
0@
1A
1B
1C
1D
0E
0G
1J
0N
1O
0!'
0!(
1!)
1!*
1!,
0!-
1!.
0!0
0!1
1!3
1!6
1!7
1!=
#521500
1)
0+
0.
11
03
05
06
19
1;
0=
1@
0C
0D
1E
1G
0J
1N
1!#
0!&
0!+
0!,
1!-
0!.
1!2
1!4
1!5
0!6
0!7
0!8
0!;
#522500
1%
0'
0)
1+
1,
1-
1/
10
12
13
14
15
18
09
1:
0;
1?
0B
1C
1D
0E
0F
1H
0M
0N
0!#
1!&
0!)
0!-
1!.
0!2
0!3
0!5
1!7
1!8
0!:
1!;
0!=
#523500
0!
0#
0%
0&
0(
0+
0-
0/
02
03
04
16
17
0:
0<
1=
0?
0A
0C
1E
1F
1I
1J
0L
1N
0P
1!#
1!'
1!)
0!*
1!+
1!,
1!-
0!.
1!0
1!1
1!2
1!3
0!4
0!7
0!8
0!9
1!:
1!<
#524500
1&
1)
1*
1+
1.
00
01
07
19
1:
1<
0=
1>
1?
0@
1A
1C
0D
0E
0G
0H
0O
1P
0!&
1!/
0!0
0!1
0!2
0!3
1!4
1!9
0!;
1!=
#525500
1'
1(
0)
0+
0.
1/
10
11
12
13
14
05
17
09
1;
0<
0>
0?
0A
1B
0C
1E
0I
1L
1M
0N
0P
0!#
1!%
1!&
0!'
1!(
0!+
0!/
1!0
1!2
0!4
1!6
1!7
0!:
1!;
0!<
#526500
1)
0*
0/
01
02
15
07
0:
0;
1>
1@
1D
0E
1H
0J
0K
0L
1N
1!#
1!$
0!&
0!(
1!+
0!,
1!1
0!2
1!4
1!5
0!6
0!7
1!8
0!9
0!;
1!<
0!=
#527500
0(
1+
1-
1/
00
11
04
05
1;
1<
0>
0D
0F
0H
1I
1J
1K
0N
1O
1P
1!(
1!*
1!/
0!0
1!2
1!3
0!8
1!9
1!:
0!<
1!=
#528500
1*
0+
0,
10
03
14
15
06
17
08
19
1:
0<
1?
1A
1E
1F
1G
0I
0K
1L
1N
0P
0!$
1!&
0!*
1!,
0!-
1!.
1!0
0!1
0!3
1!6
1!7
1!8
0!9
0!:
#529500
1%
0&
0'
1(
1+
1,
0/
13
16
18
09
0:
0;
0?
0@
0E
0G
1I
1P
1!$
1!'
1!-
0!.
0!/
0!0
1!1
0!2
1!3
0!5
0!6
0!7
0!8
1!9
1!;
0!=
#530500
1'
0(
0)
0*
0+
1.
01
06
07
08
1:
1;
1<
1=
1>
1@
0B
1D
1E
0F
0J
0O
0!%
0!&
0!)
1!*
0!+
0!,
0!-
1!.
1!/
1!2
1!5
1!6
1!8
0!9
1!:
0!;
1!<
#531500
1!
1#
0%
0'
1)
0-
1/
12
04
17
1?
0A
1B
1C
0D
0E
1H
0I
1K
0L
0M
0N
1O
0!#
1!%
1!&
0!4
0!6
0!8
1!;
0!<
1!=
#532500
1'
1(
0)
1*
1+
1-
0.
02
14
07
19
0;
0=
1A
1D
1E
1F
1I
1J
0K
1M
1!)
0!3
1!4
1!8
0!:
0!=
#533500
1)
0+
1.
0/
00
11
03
18
0:
0>
0?
0@
0B
0C
0E
0F
1G
0H
1L
1N
0P
0!&
0!'
0!(
0!)
1!-
0!.
0!/
0!2
0!4
1!7
1!9
1!<
#534500
1&
0)
1+
0,
0-
0.
1/
10
12
04
16
17
1:
1;
0<
1=
1>
0A
1B
0D
1E
1H
0J
1K
0O
1P
1!#
0!*
1!,
1!0
1!2
1!3
0!8
0!;
#535500
1$
1)
0+
1-
0/
01
02
14
05
06
07
08
0;
1<
0>
1@
1D
0H
0K
0L
0N
1O
0P
0!$
0!%
0!,
1!/
0!0
0!1
0!2
1!4
0!5
1!6
0!7
1!8
0!9
1!:
0!<
#536500
1,
1/
00
13
09
0:
1;
0=
1>
1A
0B
1C
0E
1F
0G
1H
1J
1K
1L
0M
1N
0!#
1!+
0!-
1!.
1!0
1!1
0!3
0!4
0!:
1!;
1!=
#537500
1%
0&
0(
0)
0,
1.
0/
11
12
04
15
18
19
1:
0;
1=
0>
0D
0F
0N
1!#
1!%
1!&
1!'
1!(
1!)
0!+
1!,
1!-
0!.
0!/
0!0
1!3
1!4
1!5
0!6
1!:
0!;
1!<
0!=
#538500
1&
0'
1(
0*
1/
10
01
02
03
08
09
0:
1;
0<
0=
1?
0A
1B
0I
0J
0K
0L
1N
0!#
0!)
1!*
1!+
1!/
0!3
0!5
0!:
0!<
1!=
#539500
1'
0(
1*
1+
1,
0-
11
13
14
17
19
0;
0?
0@
1A
0H
1I
1M
0N
0!&
1!)
0!+
0!,
0!-
1!.
1!0
1!2
0!4
1!7
1!9
1!:
#540500
1"
0#
0$
0%
0'
0*
0/
12
03
04
18
0B
0C
1D
1E
1F
1G
1H
1L
1!#
1!$
0!'
1!+
1!,
0!0
0!2
1!3
1!4
1!5
0!8
0!:
1!;
#541500
0"
0&
1'
1*
0+
0,
0.
00
01
13
14
05
16
09
1:
1>
0A
0E
0G
0I
0L
0!#
1!'
0!)
0!*
0!+
0!,
1!-
0!.
0!/
1!0
0!1
0!5
1!6
0!9
1!:
0!;
1!<
#542500
1)
1+
1-
1.
1/
04
15
07
19
0:
0>
1@
1C
1G
0H
1J
1K
0M
1N
0!%
1!)
1!+
1!,
0!-
1!.
1!1
0!3
1!5
0!6
0!7
1!8
1!9
1!;
0!<
#543500
1&
0'
1,
10
11
02
03
05
06
08
1:
1<
1>
0D
0G
0K
1M
0O
0!'
0!(
1!*
0!,
1!-
0!.
0!1
1!2
1!6
1!7
0!8
0!9
0!:
0!;
1!<
#544500
1(
0)
0*
0+
0,
0.
0/
12
13
15
17
18
09
0:
0<
0>
0@
1B
0C
0F
1G
1I
1K
0M
0!$
0!*
1!,
0!-
1!.
1!/
1!3
0!4
0!6
1!8
1!9
1!;
#545500
1)
0-
00
01
02
03
07
1:
1=
1>
1A
1D
1E
0G
1H
0J
1L
1M
1!$
1!%
1!'
0!+
0!,
0!0
1!1
0!2
0!3
1!6
1!:
0!<
#546500
1'
0)
1+
1-
11
12
17
08
0:
1;
0=
0>
1?
1@
0B
1C
0E
1F
1G
0I
1J
1O
1P
1!#
0!$
1!+
1!,
1!-
0!.
0!/
0!1
1!2
1!4
0!6
0!7
0!9
1!<
#547500
1%
0&
0(
1*
0+
1.
02
13
19
1<
1B
0D
1E
1I
0L
0M
0!#
0!%
1!(
0!)
1!*
0!,
1!1
0!2
0!4
1!6
1!7
1!9
0!=
#548500
1&
0'
1(
0*
1,
0.
03
05
16
07
18
0;
0<
1=
0@
0E
0K
1M
1!&
0!(
1!)
1!,
1!2
1!3
1!4
0!5
0!7
0!9
0!;
0!<
1!=
#549500
1"
1#
0%
0(
1)
0,
1.
1/
10
12
13
14
06
09
1:
1;
1>
0?
0B
0C
1D
0F
0G
0H
1K
1L
0N
0!*
0!,
0!-
1!.
1!/
1!0
0!1
0!2
0!3
0!4
0!6
0!:
1!;
1!<
#550500
1(
0)
1*
00
01
02
03
04
08
19
0;
1<
0=
1?
0A
1C
0D
1F
0I
0O
0!&
1!*
0!+
1!1
1!4
1!6
0!8
0!<
0!=
#551500
1%
0&
1,
0-
0/
17
18
09
0<
1=
1B
0C
1D
1E
1G
1I
0J
1N
1O
0!'
0!)
0!*
1!,
1!-
0!.
0!/
1!2
1!3
0!4
0!6
1!7
1!8
1!9
1!:
0!;
#552500
1'
0(
1)
0,
1-
1/
10
11
12
13
14
16
19
1<
0=
0?
1C
0D
0E
0F
0I
0K
0L
0M
1!%
1!&
1!*
0!2
0!3
1!4
0!8
0!9
0!:
1!=
#553500
1(
0)
1+
1,
0.
0/
02
04
15
06
07
0:
1?
1@
1A
0B
0C
1F
1H
1J
1K
1M
0O
0!&
1!'
1!)
0!*
1!+
0!0
0!1
1!2
1!3
0!4
1!8
1!9
1!;
1!<
0!=
#554500
1&
1)
0+
0,
01
03
05
16
09
1=
0?
0@
1D
0F
0G
1I
0K
1L
0N
0!%
0!'
1!*
0!+
0!,
1!1
0!2
0!3
1!4
1!5
0!7
1!:
0!;
#555500
1$
0%
0&
0'
0(
0*
1+
1,
1.
1/
12
06
17
08
19
0>
1?
1@
1B
1C
0D
1E
0H
0I
0L
1N
1!%
1!0
0!1
1!3
0!4
1!7
0!9
0!<
1!=
#556500
1*
0+
0,
00
02
14
15
16
07
18
09
0<
0=
1>
0C
1D
0E
1F
1G
1H
0J
1L
0N
0!%
1!&
1!'
1!(
1!,
0!-
1!.
1!/
0!0
1!1
0!3
1!4
0!5
1!6
0!7
0!8
1!9
0!:
1!;
0!=
#557500
1'
0)
0*
1,
0-
0.
11
13
04
17
19
1;
1<
1=
0>
0?
0@
0A
1C
0H
1K
0M
0!&
0!)
0!*
1!+
0!,
1!0
1!2
1!3
1!7
0!9
#558500
1%
1&
0'
1(
1)
1*
1+
12
14
05
08
09
0=
1>
1?
1@
0F
0G
1J
0K
0L
1M
1N
1!#
1!%
1!*
0!+
1!,
0!1
1!5
0!6
1!:
1!<
#559500
0"
0#
0$
1'
0(
0,
1-
1.
01
04
15
06
07
18
0<
1A
1I
1K
1L
0M
0P
0!#
0!%
0!(
1!)
0!*
1!+
1!-
0!.
0!/
0!0
0!2
0!5
0!:
0!<
1!=
#560500
1(
0*
0+
0-
0.
0/
02
03
16
17
08
19
1:
1<
1=
0>
0C
0D
1E
1F
1G
1H
0J
0!'
0!)
0!+
0!,
1!1
1!2
0!4
1!5
0!7
1!8
1!9
0!;
#561500
1#
1$
0&
0)
1+
10
11
12
13
14
07
0:
1>
0?
0@
0B
0E
0G
0H
0I
0L
1O
1!'
1!)
1!*
1!,
0!1
0!2
0!3
1!6
0!8
#562500
1&
1*
0+
1-
1.
03
06
09
0;
0=
1@
0A
1C
1D
1E
1G
1I
0K
1!%
0!'
0!*
0!,
0!-
1!.
1!/
1!0
1!2
1!4
0!5
1!8
1!:
1!;
1!<
#563500
1"
0#
0$
0%
0&
0'
0(
0*
0.
01
02
13
04
05
16
17
1;
0<
1=
1?
0@
1A
1B
0D
0F
1L
1M
0N
0O
1!*
1!+
1!,
1!-
0!.
0!0
1!1
0!8
0!9
#564500
0"
1#
1$
1%
1(
1)
1+
11
18
19
0?
0B
0C
0G
1H
1J
0M
1P
0!%
1!&
0!+
0!,
0!/
0!1
0!2
1!3
0!4
1!5
0!6
1!7
0!<
#565500
1'
0(
0)
1*
1,
0-
12
03
09
0;
0=
0>
1@
0A
1C
1D
1F
0H
0I
0J
0L
1N
0P
0!&
1!'
1!+
1!,
1!1
1!6
0!7
1!8
1!9
0!:
1!<
#566500
1)
0+
0,
00
01
13
14
15
08
19
1;
1<
1=
1>
1?
0@
1A
0C
0E
0F
1J
1K
1!%
1!&
0!)
0!*
0!,
0!-
1!.
1!/
0!1
1!4
0!5
0!8
#567500
1&
0)
0*
1+
1,
1-
1.
10
11
02
03
06
09
0>
0A
0D
1E
1G
1H
0K
1L
1P
1!#
1!,
1!-
0!.
0!/
1!1
1!2
1!5
1!7
0!9
0!;
0!<
#568500
1*
0+
0,
0-
0.
16
18
19
0?
0G
0J
1K
1M
1O
0P
0!#
0!%
1!)
0!+
0!,
0!2
0!4
0!6
1!<
#569500
1-
13
05
06
07
0;
1@
1B
1D
0E
1I
0K
0L
1P
1!%
0!)
1!*
1!,
1!2
1!6
1!8
1!:
1!;
0!<
#570500
1(
1+
1,
0-
1.
1/
01
12
04
15
08
1;
0=
1>
1A
0B
1C
0D
1F
1G
1J
0M
0N
0O
0P
0!%
0!'
1!)
0!,
0!-
1!.
1!/
1!0
0!1
0!5
0!6
0!7
1!9
1!<
#571500
1)
0*
0+
0,
00
03
05
16
1:
0<
1?
0C
1D
1E
0H
0J
1K
1L
1P
1!#
1!%
1!'
1!(
0!)
1!+
1!,
1!5
1!7
0!:
0!;
0!<
0!=
#572500
1"
0#
0$
0%
0&
0)
10
11
02
14
0;
1<
1=
0@
1B
1C
0D
0I
1J
0K
0L
1M
1O
0P
0!#
0!,
0!0
1!1
1!6
0!8
0!9
#573500
1&
0(
1)
1-
0.
00
01
12
13
04
15
18
09
0:
0=
0?
1@
0C
0F
0G
1I
0J
1L
1N
0!&
0!'
1!)
0!*
0!+
1!,
1!0
0!5
0!6
0!7
1!9
1!<
#574500
1(
1*
0/
03
14
05
17
08
0@
0A
1C
0E
1F
1G
1H
0I
1J
1K
0L
0M
0N
0O
1!#
1!&
0!(
1!*
1!+
0!,
1!-
0!.
0!0
0!1
0!3
1!4
1!5
1!6
1!8
0!9
1!:
1!;
0!<
1!=
#575500
1%
0&
0)
0*
1+
1,
0-
1/
11
13
15
18
19
1;
0>
1?
1@
0C
1E
0F
0G
0H
1I
1L
1M
0!%
0!&
1!'
0!)
0!/
1!0
1!1
0!5
0!6
1!7
1!9
1!<
#576500
0!
0"
0%
1&
0'
0/
10
01
03
05
07
08
09
1:
0;
0<
0@
0B
0E
1F
1G
0I
0J
0K
0L
0M
1N
1O
0!#
1!&
0!*
1!,
1!/
0!0
0!1
0!2
1!3
0!4
1!5
0!8
0!9
#577500
1%
0&
1)
0+
1.
1/
00
11
02
06
19
1>
0?
1@
1A
1B
1C
1E
0G
1I
1K
1L
1M
0O
1!(
1!)
1!*
0!,
0!-
1!.
1!1
0!3
0!5
1!6
0!7
1!8
1!9
0!:
0!=
#578500
0%
0(
0)
0/
10
01
12
04
16
18
09
0:
1<
0@
0A
0C
1D
0E
1G
0I
0L
0M
1O
0!&
0!(
0!)
0!+
1!2
1!3
1!4
1!5
1!:
#579500
1'
1(
0,
1-
1/
00
11
02
13
15
06
08
1;
0>
1?
1A
0B
1C
1E
0G
1J
0K
1L
0O
1!%
1!&
0!'
1!)
1!,
1!-
0!.
0!1
0!4
0!5
0!6
1!7
0!9
#580500
1&
0'
0(
1)
1,
0-
0/
10
03
17
18
1:
0;
1@
1B
0D
1H
1I
1K
0N
1O
0!%
0!-
1!.
1!0
0!2
0!3
1!5
1!6
1!9
0!:
1!=
#581500
1'
1(
1*
1+
0,
1-
0.
12
14
0:
1>
0?
0B
0C
1D
0E
0F
1G
0I
0J
0K
0L
1M
1N
1!$
1!%
0!&
0!*
0!,
1!-
0!.
0!/
0!0
1!3
0!7
0!8
1!:
0!<
#582500
1%
0&
0)
1/
01
02
13
07
1;
0<
1=
1?
0@
1F
0G
1I
1K
1L
0M
0O
0!%
0!)
1!+
1!,
1!/
1!1
0!3
1!4
0!5
1!7
0!9
1!<
#583500
1)
0*
0+
0-
00
05
17
08
19
0;
0>
0?
1@
0D
1G
0H
0I
1J
0K
1M
0N
1!%
1!*
0!+
0!,
0!-
1!.
0!6
1!8
#584500
1&
0'
0(
0)
1,
1.
0/
10
03
18
09
1B
1C
0G
1I
1K
0M
0!%
1!&
1!+
1!,
1!-
0!.
0!/
1!3
0!4
1!5
1!9
0!:
0!;
0!<
#585500
1$
0%
0&
1)
1*
0,
1-
1/
11
13
15
07
08
1:
1;
0A
0B
0C
1D
1H
0J
0!$
1!%
0!&
1!'
1!(
1!)
0!*
0!,
0!-
1!.
1!0
1!4
0!5
1!6
0!7
0!8
0!9
1!:
1!;
1!<
0!=
#586500
1+
1,
0-
0.
0/
00
03
04
05
16
0@
1A
1C
1E
0F
1G
0I
1J
1M
1!$
0!)
1!*
1!-
0!.
0!0
1!2
1!5
0!6
1!7
1!8
0!:
0!;
0!<
1!=
#587500
1(
0)
1-
17
18
19
0;
1>
1?
1@
0A
0C
1F
1I
0M
1N
0!$
1!)
1!,
0!-
1!.
1!0
0!2
0!3
0!4
0!7
1!9
1!:
1!<
#588500
1&
1'
1)
0,
12
13
14
08
09
1<
0>
1B
0E
0F
0G
0I
0J
0K
0L
1O
1!&
0!'
0!)
0!,
0!1
1!4
0!5
1!6
1!7
0!9
1!;
0!<
#589500
0$
0&
0'
0(
0+
0-
1/
10
01
02
03
04
06
18
19
0:
0<
0?
0@
1C
1G
1J
0N
0!%
0!&
0!(
1!)
0!*
1!-
0!.
0!0
0!7
0!8
1!<
#590500
1'
1(
0)
0*
1,
0/
00
11
12
16
09
1:
1<
0=
1>
1@
1A
0C
0D
0G
0J
1K
1L
1N
0O
1!#
0!)
1!,
0!-
1!.
1!0
1!1
1!2
1!3
1!5
1!7
1!9
0!:
#591500
1)
0,
13
14
15
07
08
1;
0<
1=
0@
0A
1C
1D
0H
1I
0K
0L
0N
1O
1!&
1!'
1!(
1!*
0!+
0!,
1!/
0!2
0!7
0!9
1!:
0!<
#592500
1,
1-
1/
10
01
02
03
05
19
0;
1?
0B
0D
1E
1G
0I
1J
1K
1L
1P
0!#
0!&
0!(
1!)
1!+
0!/
0!1
0!3
0!4
0!6
1!7
1!8
0!:
1!<
#593500
1&
1*
0,
00
11
15
06
17
18
09
1@
1A
0C
1D
1F
0G
0K
1N
0P
1!&
0!'
1!(
0!+
1!-
0!.
0!0
1!1
1!2
1!3
0!5
1!6
0!8
0!;
0!<
#594500
1%
0(
0)
1+
0-
0/
10
13
04
08
19
1;
0=
1B
0E
0F
1I
0J
1K
0L
1M
1P
0!*
1!,
0!-
1!.
1!/
1!0
0!1
0!3
0!6
1!8
1!9
1!;
#595500
1/
12
03
14
05
1<
0>
1C
1E
1F
1H
0K
1L
0N
0P
1!#
1!%
1!*
1!+
0!,
1!-
0!.
0!/
1!1
1!3
1!6
1!:
#596500
1$
0%
0&
1)
0+
1,
1-
0/
01
04
16
07
18
0<
1=
1>
0?
0@
0A
0D
0E
1G
0H
0I
0M
0O
0!%
1!'
0!(
0!)
0!*
1!,
0!-
1!.
0!0
0!2
1!4
0!6
0!=
#597500
1(
0)
0*
1+
0,
1/
13
14
15
06
08
09
0:
0;
0>
1?
1@
1A
0B
0C
1E
1H
1J
1K
1N
1O
0!#
1!$
1!%
1!)
1!*
0!+
0!,
1!-
0!.
0!1
1!2
0!3
0!4
1!5
0!7
0!8
0!9
0!:
0!;
#598500
1&
0(
1)
1*
0+
0-
1.
00
04
05
17
18
19
0=
0?
0A
0H
1I
0J
0L
1M
0N
0!%
0!&
0!)
0!*
1!,
0!-
1!.
1!/
1!0
0!2
1!3
1!7
1!8
#599500
1(
0*
1+
1,
11
02
14
15
09
1:
1<
1=
0@
1B
1C
1D
0E
0K
1L
0!'
1!(
1!+
0!,
1!-
0!.
0!/
0!0
1!1
1!2
0!3
0!5
0!8
1!:
1!=
#600500
1%
0&
0+
1-
0.
10
01
03
04
07
08
0=
1>
1@
1A
0B
0C
1E
1H
0M
1N
1P
1!)
1!*
0!+
1!,
0!-
1!.
1!/
1!6
1!9
1!;
1!<
#601500
1&
0(
1+
0,
1.
11
12
13
14
18
19
0:
0<
0>
0A
0D
0F
0I
1J
1K
0N
0P
1!#
1!%
1!&
0!(
1!+
0!,
1!0
0!1
0!2
1!3
1!5
0!6
0!7
0!9
0!:
0!<
0!=
#602500
1#
0$
0%
0&
0'
1(
0)
1*
0/
00
04
1;
1<
1>
0@
1A
1B
0E
0G
0H
1I
0L
1M
0O
0!#
0!%
1!'
1!(
0!)
0!+
1!,
1!-
0!.
0!/
0!5
1!8
0!;
1!<
1!=
#603500
1'
0-
0.
02
14
05
16
17
1:
0;
0>
1?
1@
0B
1E
1L
0M
1!#
1!%
0!*
0!,
0!-
1!.
1!/
0!0
1!1
0!3
1!7
1!9
1!:
1!;
0!<
#604500
1!
1"
1&
0*
1-
1/
04
15
06
07
0:
0<
1=
1>
0@
0A
1B
1C
0E
1F
1H
0I
0K
0L
1N
0!1
0!=
#605500
1%
0&
0'
0(
0+
1.
10
01
14
17
09
1;
1<
0=
0?
1A
0F
1G
1K
0!$
0!%
0!'
0!(
1!)
1!*
1!+
1!-
0!.
0!/
1!0
1!1
1!4
1!6
0!7
0!9
0!:
0!;
#606500
1&
1*
1+
1,
0.
0/
11
04
19
0;
1=
0>
1?
0A
0C
0G
0K
1L
0!#
1!%
0!&
1!'
0!)
1!,
0!0
0!1
1!3
1!5
0!6
1!7
0!8
1!9
1!;
1!<
#607500
1)
0+
0,
0-
00
12
14
05
1:
1;
0<
0=
1>
1A
0B
1C
1D
0J
0L
1M
0N
1!#
1!$
0!'
1!(
1!)
0!*
1!0
1!2
0!3
0!4
0!5
0!9
0!;
1!=
#608500
1'
1(
0)
0*
1-
1.
1/
10
01
02
04
15
08
09
0;
1=
0>
0?
0A
1G
1I
1L
0!%
1!&
1!'
1!*
0!,
0!0
1!1
0!2
1!3
0!7
1!9
0!<
#609500
1$
0%
0&
0'
0(
1)
1*
1+
0-
0/
00
12
03
05
16
18
19
0:
1;
1?
0G
1J
0!#
0!$
0!&
0!(
0!)
0!*
0!+
1!,
0!-
1!.
1!/
1!0
0!1
1!4
1!7
0!=
#610500
1-
0.
1/
11
14
08
09
1:
0=
1>
1@
0D
0H
0I
0L
1N
1!#
1!%
1!&
0!'
1!(
1!+
0!,
1!-
0!.
0!/
0!0
1!1
1!2
1!5
0!7
1!:
1!=
#611500
1&
0*
1,
0-
1.
10
02
15
06
18
19
0:
0;
1<
0?
1A
1B
0C
1D
1F
1G
1I
0J
1K
1L
0N
0!%
0!&
1!)
1!*
0!+
1!,
1!0
0!1
0!4
0!5
1!6
1!8
0!9
1!;
#612500
1'
0+
00
12
1;
0<
0>
1E
0F
0I
0K
1N
0!#
1!%
1!'
0!)
0!*
0!,
1!/
1!1
0!2
0!3
1!4
1!5
1!9
0!:
1!<
#613500
0!
0"
0#
0$
0&
0)
1*
0,
0.
0/
10
01
13
07
08
1:
1<
0@
0A
0B
1F
0G
1H
1I
1J
1O
1!&
0!'
1!+
1!,
0!-
1!.
1!2
0!4
0!5
0!8
0!<
#614500
0'
0*
1+
1,
1.
1/
03
05
18
0:
1>
1?
1A
1C
0D
0E
0I
0O
0!&
1!*
0!+
0!,
1!-
0!.
0!/
0!0
0!1
0!2
0!6
1!7
0!9
1!:
0!;
1!<
#615500
0,
1-
0/
00
16
17
08
0<
0>
0?
1@
0A
1B
0C
1E
1G
0H
0J
0L
1!#
1!'
1!)
0!-
1!.
1!/
1!0
1!1
1!4
1!5
1!6
0!7
1!9
0!<
0!=
#616500
1(
1)
0+
0.
10
13
06
09
1:
1<
1>
0@
1A
0G
1I
1J
0M
0!#
0!%
1!&
1!,
1!-
0!.
0!/
0!0
0!5
0!6
1!8
1!;
#617500
1'
0(
1*
1+
1,
0-
00
11
02
04
16
19
0;
0<
0>
1@
0B
0E
0F
1G
0I
0J
1L
1O
0!'
0!)
0!*
1!+
0!-
1!.
1!/
1!0
0!1
1!2
1!3
0!4
1!6
1!7
0!8
0!;
1!=
#618500
1&
0'
0)
0*
0,
1.
10
01
12
03
06
07
18
09
0:
1?
1B
1D
1H
0L
0N
0O
1!#
1!%
0!+
0!,
0!/
1!1
1!4
1!8
0!9
1!;
1!<
#619500
1)
1*
0+
1,
1/
00
11
02
13
14
16
08
19
1;
1=
0@
0A
0B
1C
0H
1I
1J
1O
0!#
0!%
1!'
1!*
1!-
0!.
0!0
0!1
0!2
0!4
0!8
0!;
0!<
0!=
#620500
1!
1#
1%
1'
0)
1+
12
04
15
06
18
09
0;
1@
1A
0C
0D
1E
1F
0J
1K
1N
0O
1P
1!#
1!$
1!)
1!+
1!,
1!0
0!3
1!5
0!7
1!9
1!;
1!<
#621500
1(
1-
0/
10
02
03
14
16
17
08
1:
0=
1>
1B
1C
1J
0N
1O
0P
0!)
0!+
0!,
1!2
1!4
0!6
1!8
0!9
0!:
#622500
1$
0%
0&
0'
1)
0+
0.
1/
00
01
13
04
05
06
07
18
19
0>
0?
0A
1D
0F
0G
0I
0J
1N
0O
1P
0!#
1!%
0!&
0!'
1!,
0!-
1!.
1!/
0!0
1!1
0!2
1!3
0!4
1!9
0!<
#623500
1&
0(
0*
0,
1.
0/
10
14
08
0:
1=
1>
1?
0@
0B
0C
0E
1F
1G
1I
1J
0N
1!#
1!&
1!'
0!(
1!)
0!1
1!2
0!3
1!4
0!5
1!:
0!;
1!<
1!=
#624500
0!
0#
0$
1(
0)
0.
03
15
16
17
18
1;
0=
1@
1A
1B
1C
0G
0K
0P
0!#
0!$
1!(
0!,
1!0
1!1
1!3
0!4
1!5
1!6
1!7
0!=
#625500
1%
0&
1'
0(
1*
1,
07
1:
0;
1<
0>
0A
0C
0F
0I
1K
1N
0!&
0!*
1!,
0!6
0!8
0!:
0!<
#626500
0%
0'
1.
1/
12
13
05
06
17
0?
1C
0D
1I
0J
0K
1L
1M
0N
0!%
1!&
0!(
0!)
0!,
0!2
0!3
1!4
1!:
1!;
1!=
#627500
1'
0*
1+
11
02
04
15
07
08
09
1;
1?
0B
1G
1H
0I
1K
1N
1!%
0!&
1!+
1!,
0!0
1!2
1!3
0!4
1!6
0!9
0!:
#628500
1(
1)
1*
0+
0/
00
01
12
03
14
05
16
19
0:
1=
1>
0?
1A
1B
0C
0G
0K
0L
0M
0N
1!#
0!%
1!&
0!'
0!+
1!-
0!.
0!/
0!2
0!5
1!9
1!:
1!<
0!=
#629500
1&
0'
0(
0)
0*
0,
0-
0.
13
06
17
18
09
1:
0;
0<
1?
0@
0A
0B
1C
1D
1E
1F
1G
1I
1J
1L
1M
1N
0!#
1!(
1!)
1!*
0!-
1!.
1!0
0!3
1!4
0!7
1!8
0!9
0!:
#630500
1%
0&
1'
1)
1*
1+
1,
1-
1.
10
02
15
07
0:
1;
0?
1@
1A
0C
0H
1K
0M
0N
1O
1!#
1!%
0!&
0!)
0!*
1!+
0!,
1!-
0!.
0!0
0!4
1!9
1!:
0!;
0!<
#631500
1$
0%
0'
1(
0+
0-
0.
1/
12
03
04
05
17
08
19
1:
0;
1<
0>
1?
0@
0A
1B
0E
1M
1N
0O
1!&
1!'
0!+
1!,
0!-
1!.
0!1
1!2
1!3
1!4
0!8
1!;
1!<
#632500
1'
0(
1+
0/
11
07
18
0<
0=
1>
1@
1A
1E
0G
1H
0J
0K
0L
0N
1O
0!&
0!'
1!)
1!-
0!.
1!1
0!3
0!4
1!5
1!8
0!9
0!<
1!=
#633500
1&
1(
0)
0*
0,
1.
01
14
15
16
09
1;
1<
1=
0?
0A
0B
0D
0F
1G
0H
1J
0!#
0!%
1!+
0!,
0!-
1!.
0!1
1!3
1!4
0!6
1!7
0!8
0!:
#634500
1%
0&
0'
1)
1-
0.
1/
11
05
06
17
08
0:
0>
0@
1B
1C
1F
1H
1K
1L
0M
1N
0O
1!&
1!'
0!(
0!)
1!*
1!-
0!.
1!1
1!9
0!;
1!<
#635500
1'
0/
00
01
02
15
07
1:
0;
0<
0=
1>
1A
0B
0C
0G
0I
0L
1M
0N
1!%
0!&
0!'
0!-
1!.
1!0
0!1
0!3
0!5
0!7
1!8
0!9
1!;
0!<
0!=
#636500
1&
0'
0(
0)
1*
0+
0-
1.
1/
11
12
13
04
05
17
19
1<
1=
1B
1C
0E
0F
1G
0H
1L
1!#
1!&
1!'
1!)
0!*
0!+
1!,
1!/
1!5
0!8
#637500
1#
0$
0%
0&
1'
1(
0*
1+
1,
1-
0.
0/
10
14
16
07
18
0<
0=
0>
0B
0C
1D
1E
0G
1I
0L
1N
0!#
0!%
1!*
1!+
0!,
0!/
0!2
1!3
1!9
0!;
#638500
1)
1*
0+
0,
1.
00
01
03
04
15
17
08
09
1;
1<
1B
1C
0D
0I
0J
0K
0N
0!'
0!*
1!,
0!0
1!1
0!3
0!4
1!:
1!;
1!<
#639500
1&
0(
1+
1,
1/
02
18
19
0:
0;
0<
1=
1>
1?
1F
1H
1J
0M
1O
1!%
0!&
1!'
1!(
1!*
0!+
0!,
1!-
0!.
1!0
1!3
1!4
0!5
1!7
0!9
0!:
#640500
1!
0#
1$
0&
1(
0*
0+
0,
0-
0/
12
14
05
06
08
1:
1@
0A
0B
1D
0F
1G
0H
1I
1M
1!#
0!%
1!,
0!1
1!2
0!3
1!5
1!6
1!:
#641500
1&
0)
1*
1+
1,
0.
10
11
15
16
07
09
1<
1B
0D
0G
1H
1!+
0!,
0!-
1!.
1!/
0!0
0!2
1!3
0!6
1!8
#642500
1%
0&
0'
0(
1)
0+
0,
1/
00
01
05
06
19
0:
0=
0@
1A
0B
0E
1F
0H
0J
1K
1!$
1!&
0!)
0!*
0!+
1!-
0!.
0!3
0!7
0!8
1!9
0!;
1!=
#643500
1(
0)
1,
1-
1.
0/
10
13
04
17
18
1:
0<
1=
1@
1E
1H
1J
0M
1N
1!%
1!+
1!,
0!-
1!.
0!/
1!0
1!3
0!5
1!6
1!8
1!;
#644500
1&
0*
1+
0,
0-
0.
1/
11
03
15
1;
1<
0=
0>
0?
0A
1D
0F
1G
0I
0K
0N
0O
0!#
0!$
0!%
1!)
1!*
0!,
0!3
0!4
1!5
1!7
0!8
0!9
0!:
0!;
#645500
1,
1.
00
01
02
14
05
07
0;
1?
1A
1F
0G
0H
1I
0J
1L
1M
0!'
0!)
0!+
1!/
1!4
0!5
1!9
1!:
0!=
#646500
0!
0$
0%
0(
1)
1-
0.
12
13
16
17
09
0:
1;
0<
1=
0?
0F
1G
1J
1K
0L
0M
1O
1!#
1!'
0!*
1!+
1!,
1!-
0!.
0!/
1!1
1!3
0!6
0!7
0!9
#647500
1'
0)
1*
0+
0,
0-
1.
10
15
07
08
1>
0@
0C
0E
0I
1M
0O
0!#
1!$
0!&
1!*
0!+
1!/
0!0
0!1
0!3
0!4
1!6
1!9
1!;
0!<
1!=
#648500
1%
0&
1(
1)
1+
1-
0/
00
11
02
03
05
06
18
1<
0=
0>
1?
0A
1C
0D
0G
1I
0K
1L
0M
1O
1!)
0!,
0!/
1!1
1!3
1!4
0!:
#649500
1&
0'
0)
0*
01
12
13
04
15
08
1:
0;
1=
1B
0C
1D
0I
1K
1N
0O
1!%
1!&
0!(
0!*
1!+
1!,
0!-
1!.
1!/
1!0
0!1
1!8
0!=
#650500
1!
1"
1#
0%
0(
1)
1,
0-
1/
10
11
05
17
18
0:
0<
0?
1A
1C
0D
1F
1G
1H
0J
0K
1M
0N
1P
0!%
0!&
0!+
0!,
1!2
0!3
0!4
0!6
1!7
0!8
0!9
1!<
#651500
1$
1%
1*
0,
1-
0/
07
19
1?
0A
0C
1D
1J
0M
1!#
1!%
1!,
1!-
0!.
0!0
1!1
1!3
1!4
1!5
1!6
0!7
1!9
1!:
0!<
#652500
1'
1(
0*
1/
00
02
03
15
16
17
08
09
1:
1<
0=
0?
1@
0B
0F
0G
1I
1O
0!#
0!%
1!&
1!(
0!,
0!/
1!0
0!5
0!6
1!8
0!9
0!;
1!=
#653500
0!
0"
0#
0$
0%
0&
0'
1*
0+
1,
0.
0/
10
01
12
13
14
18
0:
0<
1B
0D
0I
1K
0L
1M
1N
1!#
0!(
0!)
1!+
1!/
0!0
0!1
0!2
0!4
1!7
1!9
0!:
#654500
1!
1#
1%
1&
0(
0,
0-
02
03
08
19
1:
1<
1?
1C
1D
1E
0H
1I
0K
0M
0P
0!$
1!)
1!*
1!,
0!/
1!1
1!4
0!7
0!8
0!9
1!:
1!;
#655500
1$
0%
0&
1(
1+
1,
1-
1.
1/
04
07
18
09
0<
1>
0?
0@
0B
0C
0E
1H
1M
1P
1!%
0!'
0!*
0!,
0!-
1!.
1!/
1!0
1!2
1!5
1!6
1!7
0!;
1!<
0!=
#656500
1'
0)
0+
0,
11
12
14
06
17
19
0>
1@
1A
1B
0D
1E
1F
1G
1K
1L
0M
0N
0P
0!%
0!&
1!*
1!,
0!1
0!3
0!6
0!7
1!9
#657500
1)
0*
1,
0.
0/
00
02
05
16
07
08
09
1?
0A
0F
0G
0H
0K
1!%
1!(
0!)
0!,
1!-
0!.
0!/
0!0
0!2
1!3
1!6
1!7
1!8
0!9
1!=
#658500
1*
1+
10
04
15
06
19
0:
1;
1=
1>
1A
1C
1F
1G
0I
0J
1K
1M
0!%
0!*
0!+
1!,
0!3
0!4
0!6
0!8
0!:
1!;
0!<
#659500
1&
0'
0)
0+
1.
00
14
05
17
0;
0=
0?
0@
0A
1D
0G
1H
1I
0K
0L
0M
1N
1!%
1!&
1!)
1!*
1!+
0!,
0!-
1!.
1!/
1!1
1!8
1!9
1!:
0!;
#660500
0!
0#
0$
0&
0(
0,
0.
01
13
16
07
1:
1;
1<
1=
1@
0C
0D
0E
0F
1G
0I
0!%
0!+
1!,
0!/
1!0
1!2
1!3
1!4
1!6
0!7
0!:
1!<
#661500
1&
1(
0*
1,
1/
10
03
04
15
06
17
18
0:
0;
1C
1D
1F
0H
1M
0O
0!#
1!'
1!/
0!0
0!2
0!4
0!6
0!8
0!9
0!=
#662500
1'
0(
1)
1*
0-
11
12
13
16
07
08
09
1:
1;
0<
0=
0>
1A
0C
0F
1I
1J
1K
0!)
0!,
1!-
0!.
0!/
0!1
0!3
0!5
1!6
1!8
1!9
1!:
#663500
1%
0&
1(
1+
1-
01
03
14
05
17
18
19
0:
1<
1=
0A
0B
1C
1H
0J
1L
1O
1!%
0!'
1!)
0!*
1!+
1!,
1!/
1!1
1!2
1!3
0!6
1!7
0!8
0!:
0!<
#664500
1&
0'
0)
0+
0,
0-
0/
00
11
02
15
06
07
09
1:
0;
0<
0=
1>
1A
0C
1F
0H
0K
0L
0M
0O
0!%
0!)
1!*
0!,
0!2
0!3
1!5
1!:
1!;
#665500
0%
0&
0(
0*
1+
1,
1.
1/
10
12
05
16
17
08
19
0:
1<
1?
0@
1B
1C
1H
0I
1J
1K
1L
1M
1O
1!#
1!%
0!&
1!)
0!*
1!,
0!-
1!.
1!0
1!2
1!3
1!4
1!6
0!7
0!9
1!<
#666500
1&
1)
1*
0+
0,
0.
0/
13
04
09
0<
1=
0?
0C
0D
0F
1I
0K
0L
0M
0O
1!&
0!(
1!*
0!,
1!-
0!.
0!/
0!0
0!2
0!3
0!6
1!9
1!=
#667500
1%
0&
1(
0)
1.
00
01
14
07
1;
0>
0A
0B
1C
1D
1F
0G
0N
0!%
0!)
0!-
1!.
0!1
1!2
1!3
0!4
1!7
0!9
0!:
0!;
0!=
#668500
1+
0.
1/
10
02
04
06
17
18
1:
0;
1>
1@
1A
1B
0C
0D
0F
0H
0J
1K
1O
1!$
1!%
0!&
1!)
0!*
1!,
1!/
1!0
1!1
0!3
1!4
0!5
1!9
1!:
#669500
1&
0(
0*
0+
1-
00
12
03
15
16
08
19
1;
0>
1?
0A
0B
1C
1G
0K
1M
1N
0O
0!)
0!,
1!-
0!.
0!/
0!0
1!6
0!9
0!:
1!;
0!<
#670500
1(
1)
1+
1,
1.
11
02
13
07
18
0:
0;
0@
1A
0C
0G
1K
1L
0N
0!#
1!'
1!,
0!-
1!.
1!/
0!2
1!3
0!6
1!9
1!<
#671500
1'
0(
0,
0.
10
01
14
05
06
09
1;
1<
0=
1>
0?
1@
0A
1B
1C
1D
1F
1H
0L
1N
1!#
0!$
0!%
1!&
1!*
0!+
0!,
1!-
0!.
0!/
1!0
0!1
1!2
0!4
1!5
0!7
1!=
#672500
1$
0%
0&
1(
1,
0-
1.
0/
12
03
04
15
08
1:
0;
0<
1=
0>
1A
0B
0C
0D
0F
1G
0I
1J
0!#
1!%
0!'
1!)
1!/
0!3
1!4
1!6
0!9
1!:
0!;
0!<
0!=
#673500
0$
0+
1-
0.
11
13
18
19
1<
0=
1>
1B
1C
1D
0H
0J
1!#
1!$
0!%
1!'
1!(
1!+
1!,
0!-
1!.
1!1
0!2
0!4
0!5
1!8
1!9
1!;
1!<
1!=
#674500
1*
0,
1.
1/
00
01
02
05
17
09
0:
0<
1=
0@
0A
0B
0C
1E
1F
0K
0M
1O
1P
0!#
0!&
0!'
0!(
0!+
0!,
1!-
0!.
0!/
1!3
0!8
0!9
0!;
0!=
#675500
1&
0'
0)
1+
0-
0.
10
11
12
14
15
07
08
1;
1<
0>
1@
1A
1C
1H
1J
1K
1L
1M
0P
1!#
1!%
1!'
0!)
1!+
1!,
0!-
1!.
1!/
1!2
1!4
1!5
0!6
1!8
1!9
1!;
0!<
#676500
1'
1-
00
01
04
05
17
18
19
1:
0<
0A
0C
0E
0F
0H
1I
0L
0!#
0!,
1!-
0!.
0!/
0!1
0!2
0!3
1!6
#677500
1)
0*
0-
1.
10
11
03
14
15
07
09
0:
0=
1>
1?
1A
1B
1C
1E
0G
1H
0I
0K
1L
0M
0N
1!#
0!%
1!&
0!'
1!)
0!*
0!+
1!,
0!-
1!.
1!/
0!5
1!<
#678500
1%
0&
0'
1,
00
01
02
13
04
08
0;
1<
0@
0A
0D
0E
1F
0!#
0!&
1!'
1!*
1!+
1!-
0!.
0!/
0!4
0!6
1!7
0!8
1!=
#679500
1!
1"
0%
0(
1*
0+
0/
11
12
14
16
17
18
19
1:
1=
0>
0?
1A
0B
0C
1D
0F
1G
0H
0J
1K
0L
1N
0O
1P
0!+
0!,
0!0
1!2
1!3
1!4
1!6
0!7
1!8
0!9
0!:
0!;
#680500
1(
0*
1+
0.
10
02
04
07
1>
1B
1C
0D
1E
1F
0G
1I
1M
1!%
1!&
1!0
1!1
0!2
0!4
1!5
1!7
1!9
1!:
1!;
0!=
#681500
1'
0)
0,
1.
1/
00
01
03
05
17
0<
0>
1?
0B
1H
0I
0N
1!#
0!%
0!&
1!+
1!,
1!/
0!0
0!1
1!2
1!4
0!7
0!9
0!:
0!;
#682500
1,
0.
12
15
06
0=
0?
1@
1B
0C
1D
0E
0F
0H
1J
1L
1O
0P
0!$
0!*
0!,
0!/
1!1
0!2
0!3
0!4
0!5
0!6
1!;
#683500
1#
1$
0'
0(
1)
1.
11
02
14
0:
1;
1=
1>
1?
0@
0A
1C
1E
1F
1G
1I
0J
0K
1N
0O
1P
1!&
1!(
0!)
0!-
1!.
1!/
1!0
1!2
1!4
1!9
1!:
#684500
1(
0)
0+
10
01
16
07
09
1:
0;
1<
0>
0D
0E
1J
1K
0M
1O
1!$
0!&
1!)
1!,
1!-
0!.
0!/
0!0
1!3
0!4
1!7
0!:
0!;
#685500
1'
0(
0,
1-
12
04
05
06
19
0:
0G
1H
0I
0K
0L
0N
0O
0!#
1!*
0!,
0!-
1!.
0!1
1!4
1!5
0!9
1!:
0!<
#686500
1&
0'
1*
1+
1,
00
11
13
14
15
16
08
09
1:
0<
1>
0?
0B
0C
1D
0F
0H
1I
1L
1N
1!&
0!)
0!*
1!,
1!/
1!1
0!2
0!3
0!5
0!7
1!9
0!:
#687500
1'
1(
1)
0*
0,
0-
10
01
03
05
17
1<
0>
1B
0D
1E
1G
0J
0L
1O
1!#
0!$
0!&
0!(
1!)
1!*
0!,
1!-
0!.
1!2
0!4
1!5
1!7
1!:
1!<
#688500
1%
0'
0)
1*
1,
0.
13
06
18
19
0<
1A
0B
0E
1F
0G
1H
1J
1K
1L
1M
0N
1!&
0!*
1!,
0!-
1!.
1!3
1!6
0!7
0!:
#689500
0!
0"
0#
0$
0%
0&
0(
1)
0+
1-
1.
00
11
03
07
08
09
0:
1?
0A
1B
1C
1E
0F
1G
0H
0K
0L
0M
0O
0P
1!%
1!(
0!)
1!-
0!.
0!/
1!7
0!9
#690500
1+
0,
0-
0.
0/
01
15
18
0=
0B
1D
0G
1H
1K
1L
0!#
0!%
0!&
0!'
0!(
0!,
0!-
1!.
1!0
0!1
0!7
1!9
1!:
0!<
1!=
#691500
1&
0+
1/
13
04
05
16
17
08
1<
1>
0C
0D
1F
0H
0I
0J
1N
1!%
1!*
0!+
0!6
0!8
0!9
0!:
1!<
0!=
#692500
1,
1.
10
11
02
03
15
06
18
19
1;
1=
0?
1@
1A
0E
0F
1H
1I
0L
1M
1!$
1!)
1!+
1!-
0!.
1!1
1!7
1!9
1!;
1!=
#693500
0&
1'
0*
0.
01
12
13
07
08
0;
0>
0A
1C
1E
0H
0I
0K
0M
1O
1P
1!'
0!)
0!*
0!+
1!,
0!-
1!.
0!0
1!4
0!5
0!7
1!8
1!:
0!;
0!<
#694500
1&
0'
1(
0)
1*
1+
1-
1.
0/
11
02
16
17
18
09
1:
0<
0=
1>
1?
1B
1F
1I
1J
1M
0P
0!%
1!&
0!'
1!*
0!,
1!/
1!0
0!3
1!5
1!6
1!7
1!<
#695500
1%
0&
0*
0+
0-
1/
00
01
12
03
05
06
1<
0?
0B
0C
0F
1G
0I
0J
1K
0M
1!#
1!%
1!'
1!)
0!*
1!+
1!,
1!-
0!.
0!/
0!0
0!2
1!3
0!4
0!5
0!6
0!8
0!9
0!:
0!<
#696500
1'
0(
1)
1*
0,
1-
10
02
13
16
07
19
0:
0>
1C
0G
0K
1L
1M
0N
0!,
1!4
1!5
#697500
0%
1&
0'
1+
1,
0-
0.
00
06
17
09
1:
0<
1=
1?
0@
0C
1D
0E
1F
1G
1H
1I
1N
0O
0!#
0!$
1!(
0!)
1!*
1!/
0!1
1!2
0!3
0!4
0!5
1!6
0!7
1!8
1!9
1!;
1!<
#698500
1(
0)
0*
0+
11
14
19
0:
1<
0=
1>
1C
0D
0G
0H
1K
0L
0N
1O
1!#
0!%
0!&
0!*
0!+
0!-
1!.
0!2
1!3
1!5
0!6
1!7
0!8
1!:
0!<
0!=
#699500
1'
0(
1+
0,
1-
12
15
16
07
1;
1=
0>
1@
1B
1D
1E
0F
1J
1L
0!#
1!%
1!+
1!0
1!2
0!3
0!7
1!8
0!9
0!:
0!;
1!=
#700500
1%
0&
0'
1)
0-
1.
0/
10
03
06
17
1:
0=
1>
0?
0@
0E
1F
0J
1N
1!,
1!1
0!2
0!5
1!6
1!7
0!8
1!9
#701500
1&
1*
1,
0.
00
13
16
07
09
1E
1G
1J
0L
0M
0N
0O
1P
1!#
1!&
1!)
1!*
0!,
1!-
0!.
0!/
0!0
1!3
1!4
1!5
0!6
0!7
1!8
0!9
1!<
#702500
1(
01
03
04
05
06
08
0;
1A
0B
0D
0E
0G
0K
1L
1M
1N
1O
0P
0!+
1!,
0!-
1!.
1!/
0!4
1!6
1!7
1!9
0!<
#703500
1$
0%
0&
1-
1.
1/
10
02
13
15
16
18
0:
1;
0<
0>
1?
0A
1B
0C
1E
0F
1H
1K
0L
0M
0O
1!$
0!&
0!'
0!(
0!*
1!-
0!.
0!/
1!0
0!1
1!2
0!3
1!4
0!7
0!9
1!:
1!<
0!=
#704500
1&
0(
0)
0*
0+
0.
11
05
06
17
08
19
1:
1<
1A
1C
0E
1F
1G
0H
0I
0J
0K
1L
1O
1!&
0!)
1!*
0!,
0!-
1!.
1!/
0!2
1!3
0!5
0!6
1!7
0!8
#705500
1*
00
01
03
15
07
18
09
0:
0?
0A
0B
1D
1E
0F
0G
1H
1M
0N
1!)
0!*
1!+
1!,
1!-
0!.
0!/
0!0
0!4
1!5
1!6
0!:
1!;
#706500
1)
1+
0-
0/
10
12
13
14
05
08
0;
1=
1?
1A
1B
0D
0E
1F
1J
1K
0M
1N
0!#
0!&
1!'
0!)
0!,
1!0
1!1
1!4
0!6
0!7
0!<
#707500
0$
0&
1(
0)
0*
0+
1-
02
16
18
19
1:
0<
0=
0A
0F
1I
0K
0L
1M
0N
0!$
1!(
1!,
0!-
1!.
1!/
0!0
0!1
1!2
0!4
0!5
1!6
1!:
1!<
1!=
#708500
1'
0(
1)
0-
1.
1/
12
03
15
09
1<
1>
0?
1@
1A
0B
1D
1E
1F
0I
1K
1L
1N
0O
1!$
1!&
0!'
1!*
0!,
1!-
0!.
0!/
1!0
0!2
0!3
1!5
0!6
1!7
0!<
#709500
1(
0)
1*
1-
0/
02
04
06
19
0:
0<
0@
0A
1B
0C
0D
1G
0H
1I
0N
1!#
0!%
0!+
1!,
1!1
1!3
1!6
1!8
1!9
0!:
#710500
1&
0'
0*
1+
0,
0.
1/
11
05
16
17
1:
0>
1?
1@
1D
0E
0G
0I
0L
0!#
0!$
1!%
1!'
0!,
0!-
1!.
1!/
0!1
1!4
0!5
0!7
0!8
0!9
1!:
1!<
#711500
0&
1)
1,
0-
1.
01
12
13
14
06
07
08
0:
1;
1<
1=
1>
1A
1C
0D
1E
0F
1I
0K
1L
0M
1!#
1!$
0!&
1!+
1!,
1!1
1!2
0!4
1!8
1!9
0!:
#712500
1'
0+
0,
0/
03
16
17
1:
0<
0=
0?
0@
0B
0C
0E
1G
1H
0J
1K
0L
0!$
0!(
1!)
0!,
1!-
0!.
0!/
0!0
0!1
0!6
1!:
0!=
#713500
1&
0'
1*
1+
1/
00
04
15
06
18
09
0;
1=
0>
1?
1@
1C
1D
1E
1F
0G
0K
1L
1N
0!%
1!(
0!)
0!*
0!+
1!,
1!1
1!4
0!8
0!:
0!;
1!=
#714500
0&
0(
0*
0+
1,
1-
0/
02
13
14
16
07
19
1;
1<
1>
0A
1J
0L
0N
0!#
1!)
0!,
0!2
0!3
0!4
1!5
1!6
1!8
1!:
#715500
1'
1(
0)
1*
0,
0-
1/
11
12
03
04
05
06
08
09
0?
1A
1B
0F
1G
1N
1!#
1!$
1!&
0!'
0!(
1!*
0!1
1!2
1!7
0!:
1!;
#716500
1,
14
16
17
18
0;
0=
0>
0A
0C
0I
0J
1L
0N
0!*
1!,
0!-
1!.
1!0
1!4
0!7
0!8
0!;
#717500
1&
0(
1-
0.
02
13
0:
1>
0@
1C
1F
1J
1K
0L
0!#
1!'
1!(
1!/
0!0
1!1
0!4
0!5
0!9
#718500
1)
0*
0,
10
01
06
08
19
1;
1=
0B
0C
0D
0E
0G
0H
0K
1M
1N
1!#
1!%
0!'
0!(
0!)
0!,
1!-
0!.
0!/
1!0
1!3
1!4
1!5
1!8
0!<
0!=
#719500
1(
1+
1,
0-
1.
0/
11
12
03
04
15
16
07
09
0;
0=
1@
1A
1D
0F
1G
0J
1K
1L
1!'
1!*
1!,
0!-
1!.
1!/
0!0
0!1
0!2
0!4
1!:
1!;
1!=
#720500
1%
0&
0'
0(
0)
1*
0+
0,
1-
0.
1/
01
02
05
06
17
1:
1;
0<
0>
0@
0A
1B
1C
0D
1F
0G
1H
0L
1O
0!#
0!%
0!'
1!)
1!+
0!,
1!-
0!.
0!/
1!1
1!2
0!3
0!5
0!6
1!7
0!8
1!9
0!;
#721500
1(
0*
0/
14
0:
1A
1E
0F
1G
0H
1J
0!$
0!&
1!'
0!)
0!*
0!+
0!-
1!.
1!/
1!0
0!1
0!2
1!3
1!4
1!6
0!7
1!;
0!=
#722500
0%
1'
0-
1.
1/
12
13
04
16
1<
1>
1?
0A
0G
0J
0K
0M
0N
0O
1!#
1!%
1!(
1!)
1!*
1!+
1!-
0!.
0!0
1!2
0!3
1!7
0!;
#723500
1&
0'
1)
1*
1+
0/
00
11
03
14
15
18
0;
1=
0>
0?
1@
1G
1I
1J
1N
0!#
0!%
1!&
0!'
0!+
1!,
0!-
1!.
1!5
1!;
1!<
#724500
0&
0(
0)
0.
1/
10
01
06
1>
1?
0B
0C
0E
0G
1H
1K
1!#
1!%
0!)
0!,
1!1
0!2
0!5
0!7
1!8
#725500
1'
1)
0*
1,
0/
11
02
04
08
19
1;
1B
1C
1E
1F
0H
0I
0K
1M
0N
1P
0!%
1!)
1!-
0!.
0!/
0!1
1!3
1!5
1!7
0!8
0!<
1!=
#726500
1&
0'
0)
1*
0,
1/
13
14
05
07
09
0<
0>
0?
0C
1D
0E
1G
1H
0J
1K
1L
1!$
1!'
0!)
1!+
0!-
1!.
1!/
1!1
1!2
0!6
0!7
1!8
0!9
0!;
0!=
#727500
1(
1)
1,
1.
0/
00
12
03
04
15
16
17
18
19
1:
1<
1>
1?
1A
0B
1C
0D
0G
0H
1I
1J
0K
0!#
0!&
0!'
0!*
0!+
1!,
1!-
0!.
0!/
1!0
0!1
0!3
0!4
0!5
1!6
1!7
0!8
0!:
1!<
#728500
0&
0(
0)
0*
0+
0,
1-
1/
10
01
13
14
07
08
09
0;
0<
0=
0>
0?
0A
1B
1D
1E
0F
1G
1H
0J
0M
1O
0P
1!#
1!)
0!,
1!1
1!8
1!9
1!:
#729500
1'
1(
1)
0-
0.
11
03
05
17
18
19
0:
1>
0@
0B
1F
0G
0H
0I
1J
1K
0O
1!+
1!,
0!-
1!.
0!1
1!3
1!4
0!7
0!8
#730500
0'
0(
0)
1,
1-
1.
0/
02
07
09
1;
1=
1B
0C
0E
0F
1H
0L
1N
1O
0!)
1!*
0!,
0!0
1!1
0!3
0!6
1!7
0!9
1!;
#731500
1'
1(
1)
0-
1/
01
12
13
06
19
0;
0=
0>
1A
1E
1F
1G
0J
1P
0!*
0!+
1!,
1!-
0!.
1!0
0!1
0!2
1!3
0!4
0!7
#732500
1&
0'
0(
0)
1+
00
11
02
03
04
15
17
1:
1;
1<
1>
1?
0D
0G
0K
1L
1M
0O
0!#
1!'
1!*
0!,
0!-
1!.
1!/
0!0
1!1
1!9
0!:
0!<
#733500
1'
1)
0/
01
05
16
07
08
0;
1=
0>
1@
1D
0E
0F
1I
1K
0L
0N
0!$
0!'
1!)
1!+
1!,
1!-
0!.
0!/
0!1
1!2
1!5
1!7
1!:
0!;
1!<
#734500
1/
10
12
15
06
17
1;
0B
1C
1E
0H
0I
0K
1N
1!$
1!%
1!&
1!'
0!(
0!)
0!*
0!+
0!,
0!-
1!.
1!/
1!0
1!1
0!7
1!8
0!9
0!:
1!=
#735500
1%
0&
1(
0)
1-
00
11
02
05
07
18
09
0<
1>
0@
1B
0C
0E
1H
1I
1J
1K
1L
0M
0N
0!$
0!%
0!&
1!(
1!)
1!,
0!3
1!4
0!5
1!6
0!8
#736500
0%
0'
0(
0-
10
14
16
17
08
0?
1@
0D
1E
1F
0L
0P
1!&
0!'
0!,
1!-
0!.
0!0
0!4
1!5
0!6
0!<
#737500
1)
1-
0.
0/
12
15
07
18
19
0:
0;
1<
0>
1?
0A
1C
0E
0H
0K
1M
1!%
0!&
1!'
0!)
0!/
0!2
1!4
0!5
1!6
1!8
1!9
1!<
0!=
#738500
1&
0+
0,
1.
1/
00
13
17
08
1:
1>
0?
0@
0C
0F
0I
0J
1O
1!#
1!&
1!)
1!,
0!-
1!.
1!0
0!1
1!7
1!;
#739500
1(
1*
0.
10
02
03
04
05
06
1;
0<
0=
0>
1?
1@
1A
0B
1C
1E
1F
1J
1K
1N
0!#
1!$
0!%
0!&
0!'
0!(
0!)
1!*
1!+
0!,
1!/
1!3
1!5
0!7
0!8
0!9
1!:
0!;
1!=
#740500
1'
0*
1,
0-
1.
0/
01
12
13
14
15
16
0:
1<
1=
1>
1B
0F
0K
0M
1!%
1!(
1!)
0!*
0!+
1!,
0!0
1!2
1!8
0!=
#741500
1%
0&
1*
1+
0,
1-
0.
1/
11
02
03
04
05
1:
0<
0C
1D
0E
1F
1G
0J
1L
1!*
1!-
0!.
0!2
0!5
0!6
0!8
1!9
1!=
#742500
1&
0'
0(
0)
0-
1.
0/
00
01
12
13
14
06
09
0:
0;
0=
0@
1C
0G
1H
1J
1!&
1!'
0!)
0!*
0!,
0!/
1!6
1!7
0!9
0!<
#743500
1$
0%
0&
0*
0+
0.
1/
02
15
1:
0?
0A
1E
1G
0H
0J
1K
1M
0!%
0!&
1!1
0!3
0!4
1!5
0!7
0!:
1!;
0!=
#744500
1!
1#
1%
1&
1'
1*
1,
0/
11
12
03
07
19
1;
1<
0>
1?
1@
0K
0N
1!%
1!)
1!*
1!+
1!,
0!1
1!2
1!3
1!4
0!6
1!8
1!9
1!:
1!<
#745500
1"
0#
0$
0%
0&
0'
1(
1)
1+
05
09
0;
1=
1>
0?
1A
0D
1I
1K
0L
0M
1N
0O
0!$
0!%
1!&
0!'
0!(
0!)
0!,
0!-
1!.
1!/
1!6
0!<
1!=
#746500
1&
0(
0)
0*
0+
1-
1.
10
01
17
19
0:
1;
0A
1D
0E
0G
1H
0I
0N
1O
1!%
0!*
1!-
0!.
0!/
0!3
0!5
1!7
0!8
0!9
0!;
0!=
#747500
1$
0&
1(
1+
0-
1/
02
04
07
09
1:
0;
1?
0@
1A
0B
0F
1I
0K
1L
1N
0O
1P
0!%
1!*
1!,
0!-
1!.
1!3
0!4
1!5
0!6
0!7
1!8
1!9
1!;
1!<
#748500
1'
0,
0.
0/
00
11
16
17
19
0=
0?
0A
1B
0D
1F
1G
0I
0N
0P
0!&
1!)
0!+
0!,
1!-
0!.
1!0
1!1
0!2
1!4
1!7
0!9
0!<
#749500
1&
0'
1*
1,
1-
1.
1/
10
01
12
14
15
07
0>
1?
1D
0H
1I
1J
1K
0L
1O
1P
1!#
1!(
0!)
1!+
1!,
0!-
1!.
1!/
0!0
0!1
1!6
0!7
1!9
0!:
1!=
#750500
0!
0"
0$
0(
0*
0+
0-
0.
11
13
06
1=
1>
0B
0C
1E
0G
1H
0I
1M
1N
0!#
1!&
1!'
0!+
0!,
1!-
0!.
0!/
1!2
0!3
0!4
0!5
0!6
1!:
#751500
1)
1+
02
04
0:
1;
1@
1B
0E
1G
0H
1I
0M
0O
1!$
1!%
0!&
0!'
1!,
0!-
1!.
1!/
1!0
1!7
0!9
0!:
0!;
0!=
#752500
0&
0)
1*
1-
1.
03
05
17
18
09
0;
0<
0>
0?
0@
1A
0D
1E
0J
0K
1M
0N
0!%
1!)
0!*
0!,
1!-
0!.
0!/
0!0
1!4
0!7
1!;
#753500
1(
0*
01
13
14
08
1:
1;
1<
1>
1?
0B
1D
0G
0I
1K
1N
0P
0!$
1!&
1!'
0!)
1!*
1!,
1!0
0!4
1!5
1!9
0!;
#754500
1'
1)
0+
0,
0-
0.
0/
00
11
12
04
07
18
0:
0;
0<
0=
0>
1B
0F
1G
1I
1J
0N
1O
1!#
0!'
0!*
1!+
0!,
0!-
1!.
1!3
1!4
1!6
1!:
#755500
1&
0'
0(
0)
1-
1.
15
17
19
1;
1>
1@
0B
1!%
0!&
1!'
0!(
1!)
1!*
0!+
1!,
1!-
0!.
0!2
0!3
0!4
0!5
1!7
1!<
1!=
#756500
1'
1*
1,
10
01
02
03
07
08
09
0>
0@
1B
0D
1H
0I
0J
0!#
0!)
0!*
0!,
1!3
1!4
1!;
#757500
1)
0.
1/
00
14
05
16
18
1:
1=
0?
0B
1C
1I
0K
0M
1!$
0!%
1!)
1!+
1!,
1!1
1!2
0!3
0!4
1!5
0!6
0!8
#758500
1(
0)
1+
0-
1.
10
12
13
04
0;
0=
1@
0C
1D
1F
1J
1N
1P
1!#
1!%
0!+
0!,
0!0
0!7
1!8
0!:
0!<
#759500
1%
0&
0'
1)
1-
0.
0/
11
03
14
15
17
08
1<
1B
1C
0D
0E
0I
1K
0N
0P
0!$
0!)
1!+
1!,
1!/
0!1
0!2
1!4
0!5
1!6
1!7
0!9
1!:
0!;
#760500
1'
0(
0)
0,
1.
01
02
13
04
05
07
18
19
0:
1>
0A
0C
1D
1E
0F
0G
0J
1L
1N
0O
1P
0!#
0!%
0!'
1!(
1!*
0!-
1!.
0!/
1!0
1!2
1!5
1!9
1!;
1!<
#761500
1&
0*
0-
11
12
15
08
09
0>
1?
1A
1C
0E
1F
1G
1J
1M
1!%
1!&
0!(
0!*
0!,
1!-
0!.
1!1
0!2
1!3
0!6
0!7
0!;
0!=
#762500
1(
1-
0.
02
03
06
17
19
1=
0?
0A
0C
0G
1I
0L
1!*
1!,
0!-
1!.
0!0
0!1
1!2
0!5
1!6
0!8
0!:
1!;
#763500
1$
0%
0&
1)
1*
0+
0-
1/
00
01
12
14
05
16
07
18
1:
1;
1>
1?
0H
0K
1L
0M
0N
0!+
0!,
1!/
1!0
1!1
0!3
0!4
1!7
0!9
1!:
0!;
#764500
1&
1-
11
02
15
0;
0<
0>
0?
0@
1A
1C
0D
1E
0F
0I
1K
1M
1O
1!'
1!(
1!)
0!*
1!+
0!2
1!3
1!5
0!6
1!9
0!<
#765500
1%
0'
0(
1,
0-
1.
0/
10
13
04
05
17
08
1;
1<
1>
1?
1D
1I
1N
0O
0!&
0!'
0!+
1!,
1!-
0!.
0!/
0!0
0!1
1!6
1!8
1!;
1!<
#766500
0$
0%
0&
1'
1(
0)
0*
1+
1-
0.
1/
01
12
03
14
15
06
0=
0>
0?
1@
0D
1F
1G
1H
0I
0M
1O
0P
1!#
1!$
0!%
0!(
0!)
0!,
0!-
1!.
1!/
1!1
1!4
0!5
0!9
1!=
#767500
1&
0(
1)
1.
00
11
02
13
16
0;
0<
0B
0E
0F
0J
0L
0!#
1!%
1!&
1!'
1!(
1!+
1!,
1!0
0!3
1!5
0!7
0!8
1!9
0!;
#768500
0&
0'
0)
0+
0-
0.
03
04
18
09
1;
1<
1?
0@
0A
1B
1E
0G
0H
1L
1M
0N
0O
0!$
1!)
1!*
0!,
1!-
0!.
0!0
0!1
1!2
1!3
0!4
0!6
0!9
1!;
#769500
1&
1'
1*
1+
0,
10
12
05
06
0:
0;
1@
1F
1H
1J
1P
1!#
1!$
0!%
0!'
0!)
0!*
0!+
1!,
0!-
1!.
1!0
0!3
1!4
1!7
1!8
0!:
0!;
0!<
#770500
1%
0&
0'
1(
01
02
13
15
16
07
08
1:
1;
0<
1=
0?
0@
1D
0F
1I
0M
1N
0P
0!$
1!)
1!*
1!+
0!,
1!-
0!.
0!/
0!0
0!2
0!8
1!;
1!<
#771500
1'
0*
0+
1,
1.
00
11
14
05
06
17
18
0;
1<
1?
1@
1A
0B
0C
0D
0E
1G
1M
0N
1O
1P
0!)
1!,
1!0
1!6
1!8
1!9
0!;
0!<
#772500
1&
0'
0(
1*
1+
1-
0.
0/
10
01
12
03
16
0:
1;
0<
0=
1>
1B
1F
0G
0J
0K
0M
0O
0P
1!)
0!*
0!,
0!0
0!5
0!7
0!8
1!;
#773500
0%
0&
1'
0,
0-
00
15
07
19
1=
1C
1D
1E
0I
1N
1!%
0!)
1!*
0!+
1!,
1!1
1!5
1!7
1!8
1!:
0!;
#774500
1&
1)
0*
1,
1-
11
02
13
05
17
1:
0;
0=
0A
0C
0E
1M
0N
1O
1P
0!#
0!%
0!&
1!)
0!*
1!+
0!,
0!-
1!.
1!/
1!0
1!2
1!3
0!5
0!8
0!9
0!:
1!<
#775500
1*
0+
01
12
03
15
0:
1=
0@
1A
0B
1C
1E
0H
1I
1J
0L
0M
1N
0O
0P
1!#
1!%
1!&
0!)
1!*
1!-
0!.
0!/
0!0
0!1
0!2
1!5
0!6
1!:
1!;
0!=
#776500
1(
0)
0,
1.
11
13
05
06
07
08
09
1:
1;
1<
0=
0>
0D
0E
1G
1H
0I
1K
0N
1O
1P
0!#
1!$
0!+
1!2
0!3
0!5
0!7
1!9
1!=
#777500
1)
1,
0.
1/
10
02
16
17
19
0:
0<
1>
1D
1E
1I
1M
0O
0P
1!#
1!'
1!+
1!,
0!2
1!3
1!6
1!7
0!9
0!:
0!;
0!<
#778500
1+
0,
0-
0/
00
12
03
15
06
07
18
09
1:
1<
0A
1B
0C
0D
0F
0G
0I
0K
1L
0M
1O
0!&
0!'
0!(
0!,
0!-
1!.
1!/
1!1
1!2
1!5
1!8
1!9
1!:
1!<
0!=
#779500
1%
0'
0(
0)
0*
1.
01
13
05
08
1=
0?
1D
0E
1G
0!#
1!0
0!2
0!5
0!6
0!7
1!;
0!<
1!=
#780500
1-
0.
1/
10
03
04
15
17
0;
0<
1?
1A
0B
1C
0D
1F
0J
1K
0!%
1!&
1!'
0!/
0!3
0!4
1!6
0!8
0!;
1!<
0!=
#781500
1$
0%
0&
1(
1)
1*
0+
1,
02
14
05
16
18
0:
1<
0=
0?
1B
0C
1E
0G
1I
1J
0K
0!&
0!'
1!(
0!*
1!,
1!/
0!1
1!4
0!6
1!7
0!9
0!:
1!=
#782500
1&
0)
1+
1.
12
04
15
06
07
1:
1;
1?
1@
0A
1C
1D
0F
1G
0H
1K
0L
1N
1!%
1!)
1!*
0!,
1!-
0!.
0!/
0!0
1!3
0!4
1!5
1!6
0!7
1!9
1!;
#783500
1)
0*
0-
0/
02
13
14
05
08
19
1=
0>
0?
1A
0D
0E
1H
0I
0J
0K
1L
0!%
0!(
0!*
1!,
1!0
1!1
1!2
1!4
0!6
0!<
#784500
1'
0)
1-
0.
00
11
12
03
15
17
18
09
0:
0;
1?
0@
0A
0B
1D
1E
1F
0G
0H
1I
1J
1K
1M
1!#
0!$
0!)
0!,
0!-
1!.
1!/
0!3
0!4
1!6
1!8
1!:
#785500
1%
0&
0'
0(
0,
1/
01
05
08
19
1:
0<
1>
0?
1@
0F
1G
1H
0I
0J
0L
0N
0!#
1!%
1!&
1!)
0!/
0!2
0!6
0!9
0!:
0!=
#786500
1)
0-
1.
02
13
16
0=
0@
1B
0C
0E
1F
0G
0K
1L
0!%
1!'
1!(
0!)
1!*
1!,
1!/
0!1
1!3
0!5
1!6
1!7
0!;
1!=
#787500
1!
0$
0%
1(
0)
1,
0.
0/
11
07
1<
1=
1@
1E
0F
1I
1K
0L
1P
1!#
1!%
0!&
1!)
0!*
0!+
0!,
1!1
1!2
1!4
1!5
0!7
1!:
1!;
#788500
1'
1)
1/
10
12
04
17
0:
1;
0<
0=
0B
1C
0D
1F
1G
0H
0I
1J
0K
1L
0M
1N
0!)
1!-
0!.
0!/
0!0
0!2
0!4
0!5
0!6
0!:
0!=
#789500
1&
0(
0)
0+
0/
01
1:
0;
1<
1=
0C
1D
0E
0G
1H
1I
0J
1K
1M
0N
0!%
1!&
0!'
1!*
1!/
1!4
1!5
1!7
1!9
0!;
1!=
#790500
1"
1$
1%
0'
1(
1/
00
11
14
15
06
07
18
09
0:
0>
1?
0D
0F
1G
0M
1N
0P
0!#
0!&
1!,
0!-
1!.
0!/
0!3
0!7
0!8
1!:
1!;
#791500
1#
0$
0%
0(
0,
1-
0/
03
08
19
1;
0@
1D
1F
0I
1J
1!$
1!%
1!'
0!(
0!,
1!/
1!0
1!3
0!4
0!5
1!6
1!8
0!9
1!<
0!=
#792500
1%
0&
1*
02
13
05
16
18
09
1:
0<
1>
1@
1B
0G
1I
0J
1!&
0!'
0!*
1!,
1!4
1!7
0!8
0!:
0!<
#793500
1(
1/
10
12
03
06
17
0;
0=
0B
0H
0I
1J
1!#
0!$
1!+
0!,
1!-
0!.
0!3
0!4
1!5
0!7
1!8
1!9
#794500
1.
0/
01
16
07
08
0:
1<
0?
0@
1A
0D
1E
1G
1H
1I
0K
0L
1M
0N
1!$
0!%
1!)
1!,
0!-
1!.
0!/
1!2
0!5
1!7
0!9
#795500
1'
0*
1+
1,
0-
0.
00
11
15
06
17
1:
1;
1=
1?
0A
1B
1C
1D
0E
0F
1K
0M
1N
0!#
0!)
1!*
1!-
0!.
1!4
0!8
1!9
1!:
0!;
1!=
#796500
1)
1*
0+
1.
1/
10
13
04
05
16
07
0:
0;
0>
0B
0C
0D
1F
0I
0J
1L
1!%
0!,
0!-
1!.
1!/
0!1
0!2
1!3
0!7
0!9
0!:
#797500
0!
0"
0#
0%
1&
0'
0(
0)
0,
1-
0/
03
15
06
1;
0=
1@
1A
1D
1E
0K
1M
0N
0O
0!$
0!%
0!&
1!'
1!(
1!,
1!-
0!.
0!/
1!2
0!3
0!4
1!5
0!6
1!:
0!=
#798500
1'
1(
1)
0*
1,
1/
00
13
05
16
1:
0;
0<
1=
0?
0@
0A
1C
0E
0H
1I
1J
0L
0M
1N
1!#
1!$
1!%
0!*
0!+
0!,
0!-
1!.
1!/
0!0
1!1
0!2
1!3
1!4
0!5
1!6
1!<
#799500
1*
0,
0/
01
03
15
06
19
0:
1<
1?
1@
1A
1B
1E
0F
0G
1H
0I
0!#
0!'
0!(
1!)
1!+
1!,
0!/
0!1
0!4
1!5
1!7
1!;
#800500
0&
0'
0(
0*
1+
1,
0-
0.
14
05
09
0?
0@
0B
0C
0D
0E
1F
0H
1!'
0!+
0!,
1!-
0!.
1!1
1!4
#801500
1-
1.
10
11
02
04
15
18
0<
0=
1>
1?
1@
1C
1D
1E
1G
1I
1K
1L
1M
0N
1!#
0!%
1!0
1!2
0!5
1!8
0!:
0!<
1!=
#802500
1'
1(
1*
0+
0,
0.
00
13
14
17
08
19
1:
1;
1=
0>
0@
1B
0C
0D
0E
0G
1H
0J
1N
1!%
1!*
1!,
0!-
1!.
1!/
0!0
0!1
0!4
1!5
0!8
1!:
0!;
#803500
1&
0'
0*
01
12
04
05
07
18
09
0=
1>
0?
1@
0B
0F
1G
0I
0!#
0!$
0!,
1!0
1!1
0!2
0!3
0!5
0!6
0!7
1!9
1!;
1!<
#804500
1*
1,
1.
1/
02
08
19
0:
0;
1<
1=
0>
1?
0A
1B
0H
1J
0K
0N
0!%
0!'
1!(
0!)
0!*
1!,
1!-
0!.
0!/
0!1
1!3
1!4
1!5
1!7
1!8
0!9
0!=
#805500
1%
0&
0)
0*
0,
12
17
18
09
1>
0?
0B
1C
1D
1E
0G
1H
1I
1K
1N
1!#
1!$
1!&
1!'
1!+
0!,
1!/
0!0
1!1
1!2
0!5
1!9
0!:
0!;
0!<
#806500
1'
1*
0/
02
03
14
16
07
08
19
1:
1;
0=
0>
1B
0C
1F
1G
0J
0K
0!#
0!&
1!)
0!+
1!,
0!2
0!3
1!5
0!7
0!9
1!<
#807500
1!
0%
1&
1+
11
15
17
09
0:
0;
1A
0B
1C
0D
0I
1J
1K
0N
1!%
1!*
0!/
1!0
0!4
0!5
1!6
1!7
0!8
1!9
1!=
#808500
1)
0*
0+
0-
0.
10
13
05
06
07
0<
1=
1>
1B
0C
0E
0F
1I
0J
0!%
1!+
0!,
0!-
1!.
1!2
1!3
0!6
0!7
1!8
0!9
1!:
0!<
#809500
1%
0&
0'
0)
1*
1-
1.
01
03
04
16
17
19
1;
1<
0=
0@
0A
0B
1C
1D
0G
0H
0I
1J
1!&
0!'
0!)
1!-
0!.
1!/
0!0
0!1
0!2
0!3
1!4
1!5
0!8
1!9
1!<
0!=
#810500
1"
1#
0*
1+
1,
0-
0.
1/
12
13
0;
1=
0>
1?
1A
1B
0D
1I
0L
0M
1N
1P
0!$
1!%
1!)
0!*
1!,
1!2
0!4
0!5
1!6
1!7
0!9
1!;
#811500
1'
0(
0/
02
15
06
09
1;
0<
0=
1>
1@
1D
1G
1H
0J
1L
0!+
0!,
0!-
1!.
0!2
1!4
1!5
0!6
0!7
0!;
#812500
1(
1*
1-
1/
00
03
05
18
1:
0?
0@
0B
0C
0D
1E
0G
0I
1J
0K
1M
0N
1!'
1!*
1!,
1!-
0!.
0!/
1!1
1!2
1!3
0!5
1!8
1!;
0!<
#813500
1)
0*
0+
0,
0-
11
12
13
15
07
19
0:
0>
1?
1@
1C
1D
0E
1G
1I
0J
0M
1N
1!$
0!%
0!&
0!'
0!(
1!+
0!,
0!1
0!2
1!5
1!7
0!:
0!;
1!=
#814500
1*
1+
1-
1.
01
02
16
08
0;
0C
0D
1E
0H
1K
1M
0N
1O
0P
1!#
1!'
0!)
0!*
0!+
1!,
1!/
1!1
1!2
0!3
0!5
1!6
0!8
1!9
#815500
1&
0(
0*
0+
0.
0/
12
05
06
17
09
1;
1=
1>
0?
0@
1C
1D
0E
1H
1J
1N
1P
1!%
0!'
1!+
0!,
0!-
1!.
1!0
0!1
0!2
1!3
0!4
1!5
0!9
1!:
0!=
#816500
1$
0%
0&
0'
1*
10
11
15
18
19
1:
0;
0=
1@
1B
0C
0D
1E
1F
0H
0I
0J
0K
0L
0M
0!$
0!%
1!*
0!+
0!/
0!0
1!4
0!5
0!6
0!7
1!;
1!=
#817500
1(
0)
03
14
05
1?
0A
0B
1D
0E
1I
1M
0N
0O
0P
1!%
1!&
0!*
1!+
1!-
0!.
1!/
1!0
1!1
1!2
0!4
1!8
1!9
1!<
0!=
#818500
0!
0"
0#
0$
1&
0(
0*
1+
0-
13
04
15
08
1;
1<
0@
1C
0G
0I
1K
1L
1O
1P
0!%
1!)
0!-
1!.
0!0
0!1
1!7
0!8
0!9
0!<
1!=
#819500
1(
1*
0+
1,
1-
1/
00
03
07
09
0:
0;
0<
1=
1@
1B
0C
1H
1I
1J
0M
0P
1!%
0!)
1!*
0!+
1!,
0!/
1!0
1!1
0!2
0!3
1!4
1!5
1!9
#820500
1'
0(
1)
0*
0,
0-
02
13
14
17
18
1:
1;
0>
1A
1C
1E
1G
0H
0J
0K
1N
0O
0!%
0!,
1!/
0!0
0!4
0!5
1!6
0!9
0!:
#821500
1*
0/
10
01
03
16
0:
1<
0?
0E
0I
1J
0L
0!#
0!&
1!)
0!*
1!+
1!,
0!/
1!0
0!1
1!3
1!5
0!6
0!7
1!8
#822500
1%
0&
0*
1+
1,
1-
1/
11
13
06
1:
0;
1>
0J
1K
1!%
1!'
1!(
0!+
1!-
0!.
1!1
1!2
1!6
1!9
1!:
0!;
#823500
1(
0)
0+
0,
0-
00
03
04
05
08
19
0>
0@
0A
0B
0C
0D
1E
0F
0G
1J
1!#
0!%
0!'
0!(
0!)
1!*
1!/
0!0
0!2
0!3
0!5
1!7
0!:
1!;
#824500
1&
1*
1,
0/
12
13
16
18
0:
1;
0=
1>
1?
1@
1A
1C
1D
1F
1G
1H
1I
1M
0N
1!&
1!'
1!(
0!1
0!6
0!7
0!9
1!<
#825500
1$
0%
0&
0'
0(
0*
1.
1/
02
03
15
0;
0<
1=
0>
0@
0A
0C
0E
0F
0G
0H
0J
0K
1N
0!&
0!'
1!)
1!+
0!,
0!/
1!1
1!4
1!5
1!6
0!8
1!9
1!:
0!<
#826500
1!
1"
1#
0$
1%
1&
1*
1-
0/
10
01
14
05
06
07
08
1;
1<
1@
1A
1H
1J
1P
1!%
1!&
0!)
0!*
0!+
1!,
1!/
1!0
0!1
1!3
0!4
0!6
1!7
1!8
0!:
0!;
1!<
#827500
1$
0%
0&
1+
0,
0.
00
11
12
13
04
16
18
09
0;
0<
1>
0@
0A
1B
0D
1E
1G
0H
0J
1L
0M
0N
1O
0!#
0!%
1!+
0!,
0!5
1!6
1!;
#828500
1)
0*
1,
1/
10
14
15
06
19
1:
1;
0?
1@
1A
0B
1C
1D
1M
1N
1!#
0!&
1!'
1!,
0!-
1!.
0!0
1!1
1!5
0!6
0!7
0!;
0!<
#829500
0!
0"
0#
0$
1(
0+
0,
0-
1.
0/
02
04
05
09
0>
0@
0C
0E
1F
0I
1J
1K
0L
0O
0P
1!%
1!)
1!*
1!0
1!2
1!4
0!5
1!6
1!7
0!8
1!;
1!<
0!=
#830500
1'
1*
1+
0.
1/
00
01
14
15
17
0:
1<
0=
1@
1B
1C
0D
0F
0J
0M
0N
1O
0!%
1!&
0!)
0!*
0!,
1!-
0!.
0!/
0!0
0!2
0!3
1!8
#831500
1,
10
12
03
07
08
1:
0<
1>
0@
0A
0B
1D
1E
1F
0G
1H
1I
0K
1M
1!%
1!)
0!+
0!1
0!7
0!8
0!;
#832500
1&
0(
0+
1-
1.
0/
00
04
05
16
17
18
19
0:
0;
0>
1@
1A
0C
0D
0E
0H
1J
1K
0M
1N
0O
0!#
1!$
0!%
0!'
0!)
1!*
1!+
1!,
1!0
1!2
1!3
0!4
1!5
0!6
1!7
0!9
1!:
#833500
1!
1#
0'
0*
0-
11
13
14
08
09
1;
1<
1=
0A
1D
1E
0I
0J
1L
0N
1!#
1!%
1!)
0!+
1!/
0!0
0!2
0!3
1!4
0!5
0!<
1!=
#834500
1'
1/
10
02
03
15
06
07
18
1:
0;
0<
0=
1>
0@
1B
0D
1G
1J
0K
1M
1N
0!$
0!%
0!&
0!*
1!+
0!,
0!/
1!9
1!<
#835500
1+
01
13
05
17
0>
1?
0G
1H
0J
1K
1!%
1!&
0!)
1!*
0!+
1!/
1!0
1!5
1!8
0!9
0!<
0!=
#836500
1%
0&
0)
1*
0.
11
03
16
19
0:
1<
1=
1>
0?
1@
1A
0B
0E
1G
0H
1I
0K
0L
0M
0N
1!)
0!*
1!+
0!/
1!1
1!3
0!4
0!5
1!6
0!7
0!8
1!=
#837500
1)
1-
1.
01
13
04
15
08
0<
1?
0A
1B
1E
0F
0I
1O
1!$
1!'
0!)
0!+
1!,
0!-
1!.
1!/
0!1
0!3
1!4
0!6
1!8
0!:
1!<
#838500
1(
0)
0+
0-
0.
11
03
05
06
07
18
1<
0=
0?
0@
0E
1F
1K
1L
1N
0!#
0!%
0!&
1!)
1!+
0!0
1!2
0!4
1!6
1!7
0!8
1!:
0!=
#839500
1)
0,
0/
14
16
08
0<
1?
1@
1E
1H
0K
0L
0O
1P
0!$
1!%
0!(
0!,
0!/
1!0
1!4
1!5
0!6
0!7
1!9
1!=
#840500
1"
0#
1+
1,
00
13
04
15
17
09
1:
1;
1=
0>
1D
0E
0F
0G
1I
1M
0N
1!#
0!)
1!*
1!/
0!0
1!1
0!2
1!3
0!5
1!6
1!7
0!9
1!;
0!=
#841500
1&
0'
0*
0,
10
01
12
14
06
18
0:
0;
0=
1>
0?
0@
1C
1E
1F
1G
0I
1K
1L
1O
0!#
0!%
0!*
1!,
1!2
0!3
1!5
0!6
0!7
1!9
0!<
#842500
1*
0+
1-
1/
02
03
05
08
1:
1;
1<
1=
0>
1A
0C
0E
0F
1I
0M
0O
1!#
1!%
1!(
0!,
1!-
0!.
0!/
0!1
0!2
1!7
0!9
0!:
1!=
#843500
1'
0(
0)
0*
1,
0/
13
04
16
07
0<
0=
1@
0B
1C
1F
0G
1M
1N
0P
0!#
1!$
1!*
0!+
1!/
1!0
1!2
1!3
0!5
1!6
1!8
1!9
1!<
0!=
#844500
1$
0%
0&
0'
1(
1+
0,
0-
1.
11
12
03
14
06
18
1=
1>
0A
0D
0F
0H
0M
1O
1P
1!#
0!%
1!&
0!'
1!)
0!*
1!+
0!/
1!1
0!4
1!:
0!;
0!<
1!=
#845500
1-
1/
00
01
13
17
0:
1<
0=
0>
1F
1G
1H
0I
0K
0L
1M
0O
0P
0!+
1!,
0!-
1!.
0!3
1!5
0!6
#846500
1)
0-
02
03
04
15
08
19
0;
0<
1?
1A
1B
1D
1E
0F
0G
1K
0M
1P
0!#
0!&
1!'
1!*
1!+
0!,
0!1
1!3
1!4
1!6
0!7
0!9
0!:
1!;
#847500
0!
0"
0$
1'
1*
1,
13
14
05
07
09
1:
1<
1=
0B
0C
0E
1F
0H
1J
0K
1L
0P
1!#
1!%
0!(
0!+
1!,
1!-
0!.
0!0
0!3
0!5
1!9
0!;
#848500
1&
0'
0(
0)
0*
0+
0.
0/
11
04
16
0<
0=
0A
1B
1C
0D
1G
1I
1K
1O
0!%
1!&
0!)
0!,
1!/
0!2
1!3
1!5
1!7
0!8
1!:
1!;
#849500
1%
0&
1)
1+
1.
1/
10
01
03
14
15
06
17
18
19
1<
1=
1>
0B
0F
1H
0I
0L
1M
0!&
0!'
1!(
0!*
1!+
1!,
0!-
1!.
0!/
1!0
0!4
0!5
1!8
0!9
0!:
0!;
1!<
0!=
#850500
1(
0)
1-
0/
00
11
12
04
05
16
09
0:
0=
0?
1A
1B
0C
1E
1F
0H
0K
1L
0N
1P
1!%
0!,
1!/
1!5
0!6
1!:
#851500
1'
0(
1)
1*
0+
0,
0-
1/
01
02
08
19
1;
0<
0>
1?
0A
1D
0J
1K
1N
0P
0!%
1!&
1!'
0!+
1!,
1!1
1!2
0!3
1!4
1!6
0!7
0!8
1!;
0!<
#852500
1!
1#
1$
0)
1+
1-
10
11
15
07
09
1:
1<
1=
0?
0B
0E
0G
1H
1I
1J
0K
0N
0O
0!#
1!%
1!)
1!*
1!-
0!.
0!/
0!2
1!7
1!9
0!:
0!;
1!=
#853500
1)
0*
0-
0.
0/
00
14
05
06
18
19
0<
0=
1>
0@
0D
0H
0J
1K
1!#
0!%
0!&
0!(
1!+
0!,
0!0
0!1
1!3
0!4
0!5
0!6
0!7
1!8
1!:
1!;
1!<
0!=
#854500
1"
0#
0$
0%
0'
1(
0)
1*
1,
1.
10
12
15
17
09
0:
0>
1@
1A
1C
0I
0K
1N
1O
1P
1!&
0!+
1!/
1!1
0!3
1!4
1!5
0!:
1!=
#855500
1'
1)
0*
0,
1-
1/
01
04
16
19
1>
0@
1B
1D
1G
1J
0O
0!#
1!%
0!)
0!*
1!+
0!/
1!0
0!1
1!2
1!3
0!4
1!6
1!7
0!;
0!<
0!=
#856500
1&
0'
0)
1,
0-
0/
00
13
06
07
0>
1@
0A
0C
0D
1E
0F
0G
1H
1I
1K
0L
0M
1!#
0!&
0!'
1!,
1!/
0!0
0!3
1!4
0!7
0!8
0!9
1!<
#857500
1'
0(
1)
1*
1-
0.
1/
11
02
03
08
09
0;
1<
1>
0@
1A
1D
0E
1F
0J
0N
1O
1!)
1!*
1!1
0!2
0!5
1!7
1!8
1!;
1!=
#858500
1%
0&
0'
0*
0+
0-
10
12
13
19
1;
1@
0B
0D
0F
0H
1J
1L
1N
0P
0!#
0!$
0!,
0!-
1!.
1!0
1!2
1!5
0!7
1!9
#859500
0%
1&
1'
0)
1+
0,
0/
01
03
05
17
18
09
1:
0;
0<
0>
1?
0A
1C
1D
1E
1H
0I
0K
0L
0N
1!$
1!&
1!'
0!)
0!+
1!-
0!.
0!/
0!0
0!1
0!2
0!4
0!5
0!8
0!;
0!=
#860500
1(
1*
0+
1,
1-
1/
11
13
15
16
19
0:
1>
0?
0C
0E
1F
1I
0J
1L
0O
1P
0!&
0!'
1!)
0!*
1!+
1!/
1!1
1!3
1!4
1!5
1!7
0!9
1!;
0!<
1!=
#861500
1)
1+
1.
0/
00
01
02
05
06
07
08
09
1:
1?
1A
1C
0F
1G
0I
0L
1M
1N
1O
0P
1!#
1!'
0!)
1!*
0!-
1!.
1!0
0!1
1!2
0!3
0!5
0!7
1!9
1!<
0!=
#862500
1%
0&
0)
0,
0.
15
16
18
1<
1=
0>
1B
0C
0D
1E
0H
1J
1K
1L
0M
0N
0O
1P
1!&
0!'
1!(
0!*
1!-
0!.
0!/
0!0
0!4
0!6
1!7
1!8
1!:
0!;
#863500
1&
0'
0(
1.
11
12
14
05
06
17
08
19
0=
0B
1C
0E
1M
1O
0!#
0!$
0!(
1!)
1!*
0!+
1!,
0!-
1!.
1!/
1!0
1!3
1!4
1!6
1!;
0!<
#864500
1'
1(
0*
0-
0.
1/
16
07
18
0:
1;
1=
0@
1B
1F
0J
0K
1N
0P
1!$
0!)
0!,
0!/
1!1
0!7
0!:
#865500
1$
0%
0&
0'
0(
0+
1,
02
08
09
1:
0;
0<
0?
0B
1D
0F
0G
1I
1K
0M
0N
0O
1!#
0!$
1!)
0!*
1!+
1!,
1!/
0!0
0!4
0!8
0!;
#866500
1%
1&
1(
1)
1+
1-
0/
01
12
04
15
17
18
19
0:
1;
1<
0=
1?
0A
1F
1H
0I
0K
0L
1M
0!#
1!$
1!'
1!(
1!*
0!,
1!-
0!.
0!/
0!1
1!5
1!7
1!8
1!:
1!<
1!=
#867500
1'
0(
1*
0,
0-
1/
10
11
07
08
09
1:
0;
1>
1E
1J
1K
1L
1P
1!#
0!%
0!(
0!)
0!+
1!,
1!0
1!1
0!3
0!6
0!7
1!;
0!=
#868500
1,
1-
0/
01
03
05
18
19
1=
0>
1A
0D
0E
0F
1G
0K
1!%
0!&
0!'
1!(
1!)
0!*
0!,
0!-
1!.
1!/
0!0
0!2
1!3
1!6
0!9
0!:
0!;
0!<
1!=
#869500
1(
0+
0-
1/
00
11
17
09
0:
0<
0=
1@
0A
1B
1E
0J
0L
0M
1!'
0!(
0!)
1!,
1!-
0!.
0!/
1!0
0!1
1!2
0!3
1!4
1!;
0!=
#870500
1#
0$
0%
0&
0'
0(
0)
1+
0,
0/
10
02
13
14
15
07
1:
1;
1>
0B
0E
1F
0G
0H
1I
1J
1K
1L
0!%
1!&
0!'
0!,
0!-
1!.
1!/
1!1
0!2
1!7
0!8
1!:
0!;
1!<
#871500
1'
0+
1,
1-
1.
1/
01
12
03
06
08
19
0:
0;
0>
0@
1B
0C
1D
1E
1H
0I
1!%
1!*
1!+
1!,
0!/
0!1
1!2
0!4
0!6
#872500
0"
0#
1&
1)
0.
0/
02
04
05
0?
1@
0B
0D
1I
1M
1N
0P
0!&
1!'
1!)
0!*
1!-
0!.
1!1
0!2
1!4
1!6
0!7
1!9
0!<
1!=
#873500
1"
1#
1$
1%
0*
1/
11
13
15
16
09
1:
1>
1?
0@
1A
1D
0E
1G
0I
0K
0L
0!#
0!%
1!&
1!*
0!+
0!-
1!.
0!1
1!3
0!6
1!7
0!=
#874500
0!
0"
0#
0$
0%
0'
1(
0)
1+
0,
0-
1.
14
05
17
19
0>
0D
1E
1L
0M
1!%
0!&
1!(
0!,
1!-
0!.
1!1
1!2
0!5
1!6
0!7
0!9
0!:
1!;
1!=
#875500
0&
0(
1*
0+
1-
0.
12
15
07
09
1;
1=
1@
1C
0E
0H
1I
1K
0L
1O
1!#
0!)
1!,
0!-
1!.
1!/
0!0
0!3
0!4
1!7
1!8
1!9
0!;
1!<
#876500
1(
1)
0-
1.
0/
00
02
03
05
17
19
0:
1>
0?
0@
0F
1H
1L
1M
0N
0!#
0!$
0!%
0!'
0!*
0!,
0!2
1!3
1!4
1!5
0!7
0!8
0!9
1!:
0!<
#877500
1&
0(
0)
0*
1+
1-
1/
10
13
04
06
09
0=
0>
1?
1@
1B
0H
0I
0J
1N
1!%
1!&
0!(
1!*
1!+
1!-
0!.
0!/
1!2
0!4
0!5
1!7
0!:
#878500
1(
1)
0-
0.
0/
01
12
14
07
1=
0?
0A
1E
1I
1!#
1!'
0!*
0!+
1!,
0!-
1!.
1!/
0!2
1!5
0!6
1!8
1!9
1!:
#879500
0&
0(
0)
0+
1,
1-
1/
00
03
18
0;
1?
1A
1F
0G
1J
0N
0O
1!$
0!&
0!'
1!(
1!*
1!+
0!,
1!2
1!4
0!5
0!8
0!9
0!:
1!;
1!<
#880500
1+
0,
0-
0/
11
13
15
16
19
1:
1<
1>
0?
0@
0A
1H
0I
1N
1O
0!#
1!)
1!,
1!-
0!.
1!0
0!1
0!4
1!5
0!7
1!9
1!:
#881500
1(
1*
10
02
03
05
06
17
1;
0<
1?
1@
0C
1D
0F
1G
1I
0J
0L
0M
0O
1P
1!#
0!$
1!&
0!(
0!+
0!,
0!/
0!0
1!1
0!2
0!3
1!4
0!5
1!8
0!9
0!<
0!=
#882500
1!
1$
1&
1'
0(
0*
1-
1.
00
01
12
15
16
07
0:
0;
1<
0=
0>
0B
1C
0D
0G
0I
0K
1L
1M
1O
0P
1!,
1!0
1!2
1!3
0!8
#883500
1*
10
11
02
13
04
06
08
09
0<
1A
1B
1D
1I
1K
0N
0!&
1!'
1!+
0!-
1!.
1!/
0!0
0!1
0!3
1!5
0!:
0!;
1!=
#884500
1)
0*
1,
00
01
12
1>
0?
0B
0C
0D
0E
1G
0M
1N
1!&
0!'
1!(
0!)
0!*
0!,
1!0
1!6
1!<
0!=
#885500
1(
0+
0-
0.
10
02
05
19
1<
1=
0@
1B
0G
0I
1M
0N
0O
0!#
0!(
1!*
0!/
1!3
0!4
0!6
1!8
1!9
1!:
#886500
1-
1.
00
11
12
03
15
16
18
09
0<
0>
1?
1@
0B
1D
1G
0H
1I
1J
0K
0M
1N
1!#
0!%
0!&
1!(
1!)
1!,
1!/
0!0
1!1
0!3
1!4
1!6
1!;
0!<
1!=
#887500
1%
0&
0'
0(
0)
0,
10
02
13
05
19
1:
1;
1<
1>
0?
0A
1C
1E
1F
0G
0I
0J
0L
1O
1!%
0!)
0!,
1!3
0!8
0!9
1!<
#888500
1(
00
01
14
06
17
09
0;
0<
0=
0@
0E
1G
1L
1M
0O
1!&
1!)
0!*
1!-
0!.
0!1
0!2
0!4
0!5
0!:
0!=
#889500
1/
10
11
03
04
15
16
08
0:
1<
0>
1@
1A
0D
1E
1I
1J
0M
0!&
1!'
0!)
1!*
1!,
0!/
1!0
1!1
1!7
1!9
1!:
#890500
0$
0%
1)
06
1=
1>
1B
0C
0G
1H
1K
0L
1M
1O
1P
1!$
1!)
0!*
0!-
1!.
1!/
1!2
1!4
1!5
0!7
0!9
0!;
1!=
#891500
1'
1*
1+
1,
0-
0.
12
14
05
18
19
1;
0=
1?
0@
0B
1C
0E
0F
0H
0J
0M
0P
1!&
0!(
1!*
0!,
1!-
0!.
0!/
0!3
1!8
0!:
1!;
0!=
#892500
1&
0(
0*
1-
02
04
07
08
09
0;
0>
0?
0C
1E
1J
1M
0O
1P
0!&
0!'
1!(
1!,
0!-
1!.
1!/
0!0
0!1
0!4
0!6
1!7
1!9
1!:
0!;
1!=
#893500
1(
1*
0,
1.
0/
01
13
16
1:
1;
0<
1?
0A
0E
1G
0I
0J
1L
0M
0N
1O
0P
0!%
1!&
0!(
0!*
0!,
1!-
0!.
0!/
1!0
1!1
1!6
0!9
1!;
0!=
#894500
1%
0&
0'
0(
0)
0*
0+
1,
0.
14
06
17
18
0;
1<
1>
1@
1B
1C
1E
1F
1I
0L
1M
1N
0O
1P
1!%
0!)
1!*
0!+
1!,
1!4
0!8
1!9
0!:
0!;
0!<
#895500
1'
1)
1+
0,
1/
11
04
19
0<
0?
0B
0C
0F
0G
0I
1J
0K
0M
1O
0P
0!&
1!'
1!)
0!*
0!-
1!.
1!/
0!2
0!7
1!:
#896500
1(
1*
0+
1,
0-
1.
00
14
07
0:
1;
1<
1=
0>
1A
1B
1F
1G
0J
1K
0N
0!#
0!%
1!&
0!'
0!,
1!-
0!.
0!0
1!2
0!4
0!5
0!9
0!:
1!<
#897500
1&
0*
0.
0/
03
04
15
16
17
08
09
0<
0=
1?
0@
0B
1C
0E
0F
0G
1I
0K
1N
0O
1!#
1!'
1!+
1!,
0!-
1!.
0!/
1!0
1!3
0!6
1!7
1!8
1!;
0!<
#898500
1$
0%
0'
0(
0)
1-
1/
10
13
14
05
06
18
19
1:
0;
1<
1=
0?
0C
1D
1G
1J
1L
0N
1!%
0!&
0!'
0!,
1!/
0!0
0!1
1!6
0!7
1!9
1!<
#899500
1%
0&
1'
1)
1*
1+
0/
12
04
07
08
09
0<
0=
0A
1B
1F
0G
1H
0I
1K
1N
1O
0!#
0!%
1!&
1!'
1!(
1!*
1!-
0!.
0!/
1!0
1!1
0!3
1!4
1!5
0!6
0!8
0!9
0!<
#900500
1&
0'
1(
0*
00
01
02
03
14
17
19
0:
1<
1=
1?
1@
1A
1C
0D
0F
1G
0H
1I
0J
0K
1M
0N
1!#
0!$
0!&
0!)
0!*
1!,
0!-
1!.
1!/
0!0
0!1
0!2
1!3
0!4
0!5
1!6
1!9
#901500
1'
0(
1*
0+
0,
1.
1/
11
04
18
1:
0=
1>
0?
0@
0B
0C
1D
1E
0G
1H
1J
0L
1N
0!#
1!$
1!&
0!'
1!)
1!*
1!0
1!1
1!2
0!3
1!4
1!5
0!6
1!7
0!9
0!;
1!<
1!=
#902500
0%
0&
0'
0)
1+
0/
12
15
16
07
09
0:
0<
1=
0>
0A
1B
0D
1F
0H
1K
0M
0O
1!#
0!)
0!*
0!,
1!-
0!.
0!0
0!2
0!4
0!5
1!6
1!;
#903500
1#
1&
0+
0-
0.
1/
02
13
05
06
17
1:
1<
0B
1D
0F
1H
0I
1M
0!#
0!$
0!&
1!)
1!*
0!+
1!,
0!/
0!1
1!3
0!6
0!7
1!8
0!;
#904500
1"
0#
1%
0&
1'
1(
1)
1,
0/
01
12
03
14
15
08
19
0:
1;
0<
1>
1@
1B
0D
0E
0H
0K
0M
1P
1!#
1!%
1!'
0!(
1!1
1!2
1!7
0!8
1!9
1!:
1!;
0!<
#905500
1&
0'
0(
0)
1+
0,
10
11
04
16
07
09
1:
0;
1<
0=
0>
0@
0B
1C
1D
1F
1H
1K
1L
1M
0N
1!$
1!(
0!*
0!,
0!-
1!.
0!1
1!6
1!8
0!9
0!:
0!;
0!=
#906500
0$
0%
1'
1(
1)
0*
1,
1.
1/
00
01
13
14
17
1;
1=
1>
1?
1B
1I
0M
1N
0P
0!%
1!&
1!+
1!,
1!/
1!0
0!2
1!5
0!8
1!9
1!:
1!;
1!<
#907500
0"
1#
0(
0)
1*
0,
1-
0.
10
11
02
04
05
06
07
18
19
0;
0<
0=
0>
0?
1@
0B
1E
0F
0L
0N
1O
1!%
0!)
1!1
1!2
0!5
0!7
0!:
1!=
#908500
1%
0&
0'
1)
0*
0+
01
15
08
09
0:
1;
1<
1=
0@
1A
1B
0C
0D
0E
1F
0H
0J
0K
1L
1N
1!)
1!*
0!+
0!,
1!-
0!.
0!/
0!3
1!4
0!6
0!9
0!<
#909500
1(
1*
1+
1.
0/
11
12
05
16
1:
0=
1?
1G
1H
1K
0L
0N
0!%
0!&
0!(
1!+
1!,
0!-
1!.
0!0
0!1
1!3
1!5
1!7
1!8
1!9
1!:
0!;
0!=
#910500
1&
0(
0*
0+
1/
01
02
15
06
17
19
0:
1=
0?
1@
0A
0B
1C
1D
1E
0F
0G
0H
0I
0K
1L
1N
0!#
0!,
1!0
1!1
0!4
0!5
1!6
0!8
#911500
1(
0)
1*
1,
00
11
12
03
05
09
1:
0@
1A
0D
1H
0L
0N
1P
1!#
1!%
1!&
1!(
0!+
1!/
0!0
0!1
0!2
1!4
0!6
0!7
0!9
1!=
#912500
1$
0%
0&
0(
1+
10
01
02
18
19
0:
0<
0=
1>
1?
1@
0A
0C
1D
0E
0H
1I
1J
1L
1N
0O
0!%
0!'
1!,
1!-
0!.
0!/
1!1
1!2
0!3
1!5
1!6
1!8
1!;
1!<
#913500
0$
1%
1&
1(
1)
0*
0,
0-
0.
00
11
12
15
16
07
08
0;
0>
0?
1C
0D
1E
0I
0J
1K
0N
0P
1!'
0!)
1!+
1!/
0!1
0!2
0!6
1!7
0!8
1!9
0!;
0!<
0!=
#914500
1$
0%
0&
0(
0)
0+
1,
1-
02
05
06
1<
1?
0@
1A
1B
0E
1F
1G
1I
0K
1M
0!#
1!%
0!&
0!'
0!(
0!*
1!0
1!3
0!4
1!6
0!7
1!8
0!:
#915500
0#
0$
1(
1*
0,
0-
0/
13
16
17
1=
1>
0A
0B
1E
0F
0G
0I
1K
0L
1O
1P
1!*
0!+
0!-
1!.
1!2
0!6
1!7
1!:
1!;
1!<
1!=
#916500
1"
1%
1&
1'
0(
1)
0*
1+
1-
1.
01
15
1;
0<
0=
0?
1@
1A
1B
1D
1J
1!#
0!%
0!*
1!+
0!,
0!2
1!4
0!5
1!6
0!8
0!:
0!;
0!<
#917500
1*
0+
1/
10
12
03
1:
0;
0B
0C
0D
1F
0K
0M
0!#
1!&
1!(
1!,
1!-
0!.
0!/
0!0
0!6
0!9
1!;
1!<
0!=
#918500
1$
0%
0&
0'
1+
0-
0.
0/
00
13
14
07
18
0:
1<
0A
1C
1D
0F
1I
0J
1K
1!#
0!$
1!%
1!*
0!,
0!-
1!.
1!/
1!2
0!3
0!4
1!5
1!6
0!7
1!9
0!;
#919500
0!
0"
0$
1(
0)
0*
0+
1,
1.
10
11
04
05
08
1:
1=
0>
1?
0D
1F
1M
1N
0O
0P
1!'
0!(
0!*
1!,
1!1
0!6
1!8
0!9
1!:
1!=
#920500
1'
0(
0,
1-
03
14
15
09
0:
1;
0<
1>
1B
0C
1D
0F
1H
1L
0!%
1!(
0!,
0!/
1!3
1!7
1!9
0!:
0!=
#921500
1%
0'
1,
0.
1/
04
05
06
0>
0?
0B
1C
0E
1G
1J
0L
0M
0!#
1!$
1!%
0!&
0!'
0!(
0!+
1!,
0!5
1!6
1!;
0!<
1!=
#922500
1)
1*
1.
01
02
14
17
1:
0;
1<
0=
1>
1A
0D
1E
0I
0K
1M
0N
1P
1!#
0!%
1!&
1!'
0!2
1!4
0!=
#923500
1&
0-
0/
00
11
12
13
04
15
19
1;
1=
0@
1B
0C
1F
0H
1L
0M
1N
0!#
0!$
1!(
1!+
0!,
1!/
0!1
0!4
0!7
0!8
0!9
1!:
1!<
1!=
#924500
1!
1"
1#
0*
0,
1/
10
02
03
05
07
0;
0<
0=
1@
0B
1C
1D
0E
0F
1H
0L
1M
0P
1!%
0!'
0!(
1!*
1!,
1!0
1!1
1!4
1!5
0!6
1!9
0!;
0!=
#925500
1(
0)
1*
1-
0/
00
12
09
0:
1=
1?
0A
1B
0G
0H
1I
1K
1L
0M
1!#
0!%
0!*
1!-
0!.
0!/
0!0
0!1
1!2
1!6
1!7
1!8
1!;
1!=
#926500
1)
1+
01
14
1;
0>
0C
1E
1G
1H
0N
1O
0!#
1!%
1!(
1!)
1!*
0!+
1!1
0!4
0!6
0!7
0!9
0!:
0!;
0!<
#927500
1'
0-
1/
11
02
13
17
19
1<
0?
1C
0E
0G
0J
0K
1M
0O
1!#
1!$
1!'
0!(
1!+
0!,
0!-
1!.
1!/
1!0
0!2
0!8
1!9
1!;
#928500
1$
0%
0'
0)
0.
0/
01
12
15
1:
0;
0<
1?
0@
1A
0B
0C
1E
1F
1G
0I
1K
0!&
0!'
1!,
0!/
0!5
1!6
1!8
0!;
1!<
#929500
0"
0$
0&
1)
0+
1,
10
02
04
18
0:
1;
1<
0=
0?
0A
1C
0D
0G
1I
1J
0K
0L
1N
1O
1P
0!#
0!%
1!&
1!(
0!,
0!1
1!2
0!3
0!8
0!9
0!=
#930500
1'
1.
00
03
14
16
07
08
09
1:
0;
1=
1?
1@
1B
0C
1D
0E
0H
0I
0J
1K
0M
0!&
1!'
0!(
0!)
0!+
1!-
0!.
0!0
1!1
0!2
1!3
1!5
0!6
1!7
1!9
0!<
#931500
1&
0'
0)
0*
1+
0,
1-
10
04
05
17
0:
0B
1G
1J
1!%
1!&
1!)
1!,
1!0
0!1
1!2
0!3
1!4
1!6
1!8
1!:
1!<
#932500
1'
1*
1,
0.
1/
11
14
15
07
19
1;
0<
1>
0?
1C
1H
0J
0K
1M
0N
0O
0!%
1!1
1!3
0!7
0!9
0!:
1!=
#933500
1"
1$
1%
0'
1)
0*
0+
0,
1.
0/
00
01
13
05
06
0;
1<
0>
1A
1B
0C
0D
1J
1K
1O
0P
1!#
0!'
1!(
0!)
0!*
0!,
1!/
0!0
0!1
0!2
0!3
0!4
1!7
0!8
1!9
1!:
0!<
0!=
#934500
0!
0"
0#
0$
0%
0(
1+
1,
0-
0.
1/
10
12
03
17
18
1:
1;
1>
1?
0@
1C
1D
1E
0G
0H
0J
0K
0M
1N
0!#
0!$
0!&
1!'
1!*
1!,
0!/
1!2
1!3
1!4
0!5
0!6
0!7
1!8
0!9
0!:
1!;
1!<
#935500
1*
1-
0/
02
04
07
09
0?
0C
0D
0E
1H
1J
1K
1L
1!#
1!)
0!*
1!+
0!,
0!-
1!.
1!/
1!0
1!1
0!3
1!7
0!8
#936500
0&
0)
0+
0-
1.
00
11
12
13
14
16
17
08
19
0;
0<
0=
0>
1?
0A
0B
1C
1D
0F
1G
0J
0K
0N
0O
0!#
1!%
1!&
1!,
0!/
0!1
0!4
1!6
0!7
1!9
0!;
#937500
1'
0*
1-
1/
01
02
03
15
07
18
09
0:
1;
1=
1A
0D
1I
1M
1N
1O
0!%
0!'
0!(
0!)
0!+
0!,
1!-
0!.
0!0
1!1
0!2
1!4
1!5
0!6
1!8
0!9
1!=
#938500
1*
0,
0-
0.
0/
10
12
08
19
0;
1>
1B
0C
1D
0G
1J
1!#
1!$
1!%
0!&
1!'
1!*
1!+
1!,
0!-
1!.
1!/
1!0
1!3
0!4
1!6
0!8
#939500
0'
1)
0*
1-
00
11
13
04
17
18
1;
0=
1@
0A
0B
1F
0H
0L
0M
0N
0O
0!$
0!%
1!&
1!(
0!*
0!,
1!-
0!.
0!/
0!0
0!5
1!7
1!8
1!9
1!:
1!;
0!=
#940500
1&
1(
0)
1*
1,
0-
01
05
09
1:
1<
1=
0>
0?
1A
1B
1E
0F
0I
0J
1K
0!#
1!%
0!&
0!(
0!+
1!,
0!-
1!.
1!/
1!2
0!3
1!5
0!6
0!7
0!9
0!:
0!;
1!=
#941500
1%
0&
0(
1)
1+
1-
1.
1/
10
02
14
15
19
0;
0<
1>
1?
0@
0A
1C
0E
1G
1L
1P
1!$
0!%
1!)
1!-
0!.
0!/
0!1
0!2
1!4
0!5
0!8
0!<
0!=
#942500
0%
0)
0,
0.
0/
11
12
05
08
09
0=
0?
0C
1F
1H
1J
0K
0L
1N
1O
0!$
1!&
0!'
1!(
1!*
1!+
0!,
1!2
1!3
0!4
1!7
1!:
1!;
1!=
#943500
1(
1)
0+
1,
0-
1.
00
03
06
07
18
1;
1<
1?
1@
1A
0B
0D
0G
0H
1M
1!#
0!(
0!)
0!2
1!5
1!6
1!8
1!9
0!;
0!=
#944500
1&
1'
0(
0)
0*
1+
1-
1/
13
15
17
19
0:
0<
1=
0>
0?
0@
0A
1B
1D
1G
1H
1I
0J
0M
1!(
0!*
1!,
0!-
1!.
1!/
1!0
1!1
1!2
0!3
0!6
0!9
1!<
1!=
#945500
0'
1(
1*
0.
03
05
16
09
0=
1>
1A
1C
0D
0G
0H
0I
1L
1M
0N
0O
0P
0!#
1!%
0!&
1!'
0!(
1!)
0!,
0!/
0!2
1!4
0!8
1!9
0!<
0!=
#946500
1'
0*
0+
0,
0-
1.
0/
01
15
07
08
1:
1=
0B
0C
1D
1E
1I
1K
0M
1!&
0!'
0!)
0!+
1!2
0!4
1!8
0!9
0!:
1!<
1!=
#947500
1!
1"
1#
1$
0&
0(
1)
1*
0.
10
11
02
13
0;
1<
1?
1@
0A
1C
0D
0E
0F
1G
1H
1J
1N
1!#
0!&
1!'
1!*
1!+
1!,
1!-
0!.
0!2
1!3
0!7
0!8
1!9
1!:
1!;
0!<
#948500
0#
1&
1(
1+
1-
1.
1/
00
01
12
04
18
19
0:
0?
0@
1A
0C
1D
1E
1F
0G
0H
0I
0K
0L
1!&
1!(
1!)
0!*
0!+
0!,
0!-
1!.
1!/
1!2
0!3
0!5
1!6
1!8
0!9
0!:
1!<
0!=
#949500
1%
0&
0'
0*
0+
0-
0/
14
05
06
08
09
1:
1;
0<
0=
0>
1B
1C
0E
1G
1H
1K
1M
0!%
0!)
1!*
1!+
1!,
1!-
0!.
0!/
0!0
0!6
0!8
1!:
0!;
#950500
1&
1'
0(
0)
1,
1-
10
02
03
18
1<
1=
1>
0A
1E
0G
1I
0K
1L
0N
0!#
1!%
0!&
0!*
0!,
1!0
0!2
1!3
1!9
#951500
1*
1+
0-
0.
00
15
17
08
0:
0<
0>
0B
0D
0E
1G
0I
0J
1K
0M
1N
0!(
1!)
1!*
1!,
0!-
1!.
0!1
0!3
1!4
1!6
0!9
0!<
1!=
#952500
1(
0+
0,
13
04
05
19
1:
0;
0=
1A
0G
1I
0L
1P
1!$
0!*
0!,
1!-
0!.
0!0
1!1
0!4
1!5
1!7
1!8
1!9
1!;
#953500
0"
1#
0$
0%
0'
0(
1)
0*
1+
1/
15
16
09
1;
1>
1?
1@
0A
0C
1D
0F
0I
1M
0N
1O
1!#
1!&
0!'
1!(
1!,
0!-
1!.
1!0
1!4
0!7
0!:
0!=
#954500
1"
0#
1(
1*
0+
1,
1-
0/
10
11
12
03
14
05
06
07
18
0:
0;
1<
0@
1A
1B
0D
1E
0H
0K
1N
0O
0P
0!#
0!&
1!'
1!*
0!,
1!-
0!.
0!0
1!3
0!4
0!8
0!9
1!:
0!;
1!<
#955500
0"
1#
1$
0(
0)
1+
0,
0-
1.
00
01
13
16
17
08
19
1:
1=
0>
1@
1C
1F
1O
0!$
0!'
0!(
0!)
0!*
0!1
1!2
0!3
0!6
1!9
0!:
1!;
0!<
#956500
0#
0&
1'
1)
0+
1-
02
03
04
15
18
0:
1;
0<
0=
1>
0@
0A
0C
1J
1K
1L
0M
0O
1!(
1!)
1!*
0!+
1!,
0!-
1!.
1!/
1!0
1!1
1!7
0!9
0!;
1!=
#957500
1"
1#
1&
0)
0*
1,
10
11
12
06
07
08
1:
0;
1=
0>
0B
1D
0E
0F
1G
0L
1M
1O
1P
1!#
0!%
1!&
1!'
0!(
1!+
0!,
0!2
1!4
0!5
1!6
1!8
1!:
1!;
0!=
#958500
1%
0&
0'
1)
1+
0,
0-
0.
1/
00
02
05
16
18
09
0=
1>
1@
1B
0D
1E
0G
1H
0K
0M
0N
0!#
1!$
0!'
1!,
0!0
0!1
1!2
1!3
1!5
0!6
0!7
0!8
1!<
#959500
1'
1*
0+
1-
0/
10
01
13
14
15
17
1;
1<
0>
0?
0@
1A
1C
1D
0E
1F
0H
1M
1N
0!&
1!'
1!(
0!*
0!+
0!,
1!1
0!5
1!6
1!7
1!8
0!:
#960500
0"
0#
0$
0'
0)
0*
1,
1.
12
03
04
06
0:
0<
1=
1>
1@
0A
0C
0D
1E
1H
0J
1L
0M
0P
1!&
0!'
0!(
1!,
0!/
1!0
0!4
0!6
1!:
1!=
#961500
1(
00
02
16
1:
0;
0=
1?
0@
1A
1D
0E
0F
1G
1I
1J
1!#
0!)
1!+
0!,
1!/
1!4
1!6
0!7
1!9
0!:
#962500
1"
1#
0%
1&
0(
0,
1/
10
12
05
06
07
0:
1<
0>
1@
1F
0I
0L
0N
0O
1P
0!#
0!$
1!%
0!&
1!'
1!(
0!+
1!,
0!0
0!1
0!6
1!7
0!8
0!<
0!=
#963500
1'
1+
1,
0-
0.
0/
00
11
02
14
17
08
1;
0<
1=
1C
0D
0G
1I
1!$
1!*
1!+
0!,
1!1
0!2
0!3
0!4
1!6
0!7
#964500
1%
0&
0'
1)
1-
10
12
15
16
07
1:
0;
1<
0=
1>
0?
0B
0C
1D
1E
0F
0I
1!#
0!'
1!,
1!0
0!1
1!3
1!5
0!6
1!8
0!;
1!<
#965500
1'
1(
0+
0,
0-
1/
00
04
05
06
19
1;
0>
1?
1C
0D
1F
1G
0H
1I
0J
1K
1M
1N
0!#
1!&
1!)
0!*
0!,
1!-
0!.
0!/
0!0
1!2
0!3
1!4
0!5
0!9
1!;
0!<
#966500
1+
1,
1.
0/
10
01
02
14
09
0:
1>
0G
0!&
1!'
0!(
1!,
1!1
0!2
1!6
1!7
1!:
0!;
1!=
#967500
1&
0'
0(
1*
0+
0,
1/
00
11
12
16
17
1:
0<
1=
0?
0@
1D
1H
1J
0K
1L
0!$
1!&
0!'
1!(
0!)
0!+
0!,
1!/
0!1
1!2
1!3
1!5
0!6
0!8
0!=
#968500
0!
0"
0#
0%
0&
1(
0)
0*
1+
1,
0.
13
04
0;
1<
0=
1?
1@
1B
0D
0E
1G
0H
0N
0!%
1!'
0!(
1!,
0!-
1!.
1!0
1!1
0!2
0!4
0!5
1!6
0!7
1!8
1!9
0!:
1!=
#969500
1&
0(
1)
1*
1-
0/
06
19
1;
1=
0>
0A
0B
0C
1E
0F
1K
0L
1N
1O
0P
0!'
1!(
1!*
0!,
0!0
1!4
1!7
0!8
0!9
1!:
1!<
0!=
#970500
1'
0)
0+
1/
01
03
14
15
16
07
09
0:
1D
0J
0K
0N
0O
1P
1!#
1!%
0!&
0!(
0!*
1!,
1!-
0!.
0!/
1!0
0!1
0!3
0!6
0!7
1!9
0!<
1!=
#971500
1(
1+
1.
0/
11
02
13
17
0;
0<
0=
0E
0I
1O
0P
0!%
1!&
1!'
1!(
1!*
1!+
0!,
0!-
1!.
1!/
1!5
1!6
1!7
1!8
0!:
0!=
#972500
1%
0&
0'
0(
0*
0,
0-
0.
1/
01
03
04
05
06
18
1:
1<
0@
1A
1C
0D
1I
1J
1K
1L
0O
1P
1!$
0!&
1!)
0!*
0!+
1!-
0!.
0!/
0!0
1!1
0!4
0!6
0!7
0!9
1!:
1!=
#973500
1&
0+
1.
0/
10
11
12
13
07
08
19
0:
1=
1>
1B
0C
0G
1H
0J
0L
0M
1N
1O
0!#
0!'
0!)
1!,
0!1
1!2
1!3
1!7
0!8
1!;
#974500
1$
0%
0&
1)
1,
0.
00
01
14
17
0<
0>
0?
1@
0A
1G
0H
1L
0O
1!&
1!)
1!*
0!,
0!-
1!.
1!/
1!0
1!1
0!2
0!3
0!7
1!8
0!:
#975500
1'
1(
1*
1+
0,
1-
1/
10
11
03
04
07
18
09
1:
1;
1>
0@
0B
1E
1F
0G
0I
1J
0L
0N
1!#
0!$
0!(
1!,
1!-
0!.
0!/
0!0
1!2
1!:
0!;
1!<
#976500
1!
1"
1%
1&
0(
0+
1,
1.
0/
00
14
16
08
19
0;
1<
1?
1A
1B
1C
1D
0E
1I
0J
1M
1N
0!#
1!(
0!*
1!+
1!/
1!0
0!1
0!2
1!3
1!4
1!6
1!9
1!;
0!<
#977500
1#
0$
0%
0&
0)
1+
0,
0-
0.
04
06
18
0:
1;
0=
0?
0B
0D
0F
1G
0I
1L
0M
1O
0P
1!#
1!%
0!(
0!+
0!,
0!/
0!0
1!1
1!2
0!3
0!4
0!5
0!8
0!:
1!<
0!=
#978500
0"
1$
0'
1)
1-
10
02
15
16
17
08
1:
0;
0<
0>
1@
0C
1D
0G
1H
1J
0K
1M
1P
0!#
0!&
1!'
0!)
1!*
1!+
1!,
0!1
0!2
1!3
1!4
0!6
1!7
0!;
#979500
1(
0)
0*
0+
1/
00
13
14
05
07
1=
1G
0H
1I
1K
0L
0N
0P
1!$
0!'
0!+
0!,
0!-
1!.
1!/
1!2
0!4
1!6
1!8
0!9
1!;
0!<
#980500
1'
1*
1+
0-
1.
0/
10
01
0:
1;
1<
1?
1C
1F
0G
1L
0M
1N
0!$
0!%
1!)
1!+
1!,
1!0
0!2
1!4
0!6
0!8
0!;
1!<
#981500
1&
0(
0*
1/
11
04
15
18
1:
0;
0?
1B
0C
0I
0K
0L
1M
0O
1P
0!)
0!*
0!+
0!,
0!/
1!1
0!3
0!4
1!5
1!8
1!9
1!;
#982500
1)
1*
0+
00
01
12
05
06
17
0<
0=
0A
1E
0F
0M
1O
1!%
1!&
1!)
1!*
1!+
1!,
0!1
1!2
1!4
1!6
0!8
1!:
0!;
0!<
#983500
0#
0$
1%
0&
0'
0*
02
03
07
08
09
1>
0@
1A
0B
0D
0E
1F
1I
0J
1K
1L
1M
1!#
0!)
0!+
0!,
1!-
0!.
0!0
1!1
0!4
0!5
1!8
0!9
0!:
1!;
#984500
1&
1(
1*
1+
12
14
16
1<
1=
0>
1?
0A
1E
0F
1G
0K
0M
0N
0!%
1!'
0!*
1!+
0!-
1!.
1!/
1!0
0!1
0!7
1!:
1!<
1!=
#985500
1'
0)
0*
10
04
15
06
17
18
19
0:
0=
0?
1A
1C
1D
0E
1H
1J
1K
0L
0O
0!#
1!(
1!)
0!2
1!3
1!4
0!6
0!;
0!<
#986500
1$
0%
0&
0'
0(
1)
1*
1,
0.
0/
11
07
08
1:
1;
0<
1>
1?
1@
1B
0D
0G
0I
0J
1L
1M
1N
1!%
0!+
0!/
0!4
1!5
1!6
0!8
1!;
1!<
0!=
#987500
1&
0,
13
05
17
18
09
0:
1<
0?
0@
1D
1F
1G
1J
0L
0M
1!$
0!&
0!)
1!+
1!,
1!1
1!2
0!5
0!:
#988500
1(
0)
1.
00
14
15
07
08
19
1:
0<
1=
0>
1?
0D
1E
0F
0H
0J
0N
1O
1!#
1!)
0!,
1!-
0!.
0!1
0!3
1!5
0!6
1!9
1!:
#989500
1'
1)
0*
1-
0.
10
01
02
03
04
05
16
18
0;
0=
0?
1@
0B
0E
1I
0K
1L
1N
0O
0!#
0!$
1!&
0!)
1!*
1!,
0!0
0!2
1!4
0!5
1!6
0!;
0!<
#990500
1%
0&
0'
1,
1.
00
12
13
06
17
09
1;
1?
0A
1E
1F
0G
0I
1J
1K
1!#
0!-
1!.
1!/
1!1
1!5
0!6
1!7
1!8
1!=
#991500
0!
0$
0%
1'
0(
1*
0-
0.
1/
11
03
15
19
1<
1=
1>
1A
1D
0E
0F
1G
1H
0J
0K
0L
1M
0!'
0!(
1!)
0!*
0!+
0!,
0!/
0!4
0!8
0!9
#992500
1(
0*
0+
0,
1-
10
01
02
13
16
07
0:
0;
0=
0@
0A
0D
0G
1L
0M
0P
0!#
1!$
0!%
0!&
0!)
1!,
1!-
0!.
1!/
1!0
0!1
1!3
1!6
1!9
1!;
#993500
1&
0'
0(
0)
1,
0-
1.
0/
00
11
05
06
08
1:
1=
1A
0C
1F
1G
1I
1M
0N
1O
1P
1!#
1!&
1!)
1!+
0!,
0!/
0!0
1!2
1!4
0!5
0!6
0!7
0!:
0!;
#994500
1)
1-
0.
1/
10
01
12
03
15
16
0:
1;
0<
0>
0?
1C
1D
0H
1K
0P
1!*
1!,
0!2
0!3
1!5
1!6
1!:
1!;
#995500
1(
0)
1+
02
13
14
05
06
17
18
1<
1?
0C
1H
1J
0L
0M
1N
0O
1P
0!)
0!,
1!2
1!3
0!6
1!8
0!9
0!:
1!<
#996500
1%
0&
1*
0-
0/
00
03
16
07
09
1:
0<
0=
1>
1@
0A
1B
0D
1E
0J
0K
1L
1O
0P
0!$
1!%
0!&
1!)
0!+
1!,
1!1
0!4
0!8
1!9
1!:
0!<
#997500
1'
0*
1.
10
11
13
04
06
19
1=
1A
1C
0F
0H
0I
0L
0N
0O
1P
0!#
1!&
0!*
1!+
0!1
0!2
0!3
1!4
0!5
0!:
0!=
#998500
1&
0'
0(
1*
0+
0.
1/
00
12
15
0:
1<
0>
0@
0B
0C
1D
1F
1H
1J
1K
1M
1N
0P
1!#
0!%
1!(
0!)
0!,
1!0
1!1
1!2
1!5
1!7
1!=
#999500
1(
0*
1+
0,
1-
1.
03
14
05
16
17
08
09
0;
1@
0A
1B
0F
0G
0H
1I
0K
0M
1P
0!#
1!%
0!&
1!'
0!(
1!*
0!-
1!.
0!2
0!4
1!6
0!7
0!9
#1000500
1'
0(
1)
1*
0+
1,
0/
10
01
15
06
18
19
1:
1;
0<
1C
1L
1O
0P
1!#
0!%
1!&
0!'
1!(
1!)
0!+
1!2
1!3
1!4
1!7
1!9
#1001500
1$
0%
0'
0)
0*
0,
1/
00
11
02
13
04
07
09
0;
1>
0?
1A
0D
1H
0I
0J
1K
0L
0O
1P
0!#
1!'
0!*
1!+
1!/
0!4
0!6
1!8
1!:
0!;
0!=
#1002500
1'
1,
0-
0.
0/
10
16
17
19
0:
1<
0>
1?
1F
1G
0H
1I
1J
0K
1L
0N
1!%
0!'
0!(
1!,
1!-
0!.
0!/
0!0
0!1
0!2
1!4
1!6
0!7
0!:
1!=
#1003500
1%
0&
1(
1)
0,
1.
00
01
05
06
07
08
09
0<
0=
1>
0@
0B
0C
1D
0E
0F
0G
0J
1M
1N
0!%
0!&
1!'
0!,
1!0
1!2
0!3
0!4
0!5
1!7
0!9
1!;
#1004500
0$
0%
1&
0'
1,
10
12
14
18
1:
1=
1B
1C
0D
1F
1G
1H
0M
0N
0P
1!#
1!%
1!&
0!'
1!(
0!+
0!-
1!.
1!/
0!0
0!2
0!6
0!8
1!:
#1005500
0&
0)
1-
15
17
08
19
0:
1<
0=
1@
0A
0C
1E
0F
0H
0I
0!#
0!&
1!'
0!(
0!)
1!+
1!,
1!-
0!.
0!/
1!0
1!3
1!8
1!9
0!:
1!<
0!=
#1006500
1'
0(
1*
0,
0-
11
05
16
18
09
0<
0>
0?
0@
1C
1D
0E
1F
0G
1M
1N
1O
1P
1!#
1!&
1!(
0!,
0!-
1!.
1!/
0!0
1!1
0!3
1!5
0!8
0!9
0!;
1!=
#1007500
1,
1/
02
15
08
19
1;
1<
1>
0D
1E
1G
1I
1K
0L
0N
0O
0P
0!%
1!)
1!*
0!+
1!,
1!0
1!2
1!4
1!6
1!8
1!9
1!:
0!=
#1008500
1)
1+
0,
1-
0.
0/
00
04
07
18
09
0;
1=
1?
1@
0C
1D
0E
1L
0M
1N
1P
1!%
0!&
0!(
0!)
0!,
0!0
0!1
1!3
0!5
0!6
0!8
1!;
1!=
#1009500
1&
0'
1(
0)
0*
1,
0-
10
01
12
03
05
06
17
19
0<
0=
0>
0@
1A
0B
1C
1E
0F
1H
0I
0K
1M
1O
0P
1!$
0!%
1!)
1!-
0!.
1!1
0!2
0!7
1!8
0!9
0!=
#1010500
1'
0(
0+
1-
1.
1/
00
14
15
16
07
08
09
1:
1;
1<
1=
1>
0?
1@
0C
0D
0G
0H
1I
1J
1K
0M
0O
0!#
0!$
0!'
0!)
1!,
0!-
1!.
1!2
0!4
1!7
1!9
0!;
0!<
#1011500
1%
0&
0'
1)
1+
0.
0/
10
11
02
06
17
18
0<
1?
0A
1C
1F
1H
0K
1!#
1!%
1!'
1!)
0!*
0!,
0!/
1!0
0!1
0!2
0!3
1!5
1!6
0!7
0!8
#1012500
1&
1'
1*
0+
1.
1/
00
01
16
19
0>
1A
0C
0E
1G
0H
0J
1K
0L
1M
1O
1P
0!'
1!(
0!)
1!+
1!/
0!6
1!7
1!;
1!<
#1013500
1$
0%
0&
0'
0)
0*
0,
0-
0/
13
04
08
09
0:
0;
0=
0A
1B
1C
1D
0F
1J
0K
1L
0O
0P
1!*
0!+
1!,
1!-
0!.
0!0
1!3
1!4
0!7
0!9
0!:
0!;
#1014500
11
06
18
19
1:
1>
0?
0@
0B
1E
1F
0G
0I
0L
0M
1!&
1!)
0!,
0!-
1!.
1!0
0!5
1!6
1!7
1!8
1!9
1!;
#1015500
1!
1#
1(
1,
0.
10
01
14
16
09
1=
1@
1A
1B
0C
0D
0E
0F
1G
1H
1I
0J
1K
1P
0!#
1!$
0!%
0!&
1!'
0!)
0!*
1!+
1!,
0!0
1!2
0!4
0!6
0!7
0!;
0!<
#1016500
1'
1+
00
12
03
04
05
06
07
19
1;
1<
0>
1?
0@
0A
0B
1E
0G
1M
0N
0P
1!&
0!'
1!*
0!+
0!,
1!-
0!.
1!4
1!5
1!6
1!:
1!;
#1017500
1)
0+
1-
1/
02
14
17
08
09
0;
0=
0?
1@
1A
1C
1F
1G
0H
0K
1L
1O
1P
1!#
1!'
1!)
0!*
1!+
1!,
0!/
0!2
0!4
0!6
0!8
0!9
0!:
1!<
#1018500
1%
0'
0(
0-
1.
0/
11
12
04
16
07
1;
0<
1=
1>
1?
1B
0C
1D
0E
0F
1J
0L
0M
1N
0O
0P
0!)
1!*
0!+
1!2
1!4
0!5
1!8
1!:
0!;
0!<
1!=
#1019500
1&
0)
0.
01
13
06
0:
1<
0?
0@
0A
0B
1C
0D
1E
1H
0I
0J
1L
1M
0N
1O
1P
0!(
1!)
0!*
0!-
1!.
1!/
1!0
1!1
0!2
0!3
0!4
1!5
0!8
0!:
1!<
#1020500
1'
1(
1*
0,
1/
02
03
16
0;
0>
1?
1B
1F
0G
0H
1I
0!$
0!&
1!*
0!,
1!2
1!3
1!4
0!5
1!7
1!8
1!:
#1021500
1"
0#
0$
0%
1)
0*
10
13
14
06
1;
1@
0B
0C
0F
1J
0L
0M
1!$
1!%
1!&
1!(
0!*
1!+
1!,
0!0
0!1
0!3
0!4
1!5
0!7
0!=
#1022500
1$
0)
1,
1-
0/
03
04
15
16
18
19
1:
0;
0<
0=
0@
1C
0E
1H
0I
0J
1K
1L
1M
1N
0!#
0!'
0!)
0!+
0!,
1!0
1!1
1!3
1!4
1!6
1!7
0!:
#1023500
1%
0&
0'
0(
1)
1*
0,
0-
1/
00
11
12
14
06
08
09
0:
1;
1<
1=
0?
1@
1B
1J
0K
0L
0M
0P
1!#
0!&
1!'
0!(
1!+
1!,
1!-
0!.
0!/
0!0
0!4
1!;
#1024500
1&
0)
1+
1.
0/
10
02
13
05
16
17
0;
1?
1F
1G
0J
1L
1M
0N
1P
0!%
1!&
0!'
0!,
0!1
0!3
1!9
0!;
0!<
#1025500
0"
0%
0&
0+
1,
1-
15
07
18
1:
1;
0<
0=
0?
0@
1A
0C
1D
1E
0F
1J
0L
0M
1N
0O
1!%
1!*
0!+
1!,
0!-
1!.
1!/
1!1
0!2
1!3
0!5
0!6
0!7
0!8
0!9
1!;
#1026500
1&
0,
0-
1/
01
12
05
06
17
08
0:
1<
1>
1?
0A
0B
1C
1F
0G
0H
1K
1L
1M
0N
0!#
0!$
1!)
0!,
1!0
0!1
1!2
1!6
1!7
1!8
1!:
#1027500
1'
1)
0*
0.
0/
00
11
03
16
19
0;
0>
1@
1A
1B
0E
0F
1I
1!#
0!&
1!'
1!(
1!,
0!0
1!1
0!3
1!4
0!8
0!:
0!;
1!=
#1028500
1"
1#
0)
1.
1/
10
01
02
13
06
18
1;
0<
1>
0?
0A
0C
0D
1F
1G
0J
0K
0L
1N
0!#
1!$
1!&
0!,
1!0
0!1
0!4
1!5
0!7
1!8
1!9
1!;
#1029500
1(
0.
0/
12
03
04
15
07
09
1<
1=
0>
1?
0B
1D
1E
0F
1H
0I
1J
0M
1!#
0!&
0!'
0!0
1!4
0!5
0!8
1!:
1!<
0!=
#1030500
0!
0"
0#
0$
0&
0'
0(
1)
1+
1,
1.
1/
13
14
0;
0<
1A
0D
0E
0G
0H
1I
1K
1O
0P
0!%
0!(
0!*
1!+
1!1
1!5
0!:
0!;
#1031500
1'
0)
1*
0+
0,
1-
0.
0/
11
04
05
08
1;
1<
1>
0@
1C
1E
1F
0I
0J
1!&
1!'
0!)
1!*
0!+
1!,
1!-
0!.
0!1
0!2
0!5
0!6
0!9
1!:
0!<
#1032500
1(
1)
1+
1.
1/
02
03
14
15
16
17
0;
0<
0=
0?
1@
0A
0C
1D
1G
1H
1I
1J
1!%
0!&
0!'
1!)
0!*
1!+
0!,
0!-
1!.
1!1
1!3
1!5
1!8
1!9
0!:
1!;
#1033500
1%
0(
0*
0-
0.
12
1<
1B
1C
0D
0G
0I
0K
1L
1M
0N
0!#
0!$
1!&
1!'
0!)
1!*
0!+
0!3
1!:
1!<
1!=
#1034500
1(
0)
1*
0+
1,
1-
1.
00
01
02
04
05
07
18
1=
0>
0@
1A
0B
0E
0H
1K
0L
1N
0O
1P
1!#
1!$
1!)
1!+
1!,
1!-
0!.
0!1
1!2
1!3
0!4
0!5
1!7
0!8
0!;
0!<
#1035500
0%
0'
0(
0/
10
15
17
08
19
1:
1;
0=
1>
0C
1E
0M
0!&
0!+
0!,
0!-
1!.
1!0
1!1
0!3
1!6
0!7
0!9
#1036500
1'
1(
1)
0*
0.
1/
13
06
09
1=
0>
1?
1@
1C
0E
1G
0J
1L
1M
0N
0P
0!#
0!%
0!'
1!(
0!)
0!*
1!+
1!,
1!-
0!.
0!1
1!3
1!5
1!9
0!:
1!<
0!=
#1037500
0'
0(
0)
0,
0/
12
14
05
19
0:
0;
0=
0A
0C
1D
1E
0G
1J
1O
1P
1!#
0!$
1!%
1!&
1!*
0!-
1!.
0!2
0!3
1!4
1!7
1!8
1!=
#1038500
1&
1'
1*
1+
0-
1.
02
04
16
18
1:
1=
1>
0@
1A
1B
1C
0E
1H
0!%
1!'
1!)
0!+
1!-
0!.
0!/
1!2
1!3
0!5
0!6
0!7
1!;
0!<
0!=
#1039500
1%
0&
0'
1,
1-
11
03
14
15
06
07
0:
1;
0>
0B
0D
1E
1G
0L
0M
1!%
0!&
0!'
1!+
0!-
1!.
1!/
0!3
1!6
0!9
1!:
0!;
#1040500
1(
1)
0+
0,
0-
0.
01
12
13
04
05
09
0;
0<
0=
0?
1B
0C
0G
0H
1I
1M
0O
0P
1!'
0!)
0!,
1!-
0!.
0!/
0!0
1!3
0!4
1!5
0!8
1!9
0!:
1!<
#1041500
1$
0%
0(
0)
1+
1-
1/
00
02
03
14
15
16
1=
1?
1@
0A
0B
1C
1D
0F
1G
0K
0M
1O
1P
0!#
1!&
1!)
0!+
1!,
1!/
1!1
0!3
1!4
0!5
1!7
1!8
1!:
1!;
#1042500
0$
1&
1(
0*
0/
11
12
05
17
08
1:
1;
0=
0?
0@
1A
1B
0C
0G
0J
0O
0!%
0!&
0!)
1!+
0!,
0!/
1!0
1!3
0!4
0!6
0!7
0!8
0!9
0!<
#1043500
0&
1'
0(
1)
1*
0+
01
02
04
15
06
07
18
0:
1<
1>
1?
1C
1F
1G
0I
1K
1!$
1!%
0!'
0!*
0!+
1!,
0!-
1!.
0!0
0!2
1!4
1!5
1!6
0!:
0!;
1!<
#1044500
1(
0*
1+
0-
10
12
13
17
0<
1=
0>
0?
1@
0E
0F
1H
1J
0K
1M
1O
1!#
0!%
0!,
1!-
0!.
1!/
0!1
1!2
0!3
0!4
0!5
0!6
1!7
1!9
1!:
#1045500
1&
0'
0)
1-
03
14
08
0;
0=
1>
1?
1E
0H
0J
1K
1L
1N
0O
0!#
1!&
1!'
1!*
1!+
1!,
0!-
1!.
1!0
1!1
1!5
1!8
0!9
0!:
1!;
0!<
#1046500
0&
0(
1,
1.
00
02
13
05
07
18
1<
1=
0@
0B
0C
0D
1F
1I
1J
0K
0M
0P
0!&
1!)
0!*
0!,
0!0
0!1
0!2
0!5
0!7
0!8
#1047500
1&
1'
1*
0+
0,
0-
10
11
12
04
17
08
0>
1B
1D
0G
0L
1M
0N
1O
1!#
1!%
0!+
1!,
1!1
1!2
1!4
1!5
1!6
1!8
1!:
0!;
#1048500
1)
1,
0.
00
01
02
14
15
07
19
1;
0=
1>
0?
1@
0A
0B
1C
0D
0F
0I
0J
1L
0M
0O
0!$
0!%
0!'
0!)
1!*
1!+
0!,
1!0
0!2
0!4
0!5
0!6
0!8
1!9
0!:
#1049500
1+
0,
1.
1/
10
03
09
1:
0;
0>
1B
0C
1D
1J
1N
1O
0!#
1!%
1!&
1!'
0!(
0!*
0!+
1!,
1!-
0!.
0!0
1!3
0!9
1!<
1!=
#1050500
1!
0&
0'
1(
0)
0*
0+
04
05
16
17
19
1;
0<
1A
0B
1C
1I
0L
0!%
0!'
1!)
1!*
1!+
0!,
0!/
1!0
1!4
1!5
1!6
1!8
1!9
1!:
1!;
#1051500
1&
0(
1)
1*
1-
00
11
12
15
06
07
18
0:
0;
1>
1?
0@
0C
0D
1F
1H
0I
0J
1M
0N
1!#
1!$
0!&
1!(
0!)
0!*
0!+
1!,
0!-
1!.
1!/
0!1
0!3
0!6
1!7
0!8
0!:
0!;
0!=
#1052500
1#
1%
0&
1'
0)
1,
0.
10
01
13
05
16
08
09
1;
1<
1=
0>
0A
1B
1C
0E
1G
0H
1I
0M
0O
1P
1!&
1!)
0!,
0!0
1!1
1!2
1!3
0!5
1!6
1!8
1!:
1!;
#1053500
0#
1(
1)
0*
1+
0/
00
17
18
19
0B
0C
1D
1E
0F
0I
1K
0!&
1!'
0!(
1!-
0!.
0!/
0!1
1!5
0!6
0!7
0!8
0!<
#1054500
1&
0(
0)
1*
0+
0,
1/
10
03
15
09
1:
0;
0=
0?
1A
1B
1J
0K
1!%
1!&
1!,
1!/
0!2
0!4
0!5
0!9
0!;
#1055500
1$
0%
0&
0'
1)
0*
1+
0-
1.
00
02
05
06
07
08
1;
1=
1>
1@
0B
0D
0G
1H
0J
1L
0!$
0!&
0!'
0!)
1!*
1!+
0!,
0!/
1!1
1!2
0!3
1!5
1!6
0!:
1!<
1!=
#1056500
1'
0)
1*
0+
1-
0/
11
13
15
16
19
0;
0<
0>
0@
1D
1I
1K
1N
1O
0P
1!)
0!1
0!2
1!3
1!7
1!9
1!:
0!=
#1057500
1"
1%
1&
1)
0*
1,
1/
10
03
05
17
18
09
0:
1<
0=
1>
1?
1@
0D
0E
1G
0!#
0!%
0!)
0!*
0!-
1!.
1!0
1!1
0!3
0!5
0!7
1!8
0!:
0!<
1!=
#1058500
1#
0$
0%
0&
1(
0)
1*
1+
0,
0.
00
12
13
15
06
1:
0<
1=
0>
0@
1B
1E
1F
0G
0K
0L
1!#
1!%
1!)
1!*
1!,
1!-
0!.
1!/
0!0
0!1
1!3
1!4
1!5
0!6
0!8
1!:
1!;
#1059500
0!
0"
0#
0'
0(
1)
0+
1,
0-
1.
0/
10
02
03
14
07
08
1;
1<
1@
0A
0B
1C
0E
0F
1G
0I
1K
0!#
1!&
1!'
0!)
0!,
0!-
1!.
1!0
0!3
0!5
1!6
1!7
1!8
0!9
0!;
#1060500
1'
1+
0.
01
12
13
05
17
18
1>
0@
1A
1B
1E
0G
0H
1J
0K
1L
1!#
1!$
1!(
1!,
1!-
0!.
0!/
1!1
1!2
1!<
0!=
#1061500
1&
0*
1-
1.
03
15
16
07
0=
0>
0?
0B
0C
1D
0E
1K
0L
0!$
0!%
0!&
0!,
0!0
0!2
0!4
1!5
0!6
0!7
0!8
1!9
0!:
0!<
#1062500
1(
0)
1*
0,
0.
00
11
02
04
05
06
17
19
0A
1E
1G
1H
1I
0J
0K
1L
1M
0N
1!$
1!%
0!'
1!)
0!+
1!,
0!-
1!.
1!0
0!1
1!4
0!5
1!7
1!8
#1063500
1)
0*
0+
0-
1.
1/
01
12
15
16
0:
0<
1=
1C
0D
0E
1F
0G
0H
0I
1J
1N
0!$
1!'
0!,
1!-
0!.
0!4
1!5
1!6
0!7
0!9
1!;
#1064500
1%
0&
0)
1*
1+
1,
0.
0/
10
02
13
14
05
07
08
0;
0=
1A
0F
1G
1K
0L
0N
1P
1!&
0!*
1!+
0!-
1!.
1!/
0!0
1!1
1!3
1!7
0!8
1!:
0!;
1!=
#1065500
0%
1&
0'
0+
1.
1/
00
03
15
06
1<
1>
1?
1@
0A
1I
0J
0K
1L
1N
0O
0!%
1!*
1!,
0!3
1!4
0!6
0!7
1!;
1!<
#1066500
1'
0(
0*
0,
1-
0.
0/
13
04
16
18
09
1=
0>
1A
1B
0I
1K
0L
0M
0N
1O
0P
1!%
0!(
0!,
1!-
0!.
0!/
1!0
0!1
1!6
1!7
0!:
0!=
#1067500
1.
11
14
05
06
17
1:
1;
0=
1>
1D
0!#
0!&
0!*
0!+
1!,
0!0
1!1
0!4
0!5
0!6
0!7
0!;
#1068500
1!
1"
1$
1%
1)
1*
1+
0-
0.
1/
10
16
07
08
19
0:
1=
0?
0@
0B
0D
1E
1F
0G
1J
1M
1N
1!#
0!%
0!)
1!*
0!,
1!0
1!2
1!5
1!6
1!7
1!9
1!;
#1069500
1#
0$
0%
0&
0'
0)
0+
1,
00
01
03
04
17
09
1:
1?
0C
0K
0M
0O
1!$
1!&
0!'
1!(
1!)
1!+
1!,
0!-
1!.
1!4
1!8
0!<
1!=
#1070500
1&
1+
0,
1-
1.
10
11
15
07
0;
0<
0>
1@
1B
0E
0F
1I
0J
1K
1L
0!#
0!$
1!%
1!'
0!(
0!*
0!+
1!-
0!.
0!1
0!2
1!3
0!4
0!5
0!9
#1071500
0!
0"
0#
0&
0*
1,
0.
01
13
05
06
17
19
0:
1<
0=
1C
1D
1F
1G
1H
0K
0L
0N
1!#
1!(
0!)
1!+
0!,
0!-
1!.
1!/
1!1
1!2
0!3
1!4
1!5
0!6
0!7
1!9
1!:
0!;
#1072500
1'
0+
1.
00
12
15
07
18
0<
1>
0C
1E
0H
0I
1J
1L
1M
0!#
1!$
1!)
1!*
0!/
0!4
0!5
1!7
0!8
1!;
0!=
#1073500
1&
1*
0/
11
03
17
08
09
1:
1;
1<
0>
0?
0@
0B
1C
0E
0F
1I
1K
1O
0!&
0!)
0!*
1!/
0!0
1!3
1!5
1!6
0!:
1!<
1!=
#1074500
1+
0,
0.
14
16
07
18
0:
1=
1?
1@
0A
1B
0C
0I
0J
0O
1!#
1!&
1!)
1!-
0!.
1!4
0!7
0!;
0!=
#1075500
1%
0&
0'
1(
1)
0*
0+
1,
0-
10
13
06
17
19
0;
0=
1>
0?
1A
0B
1C
0D
1F
1H
1I
1J
1O
0!#
0!+
1!,
1!0
0!1
0!2
0!4
0!5
0!6
1!7
1!8
1!:
1!;
#1076500
1'
0(
0)
1*
1+
0,
1-
1.
00
02
05
16
08
09
1:
1;
1=
0>
0@
1E
0F
0H
0K
0L
1N
0O
1!#
0!%
0!&
0!'
1!+
0!,
0!/
0!0
1!6
0!9
0!:
0!;
#1077500
0%
1)
0+
0-
0.
1/
03
07
0<
1>
0A
1D
0G
0I
0J
1K
1L
0N
1O
1P
0!)
0!-
1!.
1!/
1!0
1!1
1!2
0!3
1!4
1!5
0!7
0!8
1!9
1!:
1!;
0!<
1!=
#1078500
1&
0'
1(
0*
1+
1,
1-
1.
0/
13
06
18
19
0:
0;
0=
1?
1A
1B
1F
1G
1I
0K
0L
0M
0O
0P
1!%
1!&
1!'
1!)
0!+
1!,
1!-
0!.
0!/
0!0
0!4
1!8
0!9
#1079500
1'
0(
0-
0.
1/
10
04
15
17
08
09
1:
1;
1<
1=
0B
0C
1N
1O
1P
0!&
0!)
1!*
0!,
0!-
1!.
0!2
1!4
1!7
0!8
1!9
0!;
1!<
#1080500
1%
0&
0'
1(
1*
0+
1.
12
03
05
16
07
18
0:
0>
0?
1@
0A
1B
1C
0D
0E
0I
1K
1M
0O
0P
0!%
1!&
1!)
1!+
1!-
0!.
1!2
1!8
1!;
0!<
0!=
#1081500
1!
1"
1#
1$
0%
1'
1+
0/
00
01
15
1:
0=
1?
1A
1I
0K
1L
0N
1P
1!%
0!&
0!)
0!*
1!,
0!-
1!.
1!/
1!0
0!2
0!6
0!9
1!<
#1082500
1&
0(
0*
0,
1-
10
02
08
0;
1=
0?
0@
0C
1E
0F
1H
0I
1K
0L
0M
1N
1O
0P
0!#
0!$
1!&
0!'
0!,
1!-
0!.
0!/
0!0
0!1
1!2
0!4
0!7
0!8
1!9
0!:
0!<
#1083500
0"
0#
0$
1%
0'
1(
1*
0+
1,
11
12
0:
0<
1>
1?
1@
0A
0E
1F
0G
0H
1J
0K
0N
1!#
1!$
0!&
1!'
1!)
0!+
1!,
0!-
1!.
1!/
1!0
0!2
1!3
1!6
1!8
0!;
1!<
#1084500
1'
0(
0)
0*
1+
0-
0.
00
01
02
13
05
17
1:
0>
0@
1A
0B
1C
1D
1E
1I
0J
1N
1P
0!%
1!&
1!+
0!,
0!0
1!1
1!2
0!3
1!7
0!8
1!:
1!;
0!<
#1085500
1$
0%
0&
0'
1)
1*
0,
1.
10
11
12
15
06
07
18
0:
1;
1<
0=
0?
0A
1B
1H
0I
0N
0P
0!$
0!+
1!,
0!/
1!0
0!2
1!3
0!5
0!6
0!7
1!8
0!9
#1086500
1(
0*
1,
0.
01
03
14
05
08
19
1:
1>
1@
1A
0F
1G
1K
1N
1P
1!%
1!+
0!,
1!-
0!.
0!1
1!5
1!6
0!8
1!9
0!:
1!<
#1087500
1#
1&
0(
0)
0+
1-
1.
00
11
15
18
0;
0<
1=
0>
1?
0@
0C
0E
1F
0G
0H
1I
0K
1L
1M
0O
1!$
0!)
0!+
1!,
1!/
0!0
1!1
0!5
0!6
1!7
0!9
1!:
0!;
0!<
1!=
#1088500
1"
0#
1%
1'
1)
0-
0.
1/
10
01
02
04
16
17
08
09
1<
0=
1>
0A
0B
0D
0F
1G
1H
0!,
0!-
1!.
0!1
1!2
0!3
1!4
0!7
1!8
1!9
#1089500
1#
0$
0%
0&
0)
1*
0,
1.
0/
00
11
12
13
05
07
19
0:
1;
1=
0>
1C
1F
0G
1J
0L
0M
0N
1O
0!%
0!(
1!)
1!+
1!,
0!/
1!0
1!1
0!2
0!4
1!6
1!7
0!=
#1090500
1)
1+
1/
01
06
18
1:
0;
0<
0=
0?
1@
1A
0C
1D
0H
0I
1K
0O
0!$
0!,
1!/
0!1
1!4
#1091500
1&
0'
1(
0*
1-
0.
02
17
09
1;
1<
1=
1>
1?
1B
0D
1E
1G
1H
1I
1L
1M
1N
1!$
1!(
0!)
1!*
0!+
1!,
1!-
0!.
0!/
1!2
1!3
0!4
0!7
0!:
1!=
#1092500
1'
1*
0+
1,
1.
0/
10
12
03
14
15
16
0A
1D
0G
0J
0M
0P
0!'
0!(
1!)
1!+
0!2
1!5
0!8
0!9
1!;
#1093500
0'
0,
0-
0.
02
05
06
08
19
0=
1C
0E
0F
0I
0K
0L
0N
1P
0!#
1!%
0!&
0!)
0!+
0!,
0!-
1!.
1!/
0!0
1!1
1!2
0!3
1!4
0!5
0!6
1!7
1!8
1!9
1!:
0!;
#1094500
1%
0&
0(
0)
0*
1.
00
11
12
04
16
07
18
0;
0<
0>
0?
1A
0D
1F
0H
1I
1J
1L
1M
1N
1!#
0!$
0!*
1!+
1!,
1!-
0!.
0!/
1!0
0!7
0!8
0!:
1!;
1!<
#1095500
0"
1$
0%
1&
1(
1+
1/
13
14
08
0:
1;
0A
0C
1H
0I
0L
0N
1!&
1!*
0!,
0!-
1!.
1!/
0!0
0!2
1!3
1!7
0!9
1!:
0!;
0!<
#1096500
1*
1,
1-
10
03
04
06
18
1:
1<
1?
0B
1C
1D
0J
1L
1O
0!#
0!%
0!&
0!+
1!,
1!-
0!.
0!/
1!0
1!5
1!6
1!8
0!:
1!;
1!<
#1097500
1)
0*
00
01
15
08
0<
1=
1>
0?
0@
1A
0D
0F
0H
1K
0L
1!#
1!+
0!,
0!-
1!.
1!/
0!0
0!8
1!9
#1098500
1'
0(
0)
0.
0/
11
02
14
16
17
18
09
0:
0;
1<
1@
1B
1D
1G
1H
1I
0M
1N
1!%
1!&
1!)
1!,
0!/
1!0
0!1
1!2
0!3
1!8
0!;
#1099500
1%
0&
0'
0,
0-
01
05
19
1:
1;
1?
0@
0D
1E
1F
0G
0H
0I
1L
1M
0N
0!%
0!)
0!*
0!,
1!-
0!.
0!0
0!4
0!6
0!9
0!<
#1100500
1&
1(
1)
1*
1-
1.
1/
10
11
06
07
09
0:
0?
0B
1G
1H
1I
0L
0P
1!$
1!%
0!&
1!)
0!+
1!,
0!-
1!.
1!/
1!1
0!2
1!3
1!4
0!5
0!7
0!8
1!9
1!;
1!<
#1101500
1'
0(
0)
0*
0+
0.
0/
01
12
04
15
08
1:
0;
0=
1@
0A
0H
0I
1J
0K
1L
1N
0O
1P
1!'
0!)
0!,
1!2
0!4
1!6
1!7
1!8
1!:
#1102500
1)
1/
02
13
05
16
17
18
1;
0>
0@
1A
1D
0E
0F
0G
0J
1K
0L
0N
0P
0!%
1!-
0!.
0!/
0!2
0!3
1!4
1!5
0!7
0!8
0!:
0!=
#1103500
1"
0#
0$
0%
0&
1(
1*
1+
0-
0/
00
12
14
07
19
0:
0;
0<
1=
1?
0A
1B
0D
1E
1F
1G
1L
0M
1O
0!'
1!*
1!/
0!1
0!4
1!7
0!;
0!<
#1104500
0"
1#
0(
0*
0+
1,
02
03
04
06
17
1:
0=
1A
0B
0G
1J
0K
1M
1P
1!'
0!*
1!,
0!/
1!0
1!3
0!6
1!8
0!9
1!;
1!<
#1105500
1&
0)
1*
0,
1-
12
14
08
0:
1;
1<
1=
0?
1@
0E
0F
1H
0J
1K
0L
0M
0O
1!*
0!,
0!-
1!.
1!/
1!1
1!2
1!6
0!;
0!<
#1106500
1(
1)
1+
1.
1/
10
11
02
13
04
15
16
07
18
09
0=
1>
1?
1D
1E
1G
0H
1L
1M
1N
1O
1!%
1!&
1!)
1!+
1!,
0!0
0!1
0!2
0!3
0!5
0!6
0!8
1!:
1!;
1!<
#1107500
1%
0&
0)
12
03
05
06
17
1:
0<
1=
0?
1B
0D
0!#
0!%
0!+
0!,
1!-
0!.
1!2
1!3
1!6
0!;
#1108500
0!
0#
0%
1&
0'
1,
0-
0/
00
01
02
13
16
0>
1I
0L
0M
0N
0O
1!#
1!%
1!,
0!/
1!1
0!3
1!4
1!5
1!8
0!:
#1109500
1'
0(
0*
0+
0,
1/
14
08
0=
0C
0E
0G
0I
0K
1L
1N
0P
0!$
1!(
0!)
1!+
0!,
0!2
1!3
0!4
0!7
1!:
0!<
1!=
#1110500
1%
0&
0'
0/
10
11
12
06
18
19
0:
0;
1=
1?
0A
0B
1D
1E
1H
1I
0L
1O
1P
1!$
0!%
0!&
1!)
0!*
0!1
1!2
0!5
1!9
0!=
#1111500
1'
1)
1/
04
08
09
1:
1>
0?
1A
1B
1G
0I
1J
1L
1M
0O
0P
1!%
1!&
0!)
0!+
1!,
0!-
1!.
1!/
1!5
0!6
0!8
0!9
0!:
#1112500
0%
0'
0)
1+
1-
0/
00
01
02
14
15
07
18
19
1;
0=
0>
1?
0@
0A
0B
1F
0J
1K
0L
0M
0N
1O
1P
0!%
0!&
1!*
1!-
0!.
0!/
0!2
1!4
0!5
1!7
1!9
1!:
1!=
#1113500
1)
1,
12
05
17
0;
1=
0E
0G
0H
1I
1J
1L
0!#
1!%
1!)
1!+
0!-
1!.
1!/
1!1
0!3
0!4
1!5
1!6
0!7
1!8
0!=
#1114500
1'
0)
0,
0-
0.
11
02
03
15
07
08
09
1;
1>
0?
1@
1A
0D
0F
1G
1H
0K
0L
1M
1N
1!#
0!$
0!%
1!&
0!,
1!-
0!.
0!9
1!;
#1115500
1(
1*
1,
1/
13
05
16
17
18
19
0:
1<
0=
1?
0A
1C
1D
0I
0J
1K
1L
0M
0N
1!$
1!%
0!&
0!*
0!/
1!0
0!1
1!2
0!5
0!8
1!9
0!:
1!<
1!=
#1116500
1)
0*
0+
0,
1-
10
01
12
03
04
15
07
08
09
1:
1=
0C
0G
0H
0K
0!#
1!&
1!*
1!,
0!0
1!3
1!4
0!6
#1117500
1&
0'
1+
0-
0/
00
14
19
0:
0;
0?
0@
1A
1B
1C
1E
1G
1H
1K
0L
1N
0O
0!&
0!(
0!)
0!,
0!-
1!.
1!/
0!2
0!3
1!5
0!9
0!=
#1118500
1'
0(
1.
1/
02
04
06
09
1;
0<
0>
1@
0E
0G
1M
0P
1!#
1!&
1!,
1!-
0!.
0!/
1!0
1!1
1!2
0!4
0!5
0!;
#1119500
1,
1-
0.
11
12
14
16
17
19
1:
0=
1>
0A
0B
1G
0H
0K
1O
1!(
1!)
0!*
0!+
0!,
0!0
0!1
0!2
1!4
1!5
1!9
0!<
#1120500
1(
0)
0-
01
05
07
18
1<
1=
1?
1A
1B
1E
1F
0G
1H
1I
1J
1K
1L
0M
0N
0O
0!#
0!%
1!,
1!/
1!0
1!1
0!9
1!:
#1121500
1%
0&
0'
1)
1-
1.
10
02
04
15
17
08
0:
0;
0=
0?
0@
0A
0D
1G
0H
0I
1M
1O
1P
0!'
0!)
1!*
0!-
1!.
1!2
0!4
1!8
1!9
1!<
1!=
#1122500
0%
1&
0(
0)
0,
0/
12
05
06
1;
0<
1=
0>
1?
1@
1A
0C
0E
0F
0G
0J
0O
0P
1!#
1!%
1!'
1!)
0!*
0!,
1!-
0!.
0!/
0!0
0!1
1!3
0!5
1!7
0!9
1!;
0!<
#1123500
1'
1(
1)
0+
1,
0.
1/
00
02
13
15
16
07
18
0?
0A
1C
1E
1H
1J
0K
0L
0!#
0!$
0!%
0!)
1!+
1!,
0!-
1!.
1!0
1!1
1!4
1!5
0!7
0!;
#1124500
0&
0'
0(
0)
0,
11
03
14
05
06
09
0;
0=
1A
1D
1F
0J
1K
1!#
1!%
0!&
0!'
1!)
0!,
1!/
0!1
0!2
0!5
1!7
1!9
1!;
1!<
#1125500
1'
1(
1)
1*
0/
13
15
1:
1;
0B
0D
0E
0F
1J
0K
1N
0!#
0!%
1!&
1!,
0!0
1!1
1!2
0!4
1!5
0!8
0!:
0!<
#1126500
1+
1,
0-
1.
01
04
16
08
0:
1<
0@
0A
1B
1D
1E
1F
1G
0H
1I
0J
0M
1!%
0!&
1!'
0!(
0!)
0!,
1!-
0!.
0!/
1!0
0!1
0!7
1!8
1!<
0!=
#1127500
1!
1"
1#
1%
1&
0'
0)
1-
0.
10
11
03
14
05
17
18
19
0<
1=
1>
1?
1A
0B
0C
0G
0I
1M
0N
0!%
1!&
1!(
1!)
0!-
1!.
1!/
0!0
1!1
0!2
0!3
0!5
1!6
1!:
#1128500
1)
0+
0-
1/
00
12
13
04
0;
1<
0=
0>
0?
0A
1B
0D
0E
0F
1H
1I
1J
1N
1O
1!%
0!'
0!(
1!*
0!+
1!-
0!.
0!/
0!1
1!5
0!8
0!:
0!<
#1129500
0"
0#
1$
0(
0)
0*
1-
1.
10
01
03
15
07
08
09
0<
1@
1G
0H
0I
0O
1P
1!#
0!%
1!'
0!*
1!+
1!,
0!-
1!.
1!0
0!6
1!7
1!8
0!9
1!:
1!<
#1130500
1)
0-
0/
00
02
05
06
1:
1=
1A
1C
1D
1E
1H
0N
1O
0P
1!%
0!&
0!'
0!)
0!+
1!-
0!.
0!0
1!3
1!4
1!9
0!:
0!;
1!=
#1131500
1(
0)
1*
0.
10
11
12
13
15
17
18
19
0:
1;
1<
0=
1?
0C
1F
1I
0J
1L
0M
1N
1P
0!#
1!&
1!*
0!-
1!.
1!1
1!2
0!4
0!<
0!=
#1132500
1'
0(
1+
0,
1-
1.
00
01
03
14
16
07
08
0?
0B
0E
0F
0G
1J
1M
1!$
1!)
0!*
1!/
1!0
0!3
1!4
0!5
0!9
1!;
1!=
#1133500
1#
0$
0%
0'
0*
0+
1,
0-
0.
1/
02
13
04
06
17
18
09
1:
0<
1?
1C
0D
1E
1F
0I
0J
1K
0L
0N
1!#
1!'
1!*
1!+
0!0
0!1
0!2
1!5
0!7
1!9
1!<
0!=
#1134500
1"
0#
1%
1'
1(
0,
1-
0/
11
03
19
0:
1<
1>
0?
0@
1B
1D
0F
0H
1I
1J
1L
0M
1N
0!#
0!'
0!)
0!+
0!,
1!-
0!.
1!1
0!5
1!6
0!9
1!:
#1135500
1#
1$
1)
1*
1+
1,
1/
10
01
13
14
05
16
08
09
0;
0<
1?
0A
0C
0E
0J
0K
0N
0!$
0!%
0!&
1!'
1!(
0!/
1!0
0!6
1!9
1!=
#1136500
1.
0/
00
11
12
06
1:
1=
0>
1@
1A
1C
0D
1E
1G
1H
0I
1K
0L
1M
1N
0O
1!#
1!$
1!)
0!*
1!+
1!/
0!0
1!3
0!4
1!6
1!7
0!;
0!<
0!=
#1137500
0"
0%
0'
0(
0*
0+
0,
0-
0.
10
03
15
16
18
19
0:
1<
1>
0?
0A
0B
0G
0H
0K
0M
0N
1O
0!)
1!*
0!+
1!,
0!-
1!.
0!/
1!2
0!3
1!4
0!6
0!7
0!9
1!;
#1138500
1'
0)
1+
1,
1-
00
01
13
05
06
07
08
09
1:
0<
0=
0@
1A
1B
1F
1H
1J
1K
0P
0!#
0!,
1!/
1!0
0!2
1!3
1!5
1!6
1!7
0!8
#1139500
1%
0&
0'
1)
0,
1.
1/
10
02
03
04
16
17
18
0:
1<
0>
1@
0A
0B
0C
0H
0J
1L
1M
1P
1!)
1!+
1!,
0!0
0!1
1!2
0!4
0!6
0!7
1!8
0!;
#1140500
1'
0)
0-
0.
0/
00
11
12
13
15
07
1;
0<
1=
1?
1D
1H
1I
1J
0L
1N
0O
0P
1!#
0!(
0!)
0!,
1!-
0!.
0!/
1!0
0!2
0!3
1!6
0!:
1!=
#1141500
1&
0'
1)
10
01
03
17
08
1:
0?
0D
1G
0I
0K
1L
0M
0N
1P
0!#
1!%
1!,
0!-
1!.
1!/
1!3
1!4
0!6
1!7
0!8
1!9
1!:
1!<
#1142500
1(
0+
1-
1/
00
14
06
18
19
1B
1C
1D
0E
0H
0J
0L
1M
1N
1O
0P
0!$
0!*
0!+
0!0
1!2
0!4
0!5
1!8
0!9
0!:
1!;
0!=
#1143500
1"
0#
0$
0%
0&
0(
1.
0/
10
11
16
07
1<
1A
0C
0D
0F
1H
1I
1J
1K
1L
0N
1!*
1!+
1!-
0!.
0!/
1!0
0!3
1!6
0!8
1!9
1!:
0!<
1!=
#1144500
1(
0)
1,
0-
0.
1/
00
13
04
17
0:
0;
0=
0@
0A
0B
0G
0H
0I
0M
1N
0O
1!#
1!&
0!'
1!)
0!*
0!+
0!,
0!0
1!4
0!6
0!7
0!9
0!;
#1145500
0!
0"
1)
1.
0/
10
01
06
07
08
09
1:
1;
1=
1>
1?
1@
1C
1E
0K
0L
1M
0N
1O
0!#
1!$
1!*
1!,
0!-
1!.
1!/
1!1
1!3
0!4
1!5
0!:
1!<
#1146500
1&
0(
0)
1+
0,
0.
1/
11
02
05
17
19
0<
0?
1A
1F
0J
1K
0M
1N
1!'
1!(
0!)
0!*
1!+
0!,
0!2
1!4
0!5
1!6
1!8
1!:
1!;
0!=
#1147500
0&
1)
0+
1,
1-
0/
01
12
03
14
15
16
07
18
0:
0;
1<
0=
0@
0C
1G
1J
1L
1M
0O
1!#
0!(
1!,
1!0
1!2
1!5
1!7
0!8
0!;
0!<
1!=
#1148500
1&
1(
0)
1*
1+
0-
02
13
04
06
17
08
0>
1?
0A
1D
0F
0G
1H
0J
0K
0L
1O
0!#
0!$
1!)
1!*
0!,
1!-
0!.
0!/
0!4
1!8
1!9
0!:
1!;
#1149500
1%
0&
0+
0,
1-
1.
00
11
03
14
05
07
18
09
1A
1C
0E
1G
1J
1K
0!&
0!'
0!)
1!,
0!-
1!.
1!/
0!0
0!1
1!4
0!5
0!6
0!9
#1150500
1'
0*
1+
0-
01
12
15
19
1:
1;
0A
1B
1F
1I
0J
1L
1P
0!%
1!'
1!(
0!,
1!0
1!1
0!3
0!4
1!5
1!6
0!7
1!9
1!:
0!;
1!<
0!=
#1151500
1&
1)
0+
0.
1/
10
13
04
05
16
17
08
0:
0;
0<
1A
0C
0D
1E
0F
0G
0H
0I
0L
0M
0P
1!#
1!%
1!&
0!(
0!*
0!1
0!2
1!3
1!7
0!8
0!:
1!=
#1152500
1$
0%
0&
0'
0)
1+
1,
0/
00
03
14
07
18
1:
1<
1=
1>
1D
1F
1I
0K
1L
0N
0O
1!$
0!%
0!'
1!(
0!+
1!,
1!-
0!.
0!3
0!6
0!7
1!8
1!:
1!;
0!<
0!=
#1153500
1&
0(
1)
1*
0,
1-
1.
1/
10
13
0:
1;
0<
0?
1@
0B
0E
0F
1P
0!$
1!*
0!,
0!/
1!1
1!3
1!4
0!8
0!9
0!:
1!<
#1154500
1(
0)
0-
0/
11
04
08
09
1:
0;
1<
0@
0A
1B
0D
1F
1J
1K
0L
1N
1O
1!'
1!)
1!+
0!-
1!.
1!/
1!2
0!3
0!4
0!5
1!6
1!7
1!8
0!;
0!<
1!=
#1155500
1)
0.
1/
01
02
03
14
06
18
19
0=
0>
1A
0B
1C
0F
1G
0K
0O
1!%
0!&
0!'
1!,
1!-
0!.
0!0
0!1
1!3
1!5
0!6
1!;
#1156500
1%
0&
1'
0)
1-
1.
00
11
12
13
15
16
17
08
0<
1>
1@
1B
1D
1E
1H
1K
1L
1M
1O
1!$
0!%
1!&
0!*
0!,
0!-
1!.
0!/
1!0
0!7
1!:
#1157500
1&
0'
0(
0-
0.
03
04
06
07
18
0>
1?
0A
0B
0C
1F
0G
0I
0J
0L
0M
0N
0O
0!#
0!$
0!(
0!)
1!,
1!/
1!1
0!2
0!3
0!:
1!<
0!=
#1158500
1!
1#
0$
0%
1(
0*
1-
1.
0/
01
14
08
09
0:
1<
1=
1>
0@
1B
0D
0E
0F
1G
0H
1J
0K
1M
1!#
1!)
0!,
1!-
0!.
0!/
0!0
0!1
1!2
1!4
0!5
1!7
1!9
1!:
#1159500
1,
0-
13
04
05
16
17
18
19
1:
1;
1F
1H
0J
1K
1L
0M
0!#
1!%
1!'
0!)
0!+
1!,
1!/
0!2
1!3
0!4
1!6
0!8
0!9
0!<
#1160500
1)
1*
0,
1-
1/
10
02
07
0:
0<
0>
1@
0B
1C
1D
1E
0F
0G
0H
1I
1J
0K
1!#
0!&
1!)
0!,
0!/
1!0
1!2
0!3
1!8
1!9
0!:
0!;
#1161500
1'
0(
0.
0/
00
03
08
1:
1<
0=
1>
0@
0E
1F
0I
0L
1N
0!%
1!&
1!*
0!-
1!.
1!1
0!2
1!5
0!7
0!9
1!;
1!<
1!=
#1162500
1%
0&
0'
1(
0)
0*
0-
1.
1/
11
14
06
09
0:
0<
1B
0D
1E
0J
1K
1L
1M
0N
0!#
1!%
1!+
1!/
0!0
0!1
1!3
0!5
1!9
0!;
0!<
0!=
#1163500
1)
0+
1,
0.
13
16
19
0;
1<
0E
1G
1H
1J
0K
0M
1N
1!$
0!%
0!&
0!)
1!0
1!1
0!3
0!6
0!8
0!9
1!:
1!;
1!<
1!=
#1164500
1+
1.
10
01
1:
0<
0>
1@
0C
0F
0H
1I
0J
1K
1O
1!#
1!&
0!+
1!,
1!3
1!4
1!5
1!7
1!8
0!:
0!<
#1165500
1*
0+
11
03
17
1<
0?
0@
1A
0B
1C
1D
1E
0G
1H
0I
1J
0L
1M
0N
0O
1!%
0!&
1!(
0!,
1!-
0!.
0!/
0!1
0!7
1!9
1!:
0!;
0!=
#1166500
1&
0(
0)
0*
1+
1-
12
04
15
07
09
0:
1;
1>
1?
0C
0D
0E
1F
0H
1L
0M
1N
0!#
1!)
0!*
1!,
0!0
1!1
1!2
0!3
1!7
1!;
#1167500
1(
0,
0-
0/
01
02
13
17
1:
0?
1E
0F
1H
1I
0J
0L
0N
1!#
0!(
1!*
0!-
1!.
1!/
0!1
0!2
0!4
0!7
0!:
1!=
#1168500
1)
1*
0+
11
03
07
0:
0<
1=
1?
1@
1F
1G
0H
1L
0!%
1!&
1!(
0!)
1!-
0!.
0!/
1!1
1!2
1!3
1!4
0!5
1!6
0!8
0!9
1!:
0!;
#1169500
1'
0(
0.
12
13
14
05
18
19
1:
1<
0=
0?
0@
1C
1D
0E
0F
0G
1H
0I
1J
0K
0L
0!#
0!&
0!'
0!*
0!,
0!1
0!6
1!9
0!:
1!;
#1170500
1"
0&
0)
0*
1+
02
04
15
06
09
0<
1?
1@
0A
1E
1I
1K
1L
1M
1O
0P
1!%
1!&
1!'
1!)
1!*
1!+
1!,
0!2
1!7
1!:
0!;
#1171500
1(
1,
1-
1/
00
01
03
16
17
19
0:
0;
0C
1G
0I
0L
0M
0O
1P
0!%
0!&
0!)
0!-
1!.
1!/
1!0
1!1
0!3
0!4
1!5
1!6
0!9
0!:
1!;
1!<
0!=
#1172500
1&
0'
1)
0+
1.
10
11
12
13
14
07
08
09
1:
1;
0>
0@
1B
0E
0G
0H
0J
0K
0P
1!#
1!%
0!'
0!(
0!*
0!/
1!2
1!4
1!:
0!;
#1173500
0%
0&
0(
1*
1+
0,
00
01
03
04
05
06
1<
1>
0?
1@
1A
0B
0D
1E
1G
1M
1N
1O
1P
0!#
0!$
0!%
1!&
1!'
0!,
1!/
0!0
0!1
0!4
1!8
1!9
#1174500
1&
1'
0)
0+
1,
10
11
17
0;
1=
0>
0A
1C
1D
1H
1!$
0!'
0!+
1!-
0!.
1!0
0!7
0!:
1!;
0!<
1!=
#1175500
1%
0'
1)
0*
0,
0-
0.
00
01
13
16
0@
0C
0D
0E
0G
0H
1!%
0!&
1!*
1!,
0!-
1!.
0!0
0!2
1!4
0!5
0!8
0!9
0!;
1!<
#1176500
1(
1,
10
02
03
15
07
0<
1?
1B
1C
1G
1I
1J
0M
0N
1!&
1!'
1!0
0!4
1!5
0!6
1!8
1!:
0!=
#1177500
1+
1.
00
11
12
14
1;
1<
1A
1F
0G
0I
1M
1N
0!%
0!'
1!)
0!,
0!0
1!3
1!4
0!5
0!8
1!9
0!:
1!;
#1178500
1'
0(
0)
1*
1-
0.
0/
01
02
13
04
05
06
17
0<
1>
0A
0B
0C
1D
1H
0J
1K
1L
0M
0O
1!#
1!%
1!,
1!0
1!1
1!2
1!5
1!8
0!9
1!:
#1179500
1$
0%
0&
1(
0*
0-
1.
1/
10
12
14
0;
1<
0=
0>
1@
1A
1C
0D
1E
0F
1G
1I
1J
0K
0N
1O
0P
0!#
0!%
0!&
0!)
1!+
0!,
1!-
0!.
0!/
0!0
1!7
1!9
#1180500
1)
0,
0.
0/
02
03
15
18
19
0:
0<
0@
0A
0C
1D
0E
1F
0H
0J
1M
0O
1!#
1!)
1!,
1!/
0!2
0!3
0!5
0!7
0!9
0!:
#1181500
1&
0'
0)
1*
1,
1-
04
16
08
09
1:
1;
1<
1=
1>
1C
0D
0F
1H
0I
1K
1N
0!#
1!&
1!'
0!+
0!,
0!-
1!.
1!0
1!2
1!3
0!4
1!6
1!:
0!<
#1182500
1'
1)
0,
00
11
12
14
06
19
0:
0;
0<
0=
1@
1F
0G
0M
0!$
1!%
0!&
0!'
1!+
1!-
0!.
0!/
0!0
0!3
0!6
1!7
1!9
1!<
1!=
#1183500
1%
0&
0'
0(
0)
0*
0+
1,
1/
02
05
1:
1;
1<
0>
0@
1A
1D
0F
1I
1J
0K
1M
0!%
1!&
1!'
1!(
0!)
0!*
0!+
1!,
0!-
1!.
1!/
0!1
0!;
#1184500
1*
0,
1.
01
13
04
15
09
0:
1=
0?
1@
0A
1E
1G
0H
0I
0J
1K
0L
1O
1!#
1!$
1!%
0!,
1!1
1!3
1!4
1!6
0!8
0!:
#1185500
0!
0"
0#
0$
0%
0*
1,
0-
0.
0/
12
03
05
07
1B
0C
0G
1I
1J
0N
0!#
0!&
1!)
1!,
1!-
0!.
0!1
0!2
0!4
1!5
0!6
0!7
1!8
0!9
1!;
0!<
#1186500
1'
1(
1*
0,
1-
1/
10
13
16
17
18
19
1:
0;
0<
0=
1>
0B
0E
0O
1!#
0!)
1!*
0!,
0!-
1!.
0!/
1!1
0!3
0!5
1!:
0!;
#1187500
1!
1$
1&
0'
0(
1)
0*
1+
1,
0-
07
08
09
0:
1?
0@
1B
1C
1E
1H
0J
1L
0M
1N
1O
0!%
1!)
0!*
1!-
0!.
1!0
1!4
1!6
1!;
0!=
#1188500
1"
0$
1'
0)
00
02
14
15
18
1<
1=
0B
0D
0E
1F
0H
0K
0L
1M
1!%
0!(
1!/
0!0
1!3
1!5
0!6
0!:
0!;
1!<
#1189500
0"
1#
1$
1%
0&
0'
1(
1)
0,
1-
10
12
04
19
1;
0=
0>
0?
1@
1A
1B
0C
1G
1K
1L
0M
0N
1P
0!#
0!$
0!)
1!*
1!+
1!,
0!-
1!.
1!0
0!1
1!2
0!4
1!6
0!8
1!9
1!:
1!;
#1190500
1'
0(
0)
1*
1.
02
14
05
0;
1?
0@
0A
0I
0K
0L
1M
0O
1!#
0!'
1!(
1!)
0!*
0!,
0!0
1!1
0!2
0!3
1!4
0!6
0!:
0!<
1!=
#1191500
1&
0'
0+
00
11
15
17
1;
0<
1=
1@
1A
0B
0G
1H
1I
1J
0M
1O
0!(
0!)
0!+
1!,
1!-
0!.
0!/
0!5
1!8
1!:
0!;
0!=
#1192500
1"
0#
0$
0%
0&
10
01
12
03
04
06
07
0;
1<
1>
0?
0@
1E
0F
1G
0H
1L
1N
0O
0!%
0!,
1!/
0!1
1!5
1!6
0!:
#1193500
1(
1)
1+
1,
0-
0.
00
13
05
1:
0<
0=
0>
1@
0A
1B
0E
1F
0I
0N
1O
1!%
1!&
1!'
1!*
1!,
0!-
1!.
1!0
1!2
1!3
0!4
0!6
1!7
0!9
1!;
#1194500
1'
0*
0,
1-
11
02
15
09
1<
1=
1>
1A
0B
1C
1E
0G
1H
0J
1K
0L
0O
0!#
0!%
0!'
1!(
1!+
0!,
0!/
1!1
0!2
0!3
0!7
1!9
0!;
1!=
#1195500
1&
0'
1*
1.
0/
10
01
03
14
05
16
08
19
0:
0<
0>
0@
0A
0C
0E
0F
1I
1M
1O
1!%
0!&
1!'
1!)
1!,
1!/
0!0
0!1
1!3
1!4
1!6
1!7
1!:
1!;
#1196500
1%
0&
0(
0)
0+
0-
1/
15
06
18
09
1;
1>
1?
1@
1C
1D
1E
1G
1L
1N
0O
1!&
0!'
0!(
0!)
0!*
0!+
0!,
1!-
0!.
1!1
1!2
0!6
0!7
0!;
0!=
#1197500
1(
0*
1,
1-
0.
11
13
04
05
16
19
1<
0=
1A
0E
0H
1J
0K
0L
0M
1O
0P
1!#
0!%
1!*
0!-
1!.
1!6
0!8
0!9
0!:
1!<
1!=
#1198500
1)
1*
1+
1.
00
12
14
17
09
0;
1=
0>
0@
0D
1E
1F
0G
1H
0I
0J
0N
1P
1!$
1!,
1!-
0!.
0!/
0!1
0!2
0!3
0!4
0!6
#1199500
1&
1'
0,
0/
10
01
03
04
06
08
19
1;
1>
0?
1B
0C
0E
0F
1I
1K
1!%
0!&
1!'
1!)
0!,
1!2
1!4
1!6
1!9
1!;
0!<
0!=
#1200500
0!
0"
0%
0&
0'
0(
0+
11
02
13
15
18
0;
0<
1@
1C
1D
1F
1J
0O
0P
0!%
0!)
1!+
1!,
0!-
1!.
1!/
1!0
1!1
0!2
1!3
0!5
0!6
1!7
1!8
0!9
0!;
1!<
#1201500
1(
0)
0*
1+
1,
0.
12
03
14
05
07
1:
1;
1?
0B
0C
0J
0!'
0!,
1!-
0!.
0!/
0!0
1!2
0!3
1!5
1!6
0!8
1!9
1!;
#1202500
1&
0-
1.
1/
16
08
09
0:
0;
0=
0@
1C
0D
1G
0I
1J
0!#
0!$
1!&
1!'
0!*
0!+
1!,
0!-
1!.
1!0
1!3
0!4
0!5
1!:
0!;
#1203500
1%
0(
0+
1-
0.
0/
00
01
02
13
15
18
19
1=
1@
0A
1B
1E
0F
1I
0J
0K
1L
0!&
1!*
1!+
0!,
1!-
0!.
0!1
0!2
1!5
1!8
0!9
0!:
1!;
#1204500
1(
0,
0-
11
12
04
05
06
08
09
1<
0=
0>
0@
1A
1D
0G
1M
1!#
1!%
0!'
1!(
0!*
0!+
0!0
0!5
0!7
1!:
0!<
#1205500
0%
0&
1)
1*
1,
1-
1.
10
01
02
15
16
1;
1=
0?
0A
0B
0E
1F
1G
0H
0I
1J
0L
0M
1!$
1!&
1!1
1!2
0!3
1!7
0!8
1!<
1!=
#1206500
1&
0(
0)
1+
0-
00
12
14
05
18
19
0;
0<
1?
1B
0D
1E
0G
1H
1I
1K
1L
1N
0!#
0!%
0!&
1!'
0!(
0!-
1!.
1!/
0!1
1!4
1!5
0!6
0!7
1!8
1!9
0!:
0!;
0!<
#1207500
1'
1(
0,
1-
10
11
04
1:
1;
1@
1A
0E
0K
1M
0N
1O
1P
0!$
1!%
1!&
0!'
1!(
1!*
0!/
1!0
1!3
0!4
1!6
1!7
1!:
#1208500
1%
0'
1)
0+
0-
00
02
14
15
08
1<
0=
0B
0C
1K
0L
0M
1N
0P
0!%
0!&
1!'
0!*
1!,
1!/
1!1
0!3
1!4
0!8
1!;
1!<
#1209500
1'
0(
0)
0.
01
06
18
0:
0<
0?
1B
1D
0F
1G
0H
0I
0J
1L
0O
1P
1!#
1!%
0!'
0!(
1!*
1!+
1!-
0!.
0!2
0!4
1!8
0!:
0!<
#1210500
1,
1.
1/
04
17
09
1<
1=
0A
0B
1E
0G
1H
1I
1J
0K
1O
0P
0!%
1!(
1!)
0!+
0!,
0!/
1!4
0!6
0!7
0!8
0!;
1!<
0!=
#1211500
1$
0%
0&
0*
1+
0,
12
03
05
07
1:
0<
1>
0@
1B
1C
0D
0E
0H
1K
1M
1P
1!,
0!-
1!.
1!/
0!1
0!4
0!5
0!9
1!:
0!<
#1212500
1&
0'
1*
0+
0.
0/
10
11
02
08
19
0;
1?
1A
1D
1E
0J
0O
0!#
1!'
0!(
0!)
0!,
1!1
1!2
1!3
1!4
1!6
1!8
1!9
1!;
1!<
1!=
#1213500
1%
0&
1(
0*
1,
1-
1.
1/
00
09
1;
0>
0?
0A
0B
0C
0D
0E
0M
1O
0P
1!%
1!&
0!'
0!*
1!,
1!-
0!.
0!/
0!1
0!3
0!4
0!8
0!:
#1214500
1'
1*
1+
0,
0/
13
16
18
19
0;
0=
1?
1@
1B
1D
1F
1G
0L
1M
0N
1P
1!#
0!%
0!&
1!'
1!)
1!*
0!,
1!/
0!0
0!6
0!9
0!<
#1215500
0$
0%
0'
0(
1)
0+
0-
1/
10
01
12
15
17
1;
0?
0B
1C
1E
0F
0I
1J
1L
0M
0O
0P
1!$
1!&
0!'
1!(
0!)
0!*
1!,
0!/
1!1
1!3
1!4
1!5
1!6
1!<
#1216500
1,
00
11
02
03
06
1?
0@
0D
0E
1F
0G
1I
0J
0L
1M
1O
1!)
1!*
1!+
0!-
1!.
1!/
0!3
0!4
0!6
1!7
1!8
1!:
0!;
0!=
#1217500
1'
1(
0*
1+
0,
1-
0/
13
05
07
0:
1=
1>
1A
1B
0C
1D
1E
0I
1J
0K
0M
1N
0!#
0!$
1!%
1!'
0!)
0!*
1!-
0!.
0!1
1!3
1!6
0!7
1!9
0!:
0!<
1!=
#1218500
1&
0'
0(
0)
0+
1,
0-
0.
1/
10
03
16
17
08
09
0;
1<
0=
0?
0A
0D
0E
1I
0J
1M
1!#
0!&
1!)
1!*
0!,
0!/
1!0
1!1
0!2
1!4
0!5
1!7
1!:
#1219500
1'
1*
1+
1.
00
06
18
1;
0>
0B
1C
1D
1E
1H
1L
0!*
1!,
0!1
0!3
0!4
1!5
0!6
0!8
0!:
1!;
1!<
#1220500
1%
0&
0'
1(
1)
0*
0+
0,
1-
0.
01
12
13
14
15
16
08
0;
0<
1=
1A
1B
0C
0D
0F
0H
0I
1J
0L
0M
0!#
0!%
0!(
1!*
0!,
0!0
1!4
1!6
1!8
0!9
0!;
0!=
#1221500
1.
0/
11
03
05
06
07
1<
0=
1>
1C
1G
1H
1I
0J
1L
1!#
1!%
1!&
1!(
1!,
0!-
1!.
1!/
1!0
1!2
1!3
0!5
0!6
0!7
1!9
1!:
0!<
1!=
#1222500
1!
1"
0%
1'
0(
1+
1,
10
01
02
13
15
17
18
0<
1@
0A
0B
0C
0G
1K
0L
1M
0N
0!%
0!,
0!0
0!3
1!5
1!6
0!9
0!:
#1223500
0"
1#
1$
1&
0'
1(
0)
1*
0,
0-
0.
1/
00
11
19
1:
1;
1=
1A
0E
1F
0H
1J
0K
1L
0M
1N
0O
0!&
0!)
0!*
0!+
1!,
1!-
0!.
1!1
0!2
0!5
1!9
1!;
#1224500
1)
0*
1-
1.
01
12
04
16
07
08
0:
0;
0=
0A
1D
1E
1G
1K
0L
1M
1!%
0!'
0!,
0!-
1!.
1!0
1!2
1!3
1!5
0!6
1!7
0!9
1!:
0!;
1!<
#1225500
1,
0.
10
02
06
17
18
1:
1;
1=
1B
0F
0I
1L
1!'
0!(
1!)
1!,
0!0
0!3
0!5
1!6
0!7
1!9
0!:
0!=
#1226500
1%
0&
0(
0)
0+
0-
11
14
05
16
07
0:
1<
0=
0@
1A
0B
0D
0E
1F
1I
0K
0L
0!%
1!&
0!,
1!-
0!.
0!/
0!2
1!3
0!4
0!6
0!9
1!;
#1227500
0#
0%
1&
1)
1*
1.
0/
01
12
06
08
09
0;
1=
0A
1D
1E
0F
0I
1K
1O
0!#
1!$
0!&
0!'
0!)
1!*
1!+
1!,
0!-
1!.
1!/
1!2
1!5
1!6
1!7
1!9
0!;
0!<
#1228500
1"
1#
0$
1%
1(
1+
1-
00
11
04
15
16
18
19
1:
0<
0>
1A
1B
1H
1I
0K
1L
0M
0N
1!&
1!'
0!*
0!,
1!-
0!.
0!/
0!5
0!7
1!:
1!<
#1229500
0#
0%
0(
0)
0*
01
03
05
17
08
09
0:
0=
1?
1@
1C
0H
1K
0L
1M
1N
1!#
1!%
1!)
1!,
0!-
1!.
1!0
0!3
1!4
1!7
0!8
0!9
1!;
0!<
#1230500
1$
0&
1(
0.
1/
10
11
13
15
06
19
1;
1<
1=
1>
0A
0C
0D
0E
1F
1H
0K
0!'
1!(
0!)
0!+
1!-
0!.
1!/
0!1
0!2
1!3
0!4
0!7
0!:
0!;
1!<
#1231500
1&
1'
0(
1*
0+
0-
1.
0/
00
02
03
14
05
07
0<
0=
0>
0?
0B
1D
0G
0H
0J
1L
0M
0O
1P
0!#
0!&
1!'
1!*
0!,
0!-
1!.
1!1
1!7
1!8
1!9
0!<
1!=
#1232500
0"
1#
1%
0&
0'
0,
1-
0.
1/
12
16
17
18
1=
1>
1?
1A
1B
1C
0D
1E
0F
1G
1H
0I
0L
1O
1!#
0!%
1!&
0!(
1!)
0!*
1!+
1!-
0!.
0!0
0!1
0!3
1!4
0!7
0!8
0!9
1!:
1!;
1!<
#1233500
1&
1'
1)
1+
0-
10
01
04
06
08
09
0;
1<
0>
0?
0A
0B
0C
1D
0G
1I
1J
1K
0O
1!%
0!&
0!'
0!+
1!,
1!0
1!2
0!4
1!5
0!6
1!8
1!9
0!;
0!<
#1234500
1"
0#
0$
0%
0&
0'
0)
0*
0+
1,
0/
00
02
14
0=
1>
0@
1A
1C
0D
0E
1F
0H
0I
0J
0!#
0!%
1!'
1!(
0!)
1!*
0!,
0!/
1!1
1!4
1!6
1!7
0!9
0!:
1!;
1!<
0!=
#1235500
0!
0"
1-
1.
1/
12
13
15
18
19
1;
0<
0>
1?
1@
1B
1D
0F
1O
1!&
0!'
0!*
1!+
1!,
0!0
0!4
0!8
0!;
0!<
#1236500
1(
1)
0,
0.
04
07
09
1:
1>
0?
0A
0C
1E
1H
0K
1M
0N
0O
0P
1!%
0!&
1!'
1!)
1!/
0!2
1!4
0!6
1!;
1!<
1!=
#1237500
0(
0)
1,
0-
1.
02
14
08
0;
1?
0@
1A
0B
1C
0D
0E
1G
0H
1I
1J
1L
1!#
0!+
0!,
0!/
0!1
1!2
0!4
0!5
1!6
1!8
#1238500
1'
1)
1*
0/
11
03
04
05
1=
0>
0A
1B
0L
0!'
1!,
0!-
1!.
1!/
1!0
0!2
1!4
1!5
0!7
0!8
0!<
#1239500
1&
0'
0)
0*
1+
0,
0.
1/
10
01
13
18
1;
1<
0=
1>
0B
0C
1D
1E
1F
0G
1H
1L
0!#
0!$
0!(
0!)
1!*
0!,
1!-
0!.
0!/
0!0
1!3
0!6
1!7
1!:
0!;
0!=
#1240500
1'
1(
0+
1,
1-
1.
14
15
16
19
0;
1=
0>
1@
1A
0E
0F
1G
0J
1K
0L
0M
1N
1!&
1!)
1!,
0!-
1!.
1!/
1!1
0!5
0!7
1!8
1!9
1!;
#1241500
1!
1"
1$
1%
0(
0-
0.
12
06
09
0?
1B
1C
0D
1E
1F
0G
0I
1J
0K
1M
1P
1!#
0!&
1!'
1!(
0!,
1!-
0!.
0!3
1!6
0!8
1!<
1!=
#1242500
1+
0,
1-
1.
00
11
02
03
05
17
19
1;
0<
0=
1?
0B
0C
1D
0F
0H
1I
1L
0M
0N
1O
0!#
0!'
0!(
1!+
1!,
0!/
1!2
1!3
1!5
1!7
0!:
0!;
0!<
0!=
#1243500
1#
0$
0%
0&
0'
1(
1*
0+
0.
01
04
16
08
0:
0;
1<
0@
1F
1G
0J
0L
1M
1N
0O
1!#
1!$
0!%
1!'
0!)
0!,
0!-
1!.
1!/
0!3
0!5
0!9
1!;
#1244500
0"
1$
1%
0(
1)
1.
0/
10
11
12
13
14
15
1;
0<
1>
0?
1@
1B
0E
0F
0G
1H
0I
1J
1K
0P
0!#
0!*
1!,
1!-
0!.
0!/
1!0
0!1
1!3
1!5
0!6
0!7
1!8
1!9
0!;
#1245500
1&
1'
0)
0-
0.
00
01
02
03
04
05
07
1:
1<
1=
0>
1?
0A
1C
1E
1G
0H
1I
0M
1!#
0!$
1!)
0!0
1!1
0!5
1!7
0!8
0!9
1!:
1!=
#1246500
0!
0#
0$
0%
0&
1)
0*
1+
1-
10
13
06
18
09
0:
0<
1>
0?
0@
0C
0E
1F
0I
0K
0N
1!*
0!,
1!0
0!1
0!2
1!5
1!9
1!;
#1247500
0'
0)
1*
1.
1/
00
11
12
17
08
1:
1<
1A
1C
0D
1I
1K
1L
1O
1!%
1!&
1!(
0!)
0!+
1!,
1!1
0!3
0!9
0!;
1!<
#1248500
1(
0+
1,
0-
0.
0/
10
02
03
14
16
07
18
19
0=
1@
0C
1D
1E
0G
1H
0J
0K
0L
0!%
1!)
1!+
0!,
0!0
0!1
1!2
0!5
1!6
1!9
0!<
#1249500
1'
0(
1)
1+
0,
1-
01
12
17
08
0:
0;
0<
1=
0@
0B
0D
1G
0I
1K
1L
1M
0!#
1!%
0!'
0!*
0!+
1!,
0!-
1!.
1!/
1!1
0!2
1!3
0!4
0!7
0!9
0!:
1!;
1!<
#1250500
0'
1(
0)
0*
1,
0-
1/
11
15
06
07
18
09
1;
1<
0=
0>
0A
1B
1C
1D
0F
0H
1J
0K
0L
0M
0O
1!#
0!%
0!,
0!1
1!2
1!4
1!5
0!6
1!7
1!8
1!9
1!:
#1251500
1'
0(
0,
02
04
16
08
19
0;
0<
1=
1?
1@
0C
0D
1F
1H
0J
1L
1M
1N
1!%
1!'
0!(
1!,
1!-
0!.
0!/
1!1
0!2
0!5
0!8
0!9
0!:
0!;
0!=
#1252500
0'
1*
1,
1-
12
14
05
17
18
09
1;
1<
1>
0@
1A
0B
1C
0E
0F
0G
0H
1I
1J
1K
0M
0!#
0!)
0!,
1!/
0!1
0!3
0!4
1!5
1!6
0!7
1!8
1!9
1!:
#1253500
1&
0+
0-
0/
00
13
04
15
06
07
0=
1B
0C
1D
1E
1F
1H
0J
0N
1O
1P
1!#
0!%
0!&
0!'
1!(
1!+
1!,
1!0
0!5
0!6
0!8
0!9
0!<
1!=
#1254500
1(
1)
0*
0,
1-
1.
1/
10
02
14
16
17
19
1=
0>
0?
0B
1C
0D
0I
1J
0K
0L
1N
0P
1!$
0!+
0!,
0!/
0!0
1!1
1!4
1!5
1!9
0!:
1!;
1!<
#1255500
1%
0&
1'
0(
1*
1+
1,
00
12
06
07
08
0<
0=
1?
0A
1B
1D
0E
1G
1K
1P
0!$
1!%
1!&
1!'
0!(
1!*
1!+
1!,
0!-
1!.
1!/
0!1
1!2
1!3
1!7
0!;
0!<
0!=
#1256500
1&
1(
0)
0+
0-
0/
02
18
1:
1<
1=
0?
1A
0B
0C
0F
0K
1L
0N
0!*
1!-
0!.
1!0
0!2
0!3
1!6
0!7
1!8
1!;
1!=
#1257500
0%
0&
0'
1)
0*
0,
10
01
12
04
05
08
0:
1>
1E
1F
0G
0H
1I
1M
0O
0P
1!$
0!%
0!'
1!*
0!+
0!6
1!:
0!;
1!<
0!=
#1258500
1'
0)
1*
1+
0.
1/
02
14
15
18
09
0;
0>
1@
0A
1G
1H
0L
1!%
1!)
1!+
0!,
0!-
1!.
0!/
1!1
0!4
0!5
1!7
0!8
1!;
0!<
#1259500
1&
0'
0(
0*
1,
1-
1.
11
12
03
16
17
19
0<
0@
1A
1B
0E
0F
0G
0J
1N
1!'
0!)
0!*
1!3
1!6
1!8
0!9
0!:
0!;
1!=
#1260500
1(
0-
0.
13
04
06
07
08
09
1<
1>
1@
0A
0B
1C
0H
0I
1J
0N
0!#
1!)
1!*
1!/
0!3
1!4
0!7
1!9
1!:
1!;
0!=
#1261500
1'
0(
1)
1*
0,
1-
00
01
17
18
19
1;
0<
0=
0>
1?
0D
1F
1G
1H
1I
1N
1!#
0!+
1!-
0!.
0!/
0!0
0!4
1!7
0!8
1!=
#1262500
1%
0&
0'
0)
0+
1,
0-
09
1<
1=
0?
0@
0C
1D
0F
0J
1K
0M
1O
0!&
1!+
0!-
1!.
1!/
0!1
1!2
0!6
0!7
1!8
0!9
0!:
0!;
1!<
0!=
#1263500
1)
1+
0,
0/
02
03
14
05
07
08
19
1:
0;
1?
1@
1A
1C
1E
1F
1J
0K
1M
0!%
1!&
0!*
0!+
1!,
0!/
1!1
1!3
1!6
1!7
1!:
1!;
1!=
#1264500
1(
0)
0*
0+
1,
1.
12
13
15
17
0:
1;
0<
0=
1>
0?
0@
0A
1B
0H
1L
0M
0O
1P
0!#
0!&
1!(
0!,
1!0
1!4
0!7
0!8
0!:
0!;
0!=
#1265500
0%
0,
0.
10
04
05
16
07
18
1=
1A
0B
0C
0G
1H
1!#
1!%
0!'
1!+
1!,
1!-
0!.
0!0
0!1
0!3
1!5
1!8
1!:
1!;
0!<
#1266500
1'
1*
1+
1,
1-
00
11
02
15
06
09
0;
1B
1C
0E
0J
1K
0L
0N
0!#
1!&
1!'
0!)
1!1
1!3
0!4
1!7
1!<
1!=
#1267500
1)
0*
0,
1/
17
0>
1?
0C
0D
0F
1G
0H
0I
1J
0K
1L
1M
1O
0P
0!%
0!&
0!(
1!)
1!0
0!1
1!4
0!5
0!8
0!<
#1268500
1&
0'
0(
0)
1,
0-
0/
16
07
08
1<
0=
1>
0?
1@
0B
1D
1F
0G
1I
1N
1P
0!$
0!'
1!(
0!)
1!*
0!+
0!,
0!-
1!.
1!/
0!0
0!2
0!3
0!4
0!7
0!=
#1269500
1!
1"
1$
0&
1'
1(
1)
1*
1/
10
01
03
14
06
17
1:
1;
1=
1?
0@
1B
0D
1E
0F
0I
1K
0M
0N
0O
1!#
1!%
0!*
1!+
1!,
1!0
1!3
1!5
0!6
0!:
0!;
#1270500
1&
0'
0)
0*
0+
0,
1-
0/
11
12
05
0:
0;
0<
0>
0?
1@
1D
0E
1F
1G
1I
0K
1M
1O
0P
0!#
1!*
0!,
1!-
0!.
0!/
0!0
1!2
1!4
0!5
1!7
1!9
1!;
#1271500
1.
00
01
02
13
07
19
1<
0=
1>
0@
0A
1C
0D
1E
0F
0I
0J
0O
1P
1!&
1!'
1!)
0!*
1!,
0!-
1!.
1!/
1!1
0!2
0!4
0!7
1!8
0!9
1!:
#1272500
1'
0(
0-
0.
12
16
18
09
1:
1;
1=
0>
1@
0C
1J
1K
0L
0P
0!+
0!,
1!0
0!1
0!3
1!4
1!5
1!6
1!7
1!9
1!<
#1273500
1)
1+
1,
1/
11
04
06
08
0:
0;
1>
0@
1A
0B
1C
1D
1H
1I
0K
1L
1N
1O
1P
1!$
0!)
1!,
1!-
0!.
0!/
1!1
1!2
0!4
0!5
0!7
0!8
0!:
0!<
#1274500
1%
0&
0'
10
02
03
16
18
0<
1?
1@
0C
0D
1F
0H
0I
0N
0P
1!#
0!$
0!&
0!'
0!(
1!)
1!*
1!+
0!0
0!1
0!2
0!;
1!<
#1275500
1&
0)
1*
00
14
06
17
08
19
0?
1B
0F
0G
1H
1I
0J
1K
1N
1P
0!#
1!$
0!%
1!&
1!'
0!,
0!-
1!.
1!/
1!0
1!4
1!5
0!6
1!7
1!8
0!9
1!;
#1276500
1)
0+
0,
1-
1.
0/
10
13
15
16
09
1:
1;
1<
0=
0>
1?
0@
1D
1F
1G
0I
0K
0O
0P
1!#
0!*
1!-
0!.
0!0
1!3
0!4
0!5
0!7
0!8
0!;
0!<
1!=
#1277500
1,
0-
0.
00
01
12
18
19
1=
0?
0A
0D
0E
0F
0G
1I
0L
0M
1O
1P
1!%
0!+
1!,
0!-
1!.
0!/
1!0
1!2
1!6
1!7
1!:
#1278500
1'
1(
1+
1.
05
06
07
09
0<
0=
1@
1A
0B
1F
0H
1J
1L
0N
0!#
0!$
0!)
1!*
1!-
0!.
0!0
0!2
0!3
1!4
1!5
0!7
1!8
0!:
1!;
1!<
0!=
#1279500
1#
0$
0%
0(
0*
0+
1-
0.
1/
10
11
02
04
15
17
0;
1=
0@
0A
1B
1C
0F
1G
0I
0L
1N
0O
1!$
0!%
0!&
1!(
1!)
0!*
1!+
1!0
1!1
1!2
1!=
#1280500
1%
0&
0'
1(
0)
0-
1.
01
12
03
14
16
0:
1<
1>
1E
1F
1H
1I
1K
0N
1O
1!#
0!(
0!)
0!,
1!/
0!0
0!1
0!2
0!4
1!:
0!=
#1281500
1&
0(
1)
0,
1-
0/
11
02
04
07
08
1:
1;
1?
1@
1A
0C
0E
0I
0K
1M
1N
0!$
1!%
1!&
0!'
1!)
1!*
1!,
0!-
1!.
0!/
1!0
1!2
1!3
1!4
#1282500
1'
1*
1+
0-
0.
13
05
18
19
0:
0=
0>
0?
0@
1C
1D
1I
1K
0M
0O
0P
0!%
0!&
0!*
0!,
1!-
0!.
0!0
1!1
0!3
0!4
0!5
1!7
0!8
0!:
#1283500
1$
0%
0&
0)
1.
15
17
09
1=
1?
1@
0A
0B
0C
0D
0F
0G
0H
0K
1L
0!#
1!%
1!&
0!)
0!+
0!1
1!4
1!5
0!6
1!9
1!=
#1284500
1(
0*
0+
1/
00
12
03
14
06
07
0;
0<
0=
0?
0@
1H
0I
1K
0L
1O
1!$
1!)
1!*
1!+
1!,
1!/
1!3
0!4
0!5
0!;
0!<
#1285500
1&
0(
1)
1*
10
02
05
08
19
1<
1=
1>
1@
1A
1C
1D
0H
1I
0J
1M
0O
1!#
0!$
1!(
0!*
0!+
0!,
0!-
1!.
0!2
0!3
1!6
0!7
1!:
1!;
1!<
0!=
#1286500
1(
0)
0*
1+
0.
00
12
13
15
16
0=
0>
1?
1B
1F
1G
1H
0N
1O
0!#
0!%
1!'
1!,
1!0
1!2
1!3
1!5
1!7
0!;
0!<
#1287500
0$
1%
1-
1.
0/
10
03
05
17
18
09
1:
1=
1>
0D
1E
0F
0G
1J
1L
0O
1!#
0!&
0!)
0!/
0!0
1!1
0!2
0!3
1!4
0!7
1!8
0!9
1!=
#1288500
0"
0#
1$
0&
0(
1)
1*
0-
0.
1/
01
06
07
08
19
0:
0<
0?
0@
0A
1F
0J
1N
0!#
0!'
0!(
1!)
0!,
1!-
0!.
0!1
0!4
0!5
0!6
0!8
1!;
1!<
0!=
#1289500
1&
0'
1(
0)
0+
1,
1-
11
15
16
1:
1;
0=
0>
1A
1D
0F
1G
1J
0K
0M
1!#
1!%
1!&
1!(
1!*
1!,
0!-
1!.
1!1
1!2
1!3
1!7
1!8
1!9
0!:
0!<
1!=
#1290500
1)
0*
0,
0-
0/
01
02
18
09
0:
1=
1?
0A
0C
0D
0E
1F
0G
0H
0I
0J
0L
0N
1O
1P
1!'
1!+
0!3
1!5
0!7
1!:
0!;
1!<
0!=
#1291500
1'
0(
1,
1.
11
12
13
05
17
0;
1<
1>
0?
1A
0B
1E
0F
1I
1J
1K
1N
0O
0!'
0!(
0!*
0!+
1!-
0!.
1!/
1!3
1!4
0!5
1!6
0!8
0!9
0!:
1!;
#1292500
1#
0$
0%
0&
0'
0)
1*
1-
0.
00
03
15
07
1:
0=
0>
1?
0A
1B
1C
0N
1O
0!%
0!&
1!'
0!)
1!*
0!,
0!-
1!.
0!2
0!4
1!5
0!6
1!7
1!8
1!:
0!;
0!<
#1293500
0#
1%
1'
1+
0-
1.
1/
10
13
1=
1@
0E
1F
0K
1M
1N
0O
1!&
0!'
1!)
1!,
1!-
0!.
0!/
0!1
1!2
0!3
1!6
1!9
0!:
#1294500
1)
0*
0+
1-
0/
06
1;
0<
1>
0?
1D
0F
0I
1L
0M
0N
0P
1!'
1!(
0!)
0!,
0!-
1!.
1!/
1!0
1!3
0!6
0!7
0!8
1!:
1!<
1!=
#1295500
1*
0-
0.
1/
02
17
0:
0;
0=
0>
1?
0@
0B
0C
1G
1H
1K
1N
1O
0!&
0!'
0!(
1!)
0!*
1!,
1!1
0!2
1!4
1!6
1!7
0!9
0!:
1!;
#1296500
1&
0'
0*
1+
0/
12
05
16
07
1:
1;
1=
1A
1B
1C
0D
0L
0N
0O
0!#
1!%
1!'
1!*
0!,
1!-
0!.
0!/
0!0
0!1
0!4
0!5
0!7
1!8
1!9
1!:
0!<
#1297500
1(
0+
01
02
15
17
1<
0=
1>
0A
0C
1E
1F
0G
0J
1L
1M
1N
0!'
1!(
0!*
1!,
1!1
1!2
1!4
1!5
0!8
0!9
0!=
#1298500
1*
1+
0,
11
03
06
08
19
0;
0>
1C
1D
0F
1G
1I
1J
0K
0M
0N
1O
1P
1!#
0!%
1!&
1!*
1!+
0!,
1!/
1!0
0!1
0!2
0!6
1!7
1!9
0!:
1!<
#1299500
1$
0%
0&
1'
0(
0*
0+
1,
1-
1.
00
13
05
1>
0B
0D
0E
1F
0G
0H
0I
0J
1K
1N
0P
1!'
0!)
1!,
0!-
1!.
1!1
0!3
0!5
0!7
0!;
#1300500
1&
0'
1(
0)
1*
1+
1/
01
12
03
15
07
09
0<
1=
0>
1@
1B
0C
1D
1E
1I
0L
1M
0N
1P
1!%
0!0
0!1
1!3
0!4
1!5
1!8
0!9
1!:
1!=
#1301500
1'
0*
0+
0-
10
11
02
16
17
18
19
0:
1<
0=
0?
0B
0D
0E
0F
1H
1N
0O
0P
0!'
0!,
1!0
1!1
1!2
1!6
1!7
1!9
#1302500
0&
1)
1*
1-
0.
0/
01
13
06
07
08
09
1;
1=
1>
1B
1G
0H
0I
1L
0N
1O
1!$
0!%
1!'
1!)
1!,
1!-
0!.
0!/
0!0
0!2
0!3
1!4
0!5
0!6
0!8
1!;
0!<
#1303500
1#
0$
1%
0(
0*
1+
1/
11
03
04
05
16
0<
0=
1?
1C
1D
0K
0O
1P
0!#
0!*
0!-
1!.
1!/
1!0
1!2
1!5
0!7
0!9
0!:
0!;
1!<
0!=
#1304500
1(
0)
1*
12
13
14
06
17
19
1<
1=
0>
0?
0B
1E
1F
0G
1I
1J
1K
0M
1N
1O
0P
0!'
0!,
0!0
0!2
1!3
0!5
1!6
1!9
0!<
#1305500
1"
0#
1&
0'
0*
0,
1.
00
03
04
09
1:
0;
0=
1>
0C
0D
1H
0J
0K
0L
0O
0!&
0!)
1!*
0!+
1!0
0!1
0!4
1!5
0!9
1!=
#1306500
1'
1)
1*
1,
16
18
19
1?
1A
1C
0F
1G
0H
1M
1O
1!&
1!'
1!)
0!0
1!2
0!3
0!5
1!9
1!:
1!;
1!<
0!=
#1307500
1$
0%
0&
0'
0(
0)
0,
0.
0/
02
13
06
07
08
0:
0C
1D
0E
1H
1J
1L
0!$
0!)
0!*
1!+
1!,
1!-
0!.
1!1
0!2
1!3
1!5
1!7
1!8
0!:
#1308500
1(
1)
0*
12
14
15
16
17
09
1;
0<
1=
0>
0@
0D
1F
0L
0M
0N
1!#
1!)
1!*
0!,
0!-
1!.
0!/
1!0
0!1
0!3
1!4
0!5
0!6
0!;
#1309500
0!
0"
0$
1'
0(
1*
0-
1/
10
01
02
04
05
06
07
1:
1<
0?
0A
1C
1D
0F
0H
0J
1M
1P
1!$
1!%
0!*
1!,
1!/
0!0
1!1
1!3
0!4
1!5
0!7
0!9
1!:
0!<
#1310500
1&
1(
0)
0*
0+
1,
1-
1.
0/
00
15
16
17
18
0;
0<
0=
1>
1?
1B
0C
0D
1E
1H
1K
1N
0!%
0!&
0!)
0!,
1!-
0!.
0!/
0!1
0!3
1!6
1!7
0!:
1!;
#1311500
1%
0&
0'
0(
1+
0,
0-
0.
10
03
05
06
07
08
19
0:
1;
1<
1=
0?
1@
0B
1C
1D
0G
0H
1J
1L
0N
0O
1!%
0!(
1!)
0!+
1!,
0!-
1!.
1!/
0!5
0!6
0!8
1!:
1!<
#1312500
1'
0+
1-
1/
11
12
13
14
18
09
1:
0;
0>
1?
0@
0C
1G
0J
0L
0M
1N
1O
0P
0!#
1!+
0!,
1!-
0!.
1!1
1!2
1!5
1!6
1!9
0!<
#1313500
1&
1(
0-
0/
04
15
17
08
0=
0?
1B
1C
0D
0G
0I
1J
0K
1L
0N
0O
1!#
0!%
0!'
1!(
1!*
0!+
1!,
0!-
1!.
0!2
1!3
1!4
0!5
0!7
0!9
0!:
0!;
1!<
1!=
#1314500
1-
1.
1/
01
03
07
0<
1?
1A
0C
1F
0J
1K
0L
1O
0!#
1!+
0!1
0!3
1!5
1!8
1!;
0!=
#1315500
1$
0%
0&
0'
0(
1)
1*
1+
1,
0.
0/
02
13
05
16
17
18
19
1<
1>
0?
0E
1G
1H
1J
1M
1N
0O
1!#
0!$
1!%
0!(
0!)
0!*
0!,
1!-
0!.
0!/
1!0
1!2
1!3
0!4
0!5
1!7
0!8
0!;
1!=
#1316500
0$
1'
0)
0+
0-
1.
00
03
15
06
07
0:
1;
1=
1?
1E
0F
0K
1L
0M
0N
1O
0!#
1!'
1!,
0!-
1!.
1!/
0!0
1!1
0!3
1!5
0!6
1!8
1!9
0!<
#1317500
1)
0,
10
13
16
08
09
1:
0>
0?
0B
1C
0G
0H
1I
0L
1M
1N
0O
1!#
0!+
0!,
0!/
1!0
0!2
1!3
0!5
0!7
#1318500
1!
1"
1#
1+
1/
11
19
0:
0<
0=
1>
1@
1B
0C
1D
1F
1G
0I
0N
1O
1P
0!#
0!%
1!*
1!,
1!-
0!.
0!1
0!3
1!4
1!7
0!8
1!:
1!;
#1319500
1&
0'
1(
0+
0/
01
12
03
14
05
06
17
18
0;
1=
0>
0D
0E
0G
0J
1K
1L
0M
0O
0P
1!#
1!%
1!+
1!/
0!0
1!2
0!4
1!5
0!7
1!8
0!;
0!=
#1320500
1'
0(
1,
00
02
13
04
16
07
1:
1<
0B
1D
1E
0F
1G
1J
0K
0L
1N
0!#
0!'
1!(
0!*
0!,
0!/
0!2
1!4
0!5
1!7
0!9
1!;
1!<
1!=
#1321500
1(
0)
0*
1+
0,
1-
10
12
14
17
08
0:
1;
0@
0D
0E
0J
1K
1L
0N
1O
1P
1!$
0!%
1!'
1!)
1!*
1!,
1!/
0!4
1!6
0!8
0!;
#1322500
0!
0"
0#
0'
0(
1*
1,
0-
11
15
07
1:
0<
1>
1?
1@
0A
1B
1C
1F
0G
1I
1J
0L
1M
1N
0!+
0!/
1!0
1!2
0!6
0!7
0!=
#1323500
1-
0.
00
01
03
05
18
09
0?
0@
0B
0C
0F
1G
0I
0M
1!#
0!$
0!'
0!)
0!*
1!+
1!1
0!2
1!4
1!7
1!8
1!9
0!:
1!=
#1324500
1)
1.
1/
10
15
19
0>
1?
1B
1C
1E
1F
1I
0J
0K
1!$
1!%
1!&
0!,
0!1
0!7
1!:
1!;
#1325500
1(
0)
0+
0-
11
05
17
0=
1>
1@
1A
0B
1D
0E
0G
1H
0I
1J
0N
0!#
0!%
0!(
0!+
1!,
0!0
1!1
1!2
1!3
0!4
1!7
0!:
0!=
#1326500
1+
0/
01
13
04
06
08
0;
1<
0?
1B
0H
1K
1L
1N
1!%
0!&
1!*
1!+
1!/
1!0
0!1
1!6
0!;
0!<
1!=
#1327500
1'
1)
0+
0,
0.
11
03
14
16
09
0:
1;
0<
1?
0@
0B
0D
0F
1I
0K
0L
1M
0O
1!(
0!*
0!,
0!/
0!0
1!1
0!3
1!4
0!6
0!8
1!;
1!<
#1328500
1%
0&
0'
0(
0*
1+
1-
1.
1/
13
04
15
07
18
1<
1B
1D
1F
0I
0J
0N
1O
0P
1!#
1!&
0!+
0!-
1!.
1!/
1!0
0!1
1!3
0!4
0!9
1!:
0!<
0!=
#1329500
1'
0)
0+
0.
0/
00
01
02
05
08
19
1:
0?
0B
0D
1H
1I
1K
0O
0!#
0!&
1!)
1!*
1!+
1!,
1!1
1!6
1!8
#1330500
1(
1)
1+
0-
1.
10
11
12
14
06
17
18
0;
0<
1=
1?
1@
0A
1B
1D
1E
1G
0H
0M
1N
1!&
1!'
0!)
0!*
0!+
0!0
0!1
0!2
1!4
1!9
0!;
1!=
#1331500
0%
0(
0)
1*
0+
1-
00
01
02
08
0:
1;
0=
0?
0B
0C
0D
0F
0G
1H
1J
0K
1L
1M
1!#
0!/
1!1
1!2
1!5
0!6
0!8
0!9
0!:
1!;
1!<
0!=
#1332500
1&
0'
0*
1+
1/
10
11
03
18
0;
1=
0>
0@
1A
1B
1C
0E
1F
0H
0I
0J
1K
0M
0!#
0!%
0!&
0!'
0!(
0!,
1!-
0!.
1!0
0!2
0!3
0!4
0!5
1!6
1!8
1!9
1!:
0!<
1!=
#1333500
1'
1(
0.
00
01
12
16
07
08
1:
0=
1@
0A
0B
0C
1D
0F
1H
1I
0K
1M
0N
1!#
0!$
1!)
1!*
1!+
1!,
1!3
1!4
0!9
0!;
#1334500
1%
0&
0'
0(
0+
1,
1.
0/
11
13
04
15
06
1<
1=
1>
1E
0H
0I
0L
0M
1N
1!$
0!*
0!,
0!-
1!.
1!/
0!0
0!4
1!5
0!:
1!;
#1335500
1'
1*
0.
1/
10
03
14
16
18
0:
0<
0@
1C
0E
1F
1G
1J
1K
1M
1O
1P
0!#
1!%
1!'
1!(
1!*
0!+
1!,
1!-
0!.
1!4
0!5
1!9
0!;
1!<
0!=
#1336500
0%
0'
0*
1+
0,
0/
00
02
13
05
08
09
1;
1<
1?
1B
0D
1E
0G
1I
1L
0O
0P
0!%
1!&
0!(
0!)
0!*
0!,
0!/
0!1
1!2
0!3
0!4
1!5
0!6
0!9
1!:
1!=
#1337500
1(
1*
0-
1.
10
01
12
03
04
15
06
0;
0<
1@
0C
1D
0E
1G
0I
0J
0L
0M
1!#
1!%
0!&
1!+
1!,
1!/
1!1
0!8
1!;
#1338500
0(
0*
0+
1,
1/
11
02
13
14
16
17
18
0?
0@
1A
0B
1C
1H
1I
1L
1M
1O
1!&
0!'
1!(
1!*
0!,
0!/
1!0
1!3
1!4
1!6
0!7
1!8
1!9
0!:
0!;
0!<
0!=
#1339500
1+
0,
01
03
04
05
19
1:
1;
0>
0A
1B
0D
0H
0K
0L
0N
0O
0!&
0!(
1!)
0!+
1!,
0!-
1!.
1!/
0!4
0!5
0!6
0!8
0!9
1!:
1!=
#1340500
1(
1)
1*
1,
1-
0.
0/
11
14
15
09
0:
1<
0=
1@
0B
0C
1E
0F
0G
1K
0M
1N
0!%
1!&
1!'
0!)
0!,
1!-
0!.
0!/
0!2
0!3
1!6
1!7
1!8
1!9
1!<
#1341500
1&
0)
0+
0-
1.
1/
00
04
06
07
08
0;
1=
1>
1?
1A
1F
1G
1H
0I
1J
1L
1M
0!#
1!%
1!)
1!,
0!-
1!.
1!/
0!1
0!6
0!7
0!<
#1342500
1!
1"
1#
1$
0&
0(
1)
0*
0,
1-
0.
0/
12
13
14
05
17
19
1;
0<
0?
0@
1B
1D
0E
0G
0H
0J
0L
0N
1O
1P
0!'
0!,
0!0
1!1
1!2
1!3
0!9
1!<
#1343500
1'
1(
0)
1,
0-
1/
01
16
07
18
0=
0>
1?
1@
0A
0B
1E
1G
1I
1J
1N
0!$
1!'
1!(
1!+
1!,
1!-
0!.
0!1
0!2
1!5
1!6
1!7
0!8
#1344500
0!
0"
0#
0$
0'
1*
1+
0,
1-
15
06
08
09
0;
1>
0E
1H
0M
0P
0!%
0!&
0!'
0!(
0!,
0!-
1!.
0!5
0!6
1!8
0!:
1!;
0!<
0!=
#1345500
1)
0*
0-
1.
02
03
05
17
18
19
1:
0>
1B
1C
0D
1E
0I
0K
1M
0N
1P
1!%
0!+
1!,
1!2
0!3
1!4
1!5
0!7
0!8
1!:
#1346500
1&
1'
0)
1*
1,
0.
0/
10
12
13
15
16
07
08
1;
1<
1=
1>
0?
1A
1D
0F
0G
0H
0J
1K
1L
1N
0P
1!$
1!'
0!,
1!-
0!.
0!/
1!0
1!1
1!3
0!4
1!6
1!8
1!9
1!<
#1347500
1%
0&
0'
1)
0*
0+
0,
1-
1.
00
11
02
06
09
0:
0;
0<
0=
0>
0B
0D
0E
1G
1H
1I
0L
0M
1!#
0!*
1!+
1!,
0!0
0!2
0!3
1!4
0!5
1!7
0!8
#1348500
1'
0(
1*
1,
0-
10
16
1;
0A
1B
0C
1D
1F
0H
1J
1M
0!#
0!$
0!%
0!+
1!0
0!1
0!4
0!7
1!8
0!;
0!<
1!=
#1349500
1(
0)
1+
1-
1/
00
12
03
05
06
19
1:
1<
1=
1>
1?
1A
0B
1C
1E
1H
0I
0J
0K
1L
0M
1!&
1!(
1!*
1!+
0!,
1!1
1!2
1!5
1!7
0!9
1!<
0!=
#1350500
1&
0'
0(
1)
0-
10
01
02
04
18
09
0:
0;
0=
0F
0H
1K
1P
0!'
0!)
0!*
1!,
0!0
1!3
1!4
0!8
1!;
0!<
#1351500
1'
0)
0*
0+
0.
0/
11
15
08
1;
1=
0>
0?
1F
1I
1J
0N
0P
1!'
0!,
1!0
0!3
0!4
0!5
0!7
1!8
0!;
#1352500
1!
1#
1$
0,
1.
1/
13
05
18
0;
1>
0@
0A
0E
0G
0L
1M
1N
0O
1!)
1!*
0!1
0!2
1!3
0!6
1!7
0!8
1!9
1!<
1!=
#1353500
1)
1*
1+
1,
1-
00
01
12
15
08
1:
0<
0=
1?
1@
0D
1E
1G
0I
0J
1O
1P
1!%
0!'
0!*
0!+
1!,
0!0
0!3
1!4
1!5
1!6
0!7
1!8
0!9
0!:
1!;
0!<
#1354500
1(
0)
0+
0-
11
02
03
05
17
18
1;
1<
0>
0?
0@
1A
1D
0E
0F
1I
1J
0K
0M
0N
0P
0!%
0!&
0!)
0!,
0!-
1!.
1!/
1!1
1!3
0!4
0!8
1!9
1!:
0!;
#1355500
1-
0/
01
13
16
07
0:
0;
1>
1@
0D
1E
1H
1K
1L
1N
0O
1P
1!#
1!)
1!,
1!-
0!.
0!/
1!0
0!1
1!2
1!4
1!8
0!9
1!;
1!<
#1356500
0!
0#
0$
0%
0&
0(
1+
0-
0.
10
11
12
03
15
1=
0>
0@
1B
0C
1F
0G
0K
0N
0P
0!#
1!$
1!&
1!+
0!,
0!-
1!.
1!/
0!0
1!1
0!4
1!9
0!;
0!<
#1357500
1&
0'
1(
0,
1-
1.
00
01
13
14
05
06
1:
1;
1>
1?
1@
0A
0B
1C
1D
0F
0H
0I
1K
0L
1!#
1!%
0!&
1!'
0!+
1!,
1!-
0!.
0!/
1!0
0!1
0!3
1!4
0!5
1!7
0!8
0!9
0!:
1!;
1!<
#1358500
1'
0(
1)
1,
0-
11
03
17
0:
0<
0=
0?
0D
1G
1I
0J
1L
1O
0!#
0!$
0!)
1!*
1!+
0!,
0!0
1!3
0!4
1!5
0!7
1!9
0!<
#1359500
1(
0)
0*
0,
0.
1/
10
01
13
04
16
07
0@
1B
1D
0G
0I
1J
0L
1M
0!%
1!&
0!'
0!*
1!,
0!-
1!.
1!/
1!1
0!2
0!5
0!6
1!8
0!9
1!:
0!=
#1360500
1%
0&
0'
0(
1)
1*
0+
1,
1-
1.
0/
11
03
14
15
06
17
08
1:
1=
0>
1?
1@
0C
1F
1G
1H
1I
0K
0M
1N
0O
1!%
0!&
0!(
1!)
0!+
0!,
1!-
0!.
0!1
1!4
1!5
1!6
1!9
0!:
0!;
1!<
1!=
#1361500
1(
0)
0*
1+
0,
0-
1/
00
01
13
05
07
18
19
1<
0=
1>
0?
1A
0B
1C
0H
0I
0J
1M
1!#
1!$
1!&
1!'
0!)
1!*
1!,
0!-
1!.
1!0
1!1
0!3
0!4
0!6
0!9
#1362500
1!
1"
1#
1$
0%
1&
1*
0+
1,
1-
0.
0/
10
11
02
03
16
17
09
0:
0;
0>
0@
1B
0F
1H
1I
1K
0M
0!#
0!%
1!)
0!*
1!+
0!,
1!-
0!.
0!0
1!3
1!4
1!:
0!<
#1363500
0"
0$
1%
0,
1.
1/
00
13
15
06
08
1:
1=
1>
1?
0A
0B
0H
1J
1M
0N
0!$
0!&
1!(
1!*
0!+
1!,
0!/
1!0
1!2
1!7
0!8
1!;
0!=
#1364500
1'
0(
0*
0.
0/
10
12
03
04
19
0:
0=
0?
1@
1A
1B
0C
0D
0E
0G
0J
0K
1N
1!%
0!'
0!(
1!+
0!,
0!0
0!1
0!3
1!6
0!:
0!;
1!=
#1365500
1)
1*
1,
1.
1/
13
14
05
07
09
1;
0<
1=
0>
1?
0A
0B
1C
1D
1E
1F
1G
1H
0I
1J
0!%
1!&
1!,
0!-
1!.
1!/
1!0
1!1
0!2
0!6
1!8
1!9
1!;
1!<
#1366500
1$
0%
0&
1(
1+
0.
00
01
03
04
15
17
18
0;
1<
0?
0@
1A
1B
0D
0E
0G
0H
1I
1K
1L
0M
0!)
0!*
0!,
1!-
0!.
0!0
0!1
0!4
0!8
1!:
0!;
#1367500
1%
0(
0*
0,
0-
10
02
13
07
1:
0<
1?
0A
0C
0I
0K
0L
1!)
0!+
1!,
0!-
1!.
1!0
1!1
1!3
1!6
1!;
#1368500
0!
0#
0$
0%
0'
1(
1*
1,
00
11
12
03
14
08
1<
1>
0?
1I
1K
1M
1O
1P
0!,
1!-
0!.
0!/
0!0
0!1
0!6
0!7
1!8
0!9
#1369500
0(
0)
0*
0,
01
04
17
18
19
0<
0>
0B
1C
1G
0J
0K
1L
0M
0N
0P
1!%
0!&
1!(
1!*
1!+
0!-
1!.
1!/
1!0
1!2
0!5
1!6
1!9
0!:
#1370500
1'
1(
1-
1.
0/
10
05
08
09
0=
1?
1B
0C
1E
1H
0I
1K
1N
0!%
1!&
0!(
0!*
1!,
1!-
0!.
0!0
0!2
0!3
1!4
0!6
1!7
0!8
0!9
0!;
0!<
0!=
#1371500
1&
0'
0(
1)
0-
1/
00
02
13
15
16
18
19
1<
1A
1C
1D
0E
1I
1J
0K
0L
0O
1!#
0!,
0!-
1!.
0!/
1!0
1!1
1!2
0!4
1!6
1!:
1!<
#1372500
1(
0)
1,
0.
0/
11
12
03
14
05
06
07
08
09
0:
1;
1>
0?
0A
0C
0D
0F
0J
1L
0N
1O
0!#
1!%
0!&
1!'
1!(
0!)
1!,
1!/
0!0
0!1
1!3
0!6
0!7
1!9
1!;
1!=
#1373500
1%
0&
0(
1*
0+
0,
1-
1.
02
13
18
1:
0<
1=
0>
1@
1C
1D
1E
0G
0I
1J
1K
0L
1M
1N
0O
1P
1!#
1!$
0!%
0!'
0!,
0!/
1!1
1!5
1!7
1!8
0!9
0!:
#1374500
0%
1(
1+
0-
0.
1/
10
01
15
16
08
19
0:
0;
1<
1>
1?
0@
0B
1G
0H
0J
0M
0N
1O
1!%
1!*
1!/
0!1
0!2
0!3
1!4
0!7
0!;
0!=
#1375500
1)
1,
1-
0/
00
03
05
06
18
1:
0=
0>
1A
0E
1F
1I
1L
0P
0!(
1!)
1!-
0!.
0!/
1!0
1!2
0!5
1!7
0!8
1!:
1!;
1!=
#1376500
1!
1#
1$
1%
1&
1'
0(
1.
10
11
12
15
16
08
0:
1;
0<
1=
1>
1@
1B
0D
1E
0G
1H
0I
0L
1N
1P
0!#
0!$
1!&
1!'
1!(
0!)
0!*
0!+
1!,
0!-
1!.
1!/
1!1
0!2
0!4
1!6
0!;
0!<
0!=
#1377500
1"
0#
0$
0%
0&
1(
0*
0+
0-
01
02
04
05
18
0=
0?
0B
1D
0E
0H
0K
1!#
0!%
0!&
0!'
0!(
0!,
0!0
0!1
1!5
0!7
0!:
1!<
1!=
#1378500
1&
0(
1+
0,
11
14
15
17
08
0;
0>
1?
0@
0F
1I
1K
1L
0!#
1!$
1!%
1!&
1!'
1!*
1!+
1!0
1!1
1!2
1!7
0!=
#1379500
1%
0&
0'
1(
0)
0+
00
04
05
06
09
1;
1<
1>
1@
0A
1E
1F
0K
0L
0N
1!#
0!'
1!)
0!+
1!,
1!-
0!.
0!1
0!6
0!<
#1380500
1'
1)
1*
1+
10
01
12
13
15
16
18
19
0<
1=
0>
0?
1B
0C
0F
1G
1J
1L
0!#
0!$
0!%
0!&
0!)
0!,
0!-
1!.
0!/
0!7
1!9
1!;
#1381500
1,
1-
00
02
14
06
07
08
09
0;
1<
1>
1?
0@
1A
0E
1F
0G
0J
1M
1!#
1!$
1!%
1!)
0!*
1!+
1!,
1!-
0!.
1!1
1!4
0!5
1!7
0!;
#1382500
1&
0(
0*
0+
0-
10
03
04
05
17
18
0<
0>
0?
0A
0B
1C
0I
1J
1K
1N
1!'
0!,
0!0
0!2
1!3
0!4
1!6
0!7
1!8
1!:
1!;
1!<
#1383500
1*
1/
00
16
08
1:
1;
1<
0=
1>
1?
1A
0C
0D
1E
0F
1H
1I
0J
0K
0L
0!%
0!'
1!(
0!)
1!*
0!+
1!,
0!-
1!.
1!/
1!0
1!4
0!6
0!8
0!9
0!;
0!<
1!=
#1384500
1$
0%
0&
0'
0)
0*
13
14
06
18
19
0<
1=
0>
0I
1K
1L
0M
0N
0O
0!#
0!$
1!&
1!'
0!,
1!-
0!.
0!/
0!0
0!3
1!6
0!:
1!<
#1385500
1*
0,
0.
10
11
12
03
15
08
0:
0;
1<
0?
0A
1B
1D
0E
0H
1J
0K
1!%
0!&
0!*
1!,
0!-
1!.
1!/
1!0
0!1
1!5
0!<
#1386500
1#
0$
1+
1,
0/
01
02
07
0=
1A
0D
1G
1H
1I
1K
0L
1M
1O
0!%
0!'
1!)
1!*
1!+
0!,
1!-
0!.
0!0
1!3
0!4
0!5
0!6
1!7
1!8
1!9
#1387500
0"
1$
1%
1'
1)
0+
1.
1/
00
12
13
05
18
09
1:
1;
1=
1?
1@
0B
1D
1E
1F
0G
0H
0I
0K
1L
1N
1!%
1!'
1!,
0!-
1!.
1!0
1!1
0!3
1!4
1!5
1!6
1!:
#1388500
0$
0%
1&
1(
0)
0*
0/
10
11
15
16
19
0;
0A
1C
0D
1H
0J
1!#
0!'
0!,
1!-
0!.
0!1
1!2
0!4
0!6
0!7
0!9
1!<
#1389500
0#
1$
1%
0&
0'
0(
1)
0,
0.
1/
01
02
03
04
05
09
1>
1D
0F
0H
1I
1J
0M
0!#
1!&
0!*
1!,
0!/
0!0
1!4
0!5
1!6
1!7
0!:
1!;
0!<
#1390500
1(
1-
1.
00
11
12
13
14
15
08
19
1;
0<
0?
0@
0C
0D
0E
1G
1H
0L
0N
1!#
1!$
0!%
0!)
1!*
0!-
1!.
1!/
1!0
0!2
1!5
0!8
1!:
0!;
1!<
0!=
#1391500
1'
0(
0)
1,
0.
10
01
02
05
06
17
09
0;
1<
0=
1?
1A
1D
1F
0G
0I
1L
1N
0O
1!%
1!'
0!(
1!)
0!+
1!-
0!.
0!0
1!8
1!9
1!=
#1392500
1)
0,
0-
1.
11
03
15
07
18
0:
0>
0?
1@
1B
1C
1E
0F
1I
1K
1M
0N
1O
0!#
0!%
0!'
1!(
0!)
1!+
0!-
1!.
1!0
1!1
1!2
1!3
0!5
0!8
#1393500
1(
0)
1-
0.
0/
00
12
13
04
05
16
17
19
1;
0<
1=
1>
0@
0B
0C
1F
1G
0L
1N
0O
1!%
1!)
0!3
0!4
1!8
0!9
1!;
0!<
0!=
#1394500
1)
1*
1+
1.
10
01
03
15
09
1<
0=
0>
1?
1@
0A
1C
0D
0F
0H
0I
0K
1L
0M
1!#
0!$
0!%
0!&
0!)
0!+
0!,
0!/
0!0
0!2
1!3
1!4
0!7
1!<
#1395500
1,
0.
1/
11
08
19
1:
0<
1>
0?
0E
1F
1H
1I
0J
0L
0N
1O
0!#
1!)
1!/
1!2
0!3
1!5
0!6
0!8
0!<
1!=
#1396500
1&
0'
0*
0-
1.
02
14
05
06
07
0:
0;
1<
1=
1?
0C
1D
1E
0F
0I
1M
1N
0O
0P
1!#
1!%
1!&
0!)
0!*
1!+
1!,
1!0
0!1
0!4
1!6
1!7
1!8
1!9
0!:
0!;
1!<
#1397500
1'
0(
0+
0,
1-
0.
00
01
15
09
0<
0=
1B
0D
0E
0G
1J
1K
0M
1P
0!%
0!,
0!0
0!2
1!4
0!8
1!:
1!;
0!<
#1398500
1*
1,
0-
0/
12
16
19
1;
1=
0@
1D
1F
1G
0H
1I
0K
1L
1M
0N
1O
0!#
0!&
0!+
1!,
1!-
0!.
0!/
1!3
0!4
0!7
1!8
0!9
1!<
#1399500
1-
1/
02
1:
0;
1<
1@
0B
1C
0F
0G
1H
0I
0J
0M
1N
0O
1!#
1!'
0!(
1!)
1!+
0!,
0!-
1!.
1!/
1!0
0!3
0!8
1!9
0!:
0!;
0!=
#1400500
0!
0$
0%
0&
1+
0,
0/
10
11
12
05
06
17
18
09
1;
0<
0?
0@
1A
1B
0C
1F
0H
1I
1M
0N
1O
0P
0!#
0!'
1!,
1!-
0!.
0!/
1!1
1!2
1!3
1!4
0!5
1!7
1!8
1!;
0!<
#1401500
1&
0'
1(
0*
0+
1/
01
02
15
16
08
19
0>
1?
0A
1C
1E
0F
1J
0M
1N
0O
1!$
0!+
0!,
1!/
0!1
0!2
0!3
0!4
1!5
0!7
0!8
0!9
#1402500
0&
1'
0(
0)
1+
1,
1.
0/
00
11
13
07
0:
1<
1>
0?
0C
0D
1H
0J
0L
1O
1!&
1!'
1!(
0!)
1!,
0!-
1!.
0!0
1!1
1!3
1!4
0!6
1!7
1!9
1!=
#1403500
1*
0+
0,
0-
10
01
12
03
06
18
09
0=
1?
1@
0B
1F
0I
1J
1L
0N
0!(
1!)
1!*
1!+
0!7
0!9
1!:
#1404500
1+
1/
04
05
16
08
1:
0;
1=
0?
1A
1B
1D
0F
1G
1I
0J
1K
0L
1M
1!#
1!%
0!'
1!(
0!)
1!0
1!2
0!3
0!4
0!5
1!6
1!7
1!<
#1405500
1!
1#
1&
1(
1)
0/
00
11
15
06
17
18
0:
0<
0>
1?
0A
0B
0D
0E
1F
0G
1J
1L
0!&
1!'
0!*
1!3
0!7
1!8
1!9
0!=
#1406500
1%
0&
0'
0)
0.
10
01
08
19
1>
0?
0@
1A
1D
1E
0F
1G
0L
0!%
1!*
0!,
1!-
0!.
0!/
0!1
0!3
1!5
1!7
0!8
0!;
#1407500
0%
1'
1)
0+
1.
00
02
0=
0>
1?
1@
1B
1C
0D
1F
0G
0K
0O
1P
1!&
0!(
1!)
0!*
0!+
1!,
0!0
0!2
1!3
1!4
0!5
0!6
0!:
1!;
0!<
#1408500
1$
1&
0(
0)
0*
1+
1/
10
13
09
1=
0?
0@
0A
0F
0H
0I
0J
1K
0M
1N
0P
0!#
1!%
0!'
0!)
0!,
0!-
1!.
1!0
1!1
1!2
0!4
1!6
0!7
0!;
1!<
#1409500
1)
1*
0+
1,
1-
0.
0/
00
11
03
14
18
19
0=
1>
1?
1@
0B
0C
1F
1I
0N
1O
0!%
1!'
1!(
1!+
1!,
1!/
0!2
1!7
1!8
0!9
1!:
1!;
0!<
1!=
#1410500
0!
0#
0$
0&
1(
0)
0*
1+
0,
1.
12
16
07
09
1:
1<
1=
0?
1A
0E
1G
1H
0I
1L
1N
1!%
0!'
1!)
0!,
0!1
1!2
0!3
1!4
1!5
0!6
0!8
0!;
1!<
#1411500
0'
1)
1*
0-
0.
1/
01
02
04
06
17
0:
0<
0=
1?
1D
0F
0H
1J
0L
1M
0!)
1!,
1!-
0!.
0!/
0!0
1!1
1!3
0!5
0!7
1!;
0!<
#1412500
1'
0(
0*
0+
1,
1-
1.
10
11
16
07
1;
1<
1=
0@
0D
1E
0G
1H
1I
0J
0K
1L
0M
0!%
0!+
0!,
0!-
1!.
1!/
1!0
0!2
0!3
0!4
1!6
1!7
1!8
1!9
0!:
1!<
#1413500
1&
0'
1*
0,
0/
00
12
13
14
05
19
0<
0?
1@
0A
1C
1D
0E
1F
1G
0H
1K
0L
1!%
0!&
1!*
1!+
1!,
0!0
1!3
0!8
1!:
#1414500
1'
1(
1,
0.
1/
06
08
0=
1?
0@
1A
1B
1E
0F
1H
0I
1J
1!&
1!'
0!,
1!0
0!1
1!2
1!5
0!9
0!:
0!<
#1415500
1%
0&
0'
0(
0)
0*
1+
0,
0-
1.
02
03
15
1:
0>
0?
1@
0E
0G
0H
1I
1L
0!&
0!'
1!)
0!+
1!,
1!1
0!2
0!3
0!5
0!7
1!9
1!:
0!;
1!<
#1416500
1-
12
13
17
09
0;
1<
1>
1?
0@
0A
0B
0C
0D
1H
0L
1!&
0!,
1!2
1!3
1!5
0!6
1!7
1!8
1!;
#1417500
1(
1)
1*
1,
01
03
05
16
07
1;
1=
0>
0?
1@
1A
1D
1E
1F
1G
0H
0J
0!%
1!'
0!(
0!)
1!+
1!,
0!0
0!1
0!2
0!3
1!4
0!5
1!6
0!9
0!:
0!;
0!<
0!=
#1418500
1&
0)
0*
0+
0-
0.
0/
11
13
04
15
06
17
18
0:
0@
0A
1B
0F
1H
1J
0K
1L
0N
0!&
0!'
0!,
1!-
0!.
0!/
1!0
1!1
0!4
1!5
0!8
1!:
1!<
#1419500
1'
0(
1.
10
01
02
03
14
05
16
07
08
1:
0<
0=
1>
1?
1@
0B
1C
0D
0H
0I
0J
1M
1N
1P
0!$
1!%
1!(
1!)
0!*
0!+
1!,
0!1
1!2
0!5
0!7
1!8
1!9
1!=
#1420500
1+
0,
12
04
15
06
1<
0>
0?
0@
0C
0E
0G
1H
1I
1K
0L
0N
0O
1!$
0!%
1!'
0!)
1!+
0!-
1!.
1!1
1!4
1!5
0!6
1!7
0!8
0!9
1!;
0!<
0!=
#1421500
1$
0%
0&
0'
1(
1)
1*
0+
00
02
13
14
05
19
0:
1=
1>
1?
1C
1D
1G
0H
0I
1J
0K
1L
1N
1!#
0!$
0!+
1!-
0!.
0!0
0!1
1!3
0!4
0!5
1!9
0!;
1!<
1!=
#1422500
0$
1&
1+
1-
0.
1/
10
11
12
15
09
0<
0=
0?
1@
0C
1E
1F
0G
1I
0J
0M
0P
0!#
0!'
0!(
1!)
1!+
0!,
0!-
1!.
1!/
1!0
0!3
0!:
0!=
#1423500
1%
0&
1'
0(
0*
1,
1.
0/
00
03
04
05
16
19
1:
0;
1=
0>
1B
0F
1J
1K
1M
0N
1O
1P
1!&
1!(
0!)
1!*
0!+
1!,
0!/
1!5
1!6
0!7
1!8
1!;
#1424500
1!
1"
0'
1(
1*
0+
0.
1/
10
01
02
13
15
06
17
09
1;
1<
0=
0E
1F
1G
0I
0J
0K
0L
0P
1!%
0!(
1!)
0!*
0!,
1!-
0!.
0!0
1!1
0!2
1!3
0!5
1!7
0!8
0!9
1!:
0!;
1!=
#1425500
1&
1'
0)
0-
1.
00
12
16
18
1>
1?
1A
0B
1C
1E
0G
1H
1I
1J
1K
0M
1N
0O
1P
0!)
1!*
1!,
0!-
1!.
1!/
1!0
1!2
0!3
1!4
1!;
0!<
#1426500
1$
0%
0'
0*
1-
11
02
03
14
0:
0@
0A
1B
1G
0H
0K
1L
1M
0P
0!,
0!0
1!3
0!4
1!5
0!7
1!9
#1427500
0"
0(
1*
0,
0.
0/
10
01
05
06
08
19
0?
1A
0E
1H
1K
0L
0M
0N
1P
0!*
1!+
1!,
1!-
0!.
0!/
1!0
0!1
0!3
1!4
1!8
#1428500
1'
0*
1+
1.
1/
00
11
04
18
09
1:
1=
1?
1@
0C
0D
0F
0H
0J
0K
1M
1O
0P
1!)
1!*
0!+
0!-
1!.
1!/
1!3
0!9
0!=
#1429500
1%
0&
0'
1(
1*
0-
0.
10
12
13
14
08
19
0:
0;
0=
0?
0B
1D
1F
0I
1J
0M
1P
0!%
0!)
1!+
0!,
1!-
0!.
0!0
1!1
0!2
0!3
0!5
0!6
0!8
1!9
#1430500
0!
0$
0%
0(
0*
0+
1,
00
01
02
03
07
18
09
1:
1;
0<
1=
1?
1C
0D
0F
1H
1N
0O
1!#
0!*
0!+
1!,
0!-
1!.
1!3
0!4
1!8
0!9
0!:
1!<
#1431500
1)
1*
1+
1.
11
15
08
0;
0=
0>
0?
1E
1F
0H
1I
1K
1L
0N
0!#
1!'
0!,
1!0
0!3
1!5
1!6
0!8
1!9
#1432500
1(
0*
0,
1-
0/
01
12
05
16
1<
0A
1D
0F
1H
0J
0K
0L
1N
1O
0P
1!#
1!%
1!*
1!+
1!,
0!1
1!2
1!4
1!7
1!8
1!:
0!;
0!<
#1433500
1'
0(
0)
1,
1/
10
02
13
15
19
0:
1;
1>
1?
0@
1B
0C
0D
1F
0H
1J
1K
1M
0O
1!$
0!%
0!*
0!+
0!,
1!3
0!4
0!6
0!9
0!:
1!;
#1434500
1)
0+
0-
0.
0/
00
12
03
04
05
09
0;
0<
1=
0?
1D
0F
1H
0K
1!*
1!+
0!3
1!9
0!;
1!=
#1435500
1&
0'
0)
1*
1+
10
11
14
15
06
17
18
1;
1<
0B
1C
0D
0E
0G
0H
0I
0J
1O
1!)
0!+
1!,
1!1
0!2
1!4
1!6
1!:
1!;
#1436500
0&
1)
0*
1.
00
13
04
1@
1A
0C
1D
1F
1H
1I
1K
0N
0!#
0!$
1!%
0!'
0!,
1!-
0!.
0!/
0!0
0!1
1!2
0!4
0!6
0!7
0!:
0!;
1!<
#1437500
1(
0)
1*
02
14
05
16
07
0<
0A
0D
1E
0F
1G
0I
1J
0K
0O
0!%
0!)
0!*
1!+
0!-
1!.
1!/
1!0
0!2
1!3
0!5
1!7
0!8
0!9
0!<
0!=
#1438500
0(
1)
0*
0,
1-
10
01
12
03
04
15
17
08
19
0;
0=
1?
1A
1C
1F
0G
0H
1K
0M
1N
1O
1P
1!%
1!(
1!)
1!,
1!-
0!.
0!/
1!1
0!7
1!8
1!9
1!:
1!;
1!<
1!=
#1439500
1*
1,
0-
1/
02
14
06
09
1<
1=
0>
0?
0@
1B
1D
0F
1I
0K
1M
0N
0O
0P
0!%
1!'
0!(
0!+
0!,
0!-
1!.
1!/
0!0
1!2
0!3
1!4
1!5
1!6
1!7
0!8
0!:
0!;
#1440500
1(
0)
0*
0+
1-
0/
11
12
13
04
05
16
18
1;
0<
0=
1?
1@
0A
0C
0E
1G
0I
0J
1K
0M
1N
1P
1!-
0!.
0!/
1!0
0!1
0!2
1!3
0!6
1!8
0!=
#1441500
1&
0(
1)
1+
0,
0-
1/
02
03
1<
1>
0@
1A
0B
1C
0D
0G
1H
1I
0K
0P
1!#
0!&
1!+
1!,
0!-
1!.
1!/
0!0
1!1
0!3
0!4
0!5
1!:
1!;
#1442500
1(
1*
1-
0.
0/
13
14
15
08
0<
1=
0>
1@
1B
0C
1E
1G
0I
1K
1L
0N
1P
0!#
1!&
0!'
1!(
0!)
0!+
1!-
0!.
0!/
1!4
0!8
0!9
0!<
#1443500
1,
12
03
06
07
19
1:
0@
0A
1D
0E
0H
1I
1J
0L
1N
0P
1!%
1!)
1!+
0!,
0!-
1!.
1!2
1!3
1!6
1!9
0!;
#1444500
0&
1'
1.
1/
13
05
16
17
1<
0=
1>
0I
0K
1L
1M
0N
1O
1!*
1!,
1!-
0!.
1!0
0!1
0!2
0!3
0!4
0!9
1!;
#1445500
1&
0'
0(
0+
0,
00
15
07
18
0:
0;
1=
0?
1@
0D
0G
1I
1N
0O
0!%
1!'
0!(
0!)
0!,
0!-
1!.
1!/
1!1
1!2
1!3
1!4
0!7
1!8
0!;
1!<
1!=
#1446500
0&
1'
0*
1+
1,
0-
0.
0/
02
04
09
0<
0>
0@
1A
1H
0M
0N
1O
1!#
0!&
1!(
1!,
1!-
0!.
0!/
0!0
0!2
0!3
0!4
0!6
1!7
0!8
1!9
0!<
0!=
#1447500
0'
1(
0+
0,
1.
10
17
08
1:
1;
0=
1?
0B
1C
1D
1E
1F
0H
0J
1K
0L
1M
1P
1!&
1!)
0!+
0!,
0!-
1!.
1!/
1!3
1!4
1!5
0!9
#1448500
1&
0(
0)
1*
1,
1-
0.
1/
12
05
06
0?
1B
0C
1J
0K
0M
1!%
0!&
0!'
0!(
0!)
1!,
1!0
0!1
1!2
0!3
1!6
1!9
0!:
1!;
1!=
#1449500
0&
1(
0*
1.
01
02
14
15
16
0:
0;
1<
1=
1?
0B
0E
0F
1H
0I
0J
1N
0!%
1!)
0!*
0!,
1!1
0!2
0!6
1!<
#1450500
1'
0(
1)
1+
12
04
06
07
18
19
0?
0A
1F
0H
1K
1L
1M
0O
0P
0!#
1!&
0!)
1!*
1!,
1!-
0!.
0!/
0!1
0!4
0!5
0!7
0!9
1!:
#1451500
1*
0+
0,
00
11
02
05
16
08
1>
1?
1A
1B
1C
0F
0M
0N
1O
1P
1!#
1!%
1!)
0!*
0!-
1!.
1!/
1!1
1!2
1!3
1!4
1!6
1!9
0!:
0!;
0!<
0!=
#1452500
1&
0'
1,
0-
0.
01
03
14
17
18
09
1:
1;
0<
0=
0>
0A
0B
0D
1E
1G
1I
1J
0L
1M
0!#
0!%
0!)
1!*
1!+
0!,
1!-
0!.
0!/
0!0
0!2
0!3
0!4
1!5
0!6
1!7
1!8
0!9
1!<
#1453500
1+
0,
1.
10
04
07
08
0:
1=
1@
1D
0E
1F
1H
0K
0O
1!%
1!'
1!(
0!+
1!,
0!1
1!2
1!4
0!5
0!7
1!9
1!:
0!<
1!=
#1454500
1'
1(
0*
0+
1,
1-
11
14
15
18
19
1:
1B
0D
1E
0F
0I
1N
1!+
0!,
1!/
0!2
1!3
0!4
1!5
1!6
0!8
1!<
#1455500
1%
0'
0(
0)
1+
0-
0.
0/
13
04
17
09
0:
0;
0=
0@
1A
1D
0E
1F
0G
0H
1I
0J
1K
1L
0M
1O
1!$
0!&
0!(
0!+
1!,
1!2
1!4
0!9
#1456500
1$
0%
0&
1*
0,
1.
1/
01
12
14
06
07
08
19
1;
1>
0B
0C
1E
1G
0I
1J
0K
1M
1!#
0!'
1!)
0!,
0!/
1!0
1!1
0!3
0!5
0!6
1!7
1!8
0!:
1!;
0!<
#1457500
1(
00
03
04
05
1:
0;
0>
0?
1@
0D
0E
0F
1I
0J
0M
0N
0!%
1!&
1!'
0!)
0!*
1!+
1!,
0!0
0!1
0!2
0!4
1!6
0!7
1!:
0!;
1!<
#1458500
0$
1'
0(
0*
1,
11
02
17
18
0:
1=
1?
0A
1B
1F
1N
0O
0P
1!)
0!,
0!-
1!.
1!/
1!0
1!1
1!2
1!3
1!4
1!5
0!6
1!7
0!:
#1459500
1&
1(
1*
0+
1-
0.
01
1:
1;
1<
0=
1>
0@
1A
0B
1C
1D
1E
0F
0G
0N
1O
0!#
0!&
1!*
0!/
0!0
0!1
0!2
0!7
1!9
1!:
1!;
0!=
#1460500
1+
0,
0-
1.
0/
11
13
14
15
16
0:
0;
0<
1=
1@
1B
0E
1H
0I
1J
0L
1N
0O
1P
1!#
0!$
0!)
0!*
1!,
1!/
1!1
0!4
0!5
0!:
0!;
#1461500
1-
0.
1/
12
03
06
07
1:
1<
0>
0?
0@
0B
0C
0D
1E
1F
0!#
1!%
1!(
1!*
0!,
1!0
0!1
1!2
0!3
1!6
1!7
1!:
1!;
1!=
#1462500
1%
0&
0'
0+
0-
02
04
05
16
08
09
0:
1;
0=
1@
1C
1D
1G
0H
0J
1L
1M
1O
1!$
1!&
0!'
1!,
1!-
0!.
0!/
1!1
0!2
1!3
1!4
0!6
0!7
0!:
0!<
#1463500
1'
0(
1)
0*
1-
1.
10
01
12
13
15
06
19
1:
0;
0<
1=
1>
1?
0A
0C
0D
0E
1H
1I
1J
1K
0N
0O
0!$
0!%
0!&
1!'
0!*
0!,
0!-
1!.
0!1
1!5
1!7
0!8
0!9
1!:
#1464500
1,
0-
0.
11
03
16
17
18
09
0:
0=
0>
0@
1E
0F
0M
1N
0P
1!%
1!&
1!,
1!/
1!2
0!3
0!5
1!6
0!;
#1465500
1&
0'
1(
0)
1+
0,
1-
0/
00
01
02
14
07
19
1;
1<
1@
1B
1C
0E
0G
0H
0L
1M
0N
1O
1!$
0!%
0!(
1!)
1!*
0!+
0!,
1!1
1!3
0!7
1!8
0!:
1!;
1!<
0!=
#1466500
1!
1"
0&
1'
0+
1,
1/
10
12
13
04
17
08
09
0;
0B
1D
1E
1F
0I
1N
0O
1!+
1!-
0!.
0!0
0!1
0!4
1!5
0!6
1!7
0!8
1!=
#1467500
1&
0'
0(
1*
1+
0,
1.
0/
00
03
14
06
19
1;
0<
1=
0?
1B
0C
0F
1H
1L
0N
1O
0!$
0!&
0!'
1!(
0!*
0!+
1!1
0!3
1!4
1!6
0!7
1!9
0!<
#1468500
1)
0*
0.
10
11
02
13
05
16
07
1<
1?
0@
1C
0E
1F
1G
0H
1I
0J
0K
0L
0M
1N
1!%
1!&
1!'
0!)
1!*
1!+
0!-
1!.
0!4
0!5
1!7
1!:
0!;
0!=
#1469500
1*
1,
1.
1/
12
03
1:
0<
0=
0?
1A
0C
0G
0I
1J
1K
1M
0N
1!,
1!-
0!.
0!/
0!2
1!5
0!6
0!7
1!<
#1470500
1'
0)
0+
0-
01
13
04
0:
1?
0A
0B
1C
0D
1G
1H
0J
1L
1!#
0!%
0!(
1!)
0!*
0!,
0!-
1!.
1!/
1!0
0!1
1!2
1!3
1!6
0!:
1!;
1!=
#1471500
1$
0%
0&
1)
0*
1+
0,
0.
02
03
14
17
09
1:
0;
1<
1>
1@
1A
1D
0H
1I
0K
0L
0M
0O
0!#
1!$
1!%
0!&
0!'
1!(
1!,
0!0
1!1
0!2
1!4
0!5
0!6
1!7
1!8
0!9
1!:
0!;
0!<
#1472500
1&
0'
1(
0+
1-
0/
00
11
15
06
18
0:
1;
0>
0?
0D
1E
0F
0G
1H
1L
1M
1N
1!#
0!$
1!2
0!4
0!8
1!<
0!=
#1473500
1'
0(
1+
1/
10
13
05
07
08
0;
1>
1?
0A
1B
1D
1F
0H
0I
1O
1P
0!#
1!$
1!&
1!*
1!-
0!.
0!/
1!0
0!1
0!2
0!3
1!6
0!7
1!8
0!:
1!=
#1474500
1%
0'
0)
0+
1,
1.
00
01
12
03
04
15
16
17
18
19
1:
1;
0<
0>
0?
0@
0B
0E
0F
1G
1I
1J
0L
0M
0O
0P
0!$
0!&
1!'
0!(
0!*
0!+
0!0
1!1
1!2
1!4
1!7
0!8
1!:
#1475500
1)
1*
0.
11
13
07
0:
1<
1@
1A
0C
0D
1E
1F
0G
0J
1K
1M
1!#
1!&
0!)
1!*
0!,
1!/
0!1
1!3
0!6
0!:
0!<
#1476500
1'
0)
0*
1+
0-
1.
0/
01
02
17
1:
0;
1>
0@
1D
0I
0K
1L
0M
1!$
0!%
0!&
0!'
1!(
0!*
1!+
1!,
0!2
0!3
0!4
1!9
1!;
1!<
0!=
#1477500
1)
1*
0+
11
12
1;
0<
0>
1?
0A
1B
1C
0F
1J
1K
1M
0N
1!)
1!*
0!,
0!/
1!0
1!1
1!5
1!8
0!9
0!<
#1478500
0!
0"
0$
0%
0&
0'
0)
0*
1+
01
02
03
1=
0?
0D
0E
1I
0K
0L
1N
1O
0!#
0!$
0!)
0!*
0!+
1!,
0!-
1!.
1!/
0!0
0!1
1!2
1!3
1!4
1!6
0!8
1!<
#1479500
1(
1)
0,
0.
11
13
14
05
07
09
1>
1A
0B
1F
1G
1H
0J
1K
1L
0M
0N
0O
1!#
1!%
1!&
1!+
1!0
0!3
0!6
1!8
1!9
0!<
1!=
#1480500
1'
0+
1,
1-
1.
01
03
06
0>
1@
0A
0G
1J
0K
1M
1N
0!#
0!&
1!*
0!,
1!-
0!.
0!/
0!0
0!2
0!5
0!9
#1481500
1*
0,
10
13
04
15
08
19
1<
1>
0@
1B
1D
1E
0H
0I
0J
0!(
1!)
0!+
0!-
1!.
1!/
1!1
1!2
0!8
1!9
1!:
#1482500
1%
0'
0)
0*
1+
1/
00
12
17
18
09
0:
0<
0=
0B
0F
1G
1H
1I
0L
1!$
0!%
1!&
1!(
0!*
1!+
1!-
0!.
0!1
0!2
1!3
0!4
1!5
1!8
0!:
1!<
#1483500
1'
1)
14
07
08
19
1:
0;
1=
0>
1?
1B
0E
1F
0I
1J
1K
1O
0!$
1!%
0!)
1!*
0!+
1!,
0!-
1!.
1!0
0!3
1!4
0!7
0!9
#1484500
1&
0'
0(
0)
0+
1,
0-
0.
0/
10
02
05
16
0:
0=
1>
1A
1E
0F
0G
0H
1I
0J
0K
1L
0O
0!%
0!&
0!,
1!1
1!2
1!6
0!8
1!9
0!;
#1485500
1)
0,
1.
1/
03
06
18
09
1:
1<
0>
0B
0D
0E
1F
1J
0N
1!$
1!%
1!&
1!'
1!)
1!+
1!,
0!0
1!3
0!4
0!5
0!6
1!7
1!8
0!9
0!<
#1486500
1(
0)
1+
1,
0/
00
12
13
1;
0<
1=
0?
0A
1B
0F
0I
0J
0L
1O
1!#
0!&
0!)
0!,
1!5
1!6
0!8
1!:
1!;
#1487500
1'
0(
1*
0,
1-
0.
1/
11
02
03
17
19
0:
1<
1?
1@
1A
0B
0C
1E
1H
1J
0M
0O
0!#
0!(
0!+
1!,
1!0
1!4
1!9
0!:
0!;
#1488500
1$
0%
0&
0'
1(
1)
1,
0-
1.
10
01
13
04
16
07
08
09
1:
1>
0@
0A
1B
1D
0E
1G
1I
1M
1N
1O
1!(
0!*
1!-
0!.
0!0
0!1
0!2
0!3
0!5
1!;
#1489500
1&
0(
0+
0/
12
03
14
19
0;
0?
1@
0B
0D
1F
0G
0H
0I
1K
1L
0N
0!%
1!&
0!-
1!.
1!0
1!2
1!3
0!4
0!7
0!9
1!<
0!=
#1490500
0$
0&
1(
0)
0*
1+
0,
1-
1/
13
06
09
0=
1B
1C
1D
1E
1G
0K
0L
1N
0O
0!$
1!)
1!*
1!-
0!.
0!/
0!0
1!1
0!2
1!4
0!6
1!8
1!:
0!;
1!=
#1491500
1&
0(
1*
0+
1,
0-
0.
0/
00
11
02
03
04
15
18
0:
1=
1A
0E
0F
0G
1I
1L
0M
0!*
1!+
0!,
0!-
1!.
1!/
1!0
1!2
1!7
0!8
1!9
#1492500
1(
1-
1.
01
12
13
05
16
08
1:
1;
0<
0=
0>
0@
0D
1G
1H
0J
1M
1P
1!#
1!$
0!&
1!*
1!-
0!.
0!/
0!1
0!2
0!4
1!6
0!7
1!8
0!9
0!:
0!=
#1493500
1'
0(
0*
1+
0-
0.
10
11
02
15
06
17
19
0:
1>
0B
1D
1E
0H
0I
1J
1K
0M
1O
0!#
0!$
1!%
1!&
0!+
1!,
0!-
1!.
1!/
1!1
1!4
1!7
0!8
1!;
#1494500
1%
0&
0'
1)
1*
0+
0,
1-
1/
12
05
07
18
1:
0;
1=
1?
1@
1B
0C
0E
1F
0G
1H
1I
0J
0O
1!$
0!&
0!'
0!,
1!-
0!.
0!/
0!1
1!2
0!3
0!7
1!9
1!:
0!;
0!<
#1495500
1(
1+
1,
1.
0/
00
01
03
14
17
08
09
0:
0@
0A
0B
1C
1E
1J
0!$
1!&
1!'
0!(
1!,
0!0
1!1
0!4
1!7
1!;
1!=
#1496500
1'
0(
0)
0,
10
13
04
19
1;
0=
0?
1B
0C
0D
1G
0I
0L
1O
1!#
0!%
0!)
0!,
0!1
0!2
1!3
1!5
0!6
0!7
#1497500
0%
1&
0'
1(
1)
0*
0+
1,
0-
11
16
18
1:
0;
0>
1?
0B
1C
1D
0E
0G
1L
0N
0O
0P
0!#
1!%
1!(
1!,
1!2
0!3
1!7
1!8
0!:
0!;
1!<
0!=
#1498500
0(
1*
0,
0.
1/
02
14
06
07
08
0:
1;
1=
1@
0C
0D
0F
1G
1I
1N
1O
1!#
0!%
0!*
0!,
1!1
0!2
1!3
1!4
0!5
0!7
0!9
1!:
1!;
#1499500
0&
1(
0)
0*
1+
1.
0/
00
12
03
15
16
09
0=
0?
1A
1B
1E
1F
0G
0K
1M
0!#
1!)
1!*
1!,
0!-
1!.
1!/
0!4
1!5
1!6
1!7
0!8
0!;
0!<
#1500500
1'
0(
0+
1-
0.
1/
10
02
13
17
18
0;
1>
0A
0B
1D
0F
1G
0H
0O
1P
1!$
0!&
0!*
1!+
0!,
1!0
1!2
1!4
0!5
0!6
0!:
1!;
1!<
#1501500
1,
0-
1.
01
04
08
0>
1A
0E
0G
0L
1O
0!$
1!%
1!&
0!'
0!(
1!*
1!-
0!.
0!/
0!1
0!2
0!3
0!4
1!6
1!8
1!9
0!;
0!<
#1502500
1*
0,
1-
0.
0/
00
12
14
05
07
1:
1<
0A
0I
1K
1L
0M
0P
1!'
0!*
1!,
1!/
0!0
0!6
0!7
1!:
1!;
1!<
#1503500
1&
0'
1,
0-
10
03
04
15
06
17
0:
0<
1?
0@
1C
1F
1G
1H
0J
0K
0L
1M
0N
0O
1P
0!%
0!'
0!)
0!+
0!,
1!0
1!2
1!7
0!8
0!;
0!<
1!=
#1504500
1!
1#
1$
1%
0&
1'
1)
0*
1+
0,
1/
11
02
13
16
19
1:
1;
1=
0?
1@
1A
1B
0C
0D
0F
0H
1N
1O
0P
0!&
1!'
1!,
0!/
0!0
1!1
1!4
1!5
0!7
1!8
0!9
1!<
#1505500
1&
1*
1.
0/
00
05
07
18
0;
1<
0=
1?
1I
1K
0N
1P
1!#
1!$
1!%
1!&
0!'
1!+
0!,
1!3
0!4
0!5
1!6
1!7
0!:
0!<
#1506500
1(
0)
0*
1/
10
12
03
14
15
06
17
08
09
0:
1=
1>
0@
0B
1C
1D
0I
1J
1L
0M
1N
0O
0P
0!$
1!'
1!*
0!+
1!,
0!-
1!.
1!0
0!1
0!2
0!6
1!:
#1507500
1"
0#
0$
0%
0&
0'
0(
1)
0+
00
01
04
19
1:
1;
1@
1B
0C
0D
1I
1M
1P
1!(
0!*
1!+
0!,
0!0
1!1
1!2
0!3
1!5
0!8
1!<
0!=
#1508500
1'
1(
1*
1-
0.
10
11
02
13
14
16
07
18
09
0:
0=
0@
0B
1C
1D
1E
1H
0I
0K
0L
0M
0N
0P
0!%
0!(
1!*
0!+
1!,
1!/
1!0
0!1
1!3
1!8
0!:
1!;
1!=
#1509500
1&
0'
0(
0*
1+
1,
01
12
04
06
19
0;
0A
0C
0E
1I
0J
1N
1P
1!%
0!'
1!-
0!.
0!/
1!1
1!6
0!8
1!9
1!:
0!=
#1510500
1(
0,
1.
02
03
14
16
17
09
1;
0?
1A
1B
1C
1E
1F
0G
0I
1K
1!$
0!%
1!'
1!(
0!*
0!,
0!0
0!2
1!4
0!7
0!9
0!:
0!;
0!<
1!=
#1511500
0"
1#
0&
1*
0+
1,
00
12
13
04
07
08
19
1:
0;
0<
1=
0>
1?
0A
0D
0E
0F
1G
1I
0K
1L
1M
0N
1O
0P
0!#
0!(
1!)
1!+
1!,
0!-
1!.
1!0
0!4
0!6
1!7
1!8
1!;
0!=
#1512500
1'
0(
0,
10
11
03
06
17
0:
0=
1>
0?
1@
1D
1F
0L
1!#
0!&
0!'
1!(
0!,
1!-
0!.
0!1
1!2
0!5
0!7
0!8
1!9
1!:
0!;
1!<
1!=
#1513500
1&
1(
0)
1+
0.
0/
00
02
16
07
1:
1;
1<
1?
0@
1A
0B
0C
0D
0H
0I
1J
1K
1L
0!#
0!(
0!)
1!*
0!+
1!,
0!-
1!.
1!/
1!1
0!2
1!4
1!6
1!;
0!=
#1514500
1%
0&
0'
0+
1,
0-
1/
01
12
14
06
17
18
0;
1=
0?
1@
0A
1B
1C
1D
0F
0K
0L
1N
0O
1!&
1!)
0!*
1!-
0!.
0!0
0!3
0!4
0!6
1!7
1!8
0!:
1!=
#1515500
1&
0(
0*
1+
0,
10
11
13
16
1;
0=
1?
0@
0B
0C
1E
0G
1H
1I
0M
1O
1!#
1!%
0!)
1!*
1!+
0!,
0!-
1!.
1!0
1!6
0!7
0!8
0!9
#1516500
1(
1)
1*
0+
1-
0/
00
02
03
08
09
0<
1@
1A
0D
0E
0H
0I
0N
0O
0!#
0!$
1!'
0!*
0!+
1!-
0!.
0!/
0!1
1!2
1!3
0!6
1!8
1!9
0!;
0!=
#1517500
1'
0(
0)
0*
1+
1,
1.
01
12
05
06
19
0:
0;
1<
0@
0A
1B
1E
1G
0J
1L
1N
1O
0!%
0!&
1!(
1!*
1!+
1!,
1!/
0!0
0!2
1!6
1!7
1!=
#1518500
0!
0#
0%
1)
1*
0+
0,
1/
10
02
13
16
07
18
09
1;
0<
1=
0?
1@
1A
1C
1D
0E
1F
0G
1H
1J
0L
0O
1!#
0!,
0!-
1!.
1!0
1!1
0!3
0!7
0!9
#1519500
1%
0&
0'
0)
0*
1+
0-
0.
04
15
06
17
0;
1<
0>
0@
0A
0C
0H
0J
0N
0!#
1!&
0!+
1!,
1!-
0!.
0!/
0!0
1!2
1!3
0!6
1!7
1!9
0!=
#1520500
1)
1*
1,
1-
1.
00
11
12
14
16
08
19
1;
0<
0=
1>
1?
1@
1E
0F
1I
1K
1L
1N
1O
1!$
1!%
0!&
0!(
1!)
1!+
1!0
0!1
0!2
1!4
1!5
1!;
#1521500
1'
1(
0)
0*
0+
0,
0/
06
07
09
1:
0;
0?
0@
1A
0B
0D
0E
0I
1J
0K
0L
0N
1!&
1!(
0!*
0!,
1!/
0!4
0!5
0!7
0!8
0!9
1!=
#1522500
0%
0'
0(
0-
0.
1/
10
02
17
0:
1=
0>
1?
0A
1C
1D
1F
1G
1L
1M
1N
0O
1!#
0!$
0!%
0!&
0!'
0!(
1!*
1!,
0!-
1!.
1!5
1!6
1!7
1!8
1!9
0!;
0!=
#1523500
1(
1*
1+
1.
0/
00
01
12
03
04
05
1;
1>
0?
1@
1B
1E
0F
1H
1I
0J
1K
0N
1O
1P
0!*
0!+
0!,
0!0
1!2
0!5
0!6
0!7
#1524500
1-
0.
10
07
18
1:
0;
0=
0>
0C
0D
0H
0L
0P
0!#
1!*
1!,
1!1
0!2
1!5
0!9
1!;
#1525500
1)
0*
0+
1,
0-
1/
11
13
15
17
0:
1<
1=
1>
0@
0B
0E
1H
1J
0K
1L
0M
1P
1!#
1!$
1!(
0!*
1!0
0!3
1!4
0!5
1!:
#1526500
1*
0,
1-
0/
00
03
05
0<
0=
0>
1C
1D
1E
1F
0G
0H
0I
1K
0L
1M
0O
0P
0!#
1!&
0!,
0!0
1!3
0!4
1!5
1!6
0!8
1!9
0!;
#1527500
1'
0(
0-
10
01
02
13
16
07
08
1<
1=
1?
1A
1B
0C
0E
1H
0J
0K
1N
1P
1!%
0!)
1!,
1!-
0!.
0!1
1!2
0!3
1!7
1!8
0!<
#1528500
1(
0)
0*
1/
00
12
03
14
15
18
1:
0=
1>
0?
1@
0A
0B
1E
0F
1G
1J
1K
0M
0N
0P
1!#
0!%
0!,
0!/
1!0
1!1
0!2
0!5
0!8
0!:
#1529500
1-
04
05
17
19
0:
1;
1=
1A
1B
1C
1F
1I
1M
1P
0!#
0!&
1!+
1!,
0!0
0!1
1!4
1!5
0!6
1!8
0!9
1!;
#1530500
1&
0'
0(
1*
0/
11
14
06
08
09
1?
0@
0B
0F
0G
0H
0I
0J
1L
0M
1O
0P
1!#
1!%
1!'
1!)
0!+
0!,
1!3
0!4
1!9
0!;
#1531500
1'
10
02
07
18
0=
0?
1@
1B
0C
1F
1G
1N
0O
1P
0!%
0!'
0!(
1!*
1!+
1!,
1!4
0!5
1!6
0!7
0!8
1!:
1!<
1!=
#1532500
1%
0&
0'
1+
0-
1.
01
16
08
19
1:
0<
1=
0>
1?
0B
1C
0E
1H
1I
1M
0N
1!%
0!)
0!,
1!/
1!2
1!8
0!9
#1533500
1'
1(
0*
1/
12
13
04
17
0:
0=
1>
0@
0A
0D
0G
1J
0K
0M
1!&
1!)
0!*
0!+
1!,
1!0
0!2
0!3
0!4
0!6
0!8
1!9
#1534500
1$
0%
0'
0(
1)
0+
1-
0.
02
03
14
06
07
09
0;
1<
0>
1A
1B
1D
0F
1G
0I
1K
1N
0!#
0!%
0!&
1!'
0!)
0!/
0!0
1!4
1!6
0!9
1!;
0!=
#1535500
1(
0)
1*
1,
1.
00
11
13
15
17
1:
0<
0B
0C
0D
1E
1F
0H
1I
0J
1M
0P
1!%
1!(
1!)
1!*
1!+
0!,
0!-
1!.
1!/
1!2
1!3
0!4
1!5
1!8
0!<
#1536500
1&
0(
1)
1+
0,
0/
10
03
04
05
16
18
1<
1>
0?
1@
1C
1D
0G
1H
0I
1J
0L
0N
1O
1P
0!%
1!&
1!,
1!0
0!2
1!4
0!5
0!6
1!7
0!8
0!;
#1537500
1'
0+
1,
0-
0.
00
07
0:
1;
0>
0@
0A
1B
0D
0E
0H
1I
0O
0P
1!#
0!$
0!+
0!,
1!-
0!.
0!/
1!2
0!3
1!6
1!8
#1538500
1(
0*
1.
1/
01
12
13
15
06
08
0<
1=
1@
0B
1D
0F
1G
1L
0M
1!%
0!&
1!+
0!0
1!5
0!6
0!7
0!8
1!;
1!=
#1539500
1%
0&
0'
0(
0,
1-
11
03
16
17
19
1>
1B
0D
1E
1F
1H
0K
0L
0!#
0!+
0!4
0!5
1!6
1!7
1!8
1!9
0!:
0!;
1!<
0!=
#1540500
1(
1,
0.
01
13
14
05
0;
0=
0>
1?
0@
0C
1D
0E
0F
0G
0H
0J
1!#
0!*
1!,
0!-
1!.
1!0
1!1
0!2
1!3
0!6
0!8
0!9
1!:
1!;
#1541500
1*
0-
11
04
06
1:
1;
1=
1>
0?
1A
1C
1G
0I
1M
1!&
0!'
0!(
1!*
1!+
0!,
1!/
0!0
0!1
1!2
1!4
1!8
1!9
0!:
0!;
1!=
#1542500
1'
0)
0,
1-
0/
02
14
15
16
07
0:
0;
0>
1?
0B
0C
0D
1E
1J
1K
1L
1N
0!%
0!&
1!(
0!)
0!*
1!,
1!-
0!.
0!/
1!1
0!3
1!5
0!7
0!9
1!:
1!;
0!<
0!=
#1543500
1)
1.
1/
01
04
05
06
1:
1<
0=
1>
0A
1B
0E
0G
1H
0L
0M
1O
1!%
1!&
1!'
0!(
1!)
1!*
0!+
0!,
0!-
1!.
1!0
0!2
0!4
0!5
1!6
0!8
1!9
0!;
1!=
#1544500
1&
0'
0(
0)
0.
0/
11
14
16
17
09
0<
0?
1@
1A
1D
1F
0H
1I
0J
0K
1M
0N
0O
1P
0!#
1!$
0!&
0!*
1!,
1!/
0!1
1!2
1!3
1!7
0!9
#1545500
1)
0-
1.
1/
01
12
06
07
1<
1=
0D
1G
0I
1K
1L
0M
1O
0P
0!)
1!+
0!,
0!/
1!1
0!2
1!5
0!7
1!8
1!9
0!:
#1546500
1(
1,
1-
0.
0/
11
02
03
04
15
17
19
1;
0=
1?
1C
1D
1E
0G
1H
1I
0K
0L
0O
1P
0!$
1!&
1!,
1!-
0!.
0!0
0!6
0!8
1!;
#1547500
1!
0(
0)
0*
0,
0-
1.
1/
01
16
0;
0?
0B
0C
0E
1J
1M
1O
0!%
0!&
1!*
0!+
0!,
0!1
0!3
0!5
1!6
1!8
1!:
0!;
#1548500
0$
0%
0&
1)
1+
1,
11
12
06
07
18
09
1=
0>
1?
0@
1B
0D
0F
1G
0H
0I
0J
1K
0M
1N
0O
1!#
1!%
1!)
0!*
1!,
1!/
1!4
1!7
0!8
0!9
0!:
1!;
#1549500
1'
0)
1*
0+
0,
1-
0.
0/
01
02
16
17
19
1;
0=
1>
0?
1@
1H
0K
1L
0N
1O
0!#
0!%
1!&
0!)
0!/
1!2
0!4
0!7
1!8
1!9
1!<
0!=
#1550500
0!
0'
1)
0*
1+
1,
1.
1/
12
13
14
06
07
08
0;
1=
0>
1?
0A
1D
1E
0H
1I
1J
1K
0L
1M
1N
0O
0P
1!*
0!,
1!1
0!2
1!3
1!5
0!6
1!7
0!8
0!9
1!:
0!;
#1551500
1(
0)
0+
0,
0.
0/
10
11
05
16
0:
0<
0?
0@
0D
0E
0J
0K
1L
0M
0N
1!$
1!%
1!(
1!)
0!*
1!,
0!-
1!.
1!/
0!1
1!2
0!3
0!:
1!;
0!<
#1552500
1'
1)
1*
1.
01
03
06
18
09
1<
1>
1?
1@
1A
1D
1F
1H
0I
1K
0L
1M
0!$
0!&
0!,
1!-
0!.
0!/
1!1
0!2
1!4
0!5
1!6
1!8
0!;
#1553500
1&
0'
0)
1+
1,
0-
0.
1/
11
13
04
15
17
08
19
0<
0?
0@
0A
0B
1C
0D
1I
0K
0!%
1!&
0!'
1!*
1!+
1!,
0!-
1!.
1!/
1!0
1!2
1!3
0!4
1!5
0!6
1!9
1!;
1!<
#1554500
1'
1.
0/
02
03
05
16
07
18
1:
0=
0>
1@
1A
1B
0C
0G
0H
0I
1J
1K
1L
0M
1N
1!$
0!(
0!)
0!*
0!2
0!<
#1555500
1%
0'
0(
0,
13
14
08
1;
1>
0@
1D
1E
1G
0K
0L
0N
1!#
0!$
1!%
1!)
0!+
0!0
0!1
0!3
0!5
1!:
1!<
1!=
#1556500
0%
0&
1'
0*
0+
1-
0.
1/
03
04
17
18
1<
1@
0B
1C
0E
1H
1I
1L
1M
1N
1O
0!,
1!-
0!.
0!/
1!2
1!6
0!8
#1557500
1(
1)
1+
1,
0-
0/
00
14
15
0;
0<
0>
0@
0A
1B
0D
1E
0F
0G
0H
0I
1K
0L
0M
0N
0!%
1!*
1!+
1!,
0!-
1!.
1!/
1!1
0!2
1!3
0!6
1!8
0!;
#1558500
1%
0'
0(
0)
1/
10
12
13
04
08
1;
1<
1?
1A
0B
1D
0E
1H
1I
1L
1M
0!*
0!,
0!/
0!3
0!7
0!9
0!:
1!;
#1559500
0%
1(
1)
1*
0,
01
02
14
05
06
07
09
1=
1>
1@
0A
0C
1E
1F
1G
0H
0J
0K
0M
1N
0O
0!#
0!&
0!)
1!*
1!-
0!.
0!1
1!4
1!7
0!;
0!=
#1560500
1'
0(
1,
1-
0/
00
03
17
18
0:
0;
0>
0@
0D
0E
0F
1H
0I
1K
1M
0N
1O
1!#
1!,
0!-
1!.
1!/
1!0
1!1
1!3
#1561500
1&
0'
0)
0+
0,
10
13
16
19
1;
0=
0?
1A
1J
0K
0O
0!#
1!$
1!%
1!&
0!*
0!+
0!0
0!1
1!2
1!5
0!8
0!<
1!=
#1562500
1'
1(
1.
1/
00
15
06
07
08
09
1:
0;
0<
1=
1>
1C
1E
1F
0G
1I
1N
1O
1!#
0!%
0!&
1!'
1!(
1!*
1!+
1!-
0!.
1!1
0!2
0!3
0!4
0!5
0!7
1!8
1!;
#1563500
1%
0&
0'
1)
0-
0/
10
12
03
05
18
19
1<
0=
1?
1@
0E
0H
0I
0J
1K
0L
0M
0O
1!%
0!,
0!-
1!.
1!0
0!1
0!8
1!:
1!<
#1564500
1'
0(
0*
1+
1,
1-
00
11
02
13
15
16
09
0:
1;
0>
0C
0F
1I
0K
1L
1M
0N
1O
0!*
1!,
1!-
0!.
0!/
1!1
1!5
1!6
1!7
1!9
0!;
#1565500
0%
1(
0)
0+
0,
0-
01
03
04
05
08
0;
1=
1B
1E
1F
1G
1H
0I
1J
1K
0M
0!#
0!%
0!(
1!)
0!+
0!-
1!.
0!0
0!1
1!2
0!5
0!6
1!8
0!9
#1566500
0'
0(
1+
1,
1-
1/
11
12
13
14
17
1;
1>
0?
0@
0A
0H
1I
0J
0K
1N
0O
1!#
0!,
1!/
1!0
0!2
0!7
#1567500
1)
1*
0-
0/
10
02
04
06
18
19
1:
0;
0<
0=
1?
1C
0E
0G
1H
1J
1K
0!#
1!(
1!+
0!0
1!1
1!3
1!4
0!8
0!:
1!;
0!=
#1568500
1'
1(
0,
1-
00
15
16
09
0:
1<
1=
1A
0B
1D
0H
0K
0L
1M
0N
1O
1!#
1!&
1!*
0!+
1!,
0!1
1!2
1!5
1!8
1!9
1!:
0!;
0!<
#1569500
1&
0'
0(
0-
0.
10
03
14
05
1:
0<
0=
0>
0?
1B
0D
1E
1G
1H
1K
0M
1N
0!$
1!%
0!'
0!*
1!+
1!-
0!.
0!/
1!6
1!7
0!9
0!:
1!;
1!=
#1570500
1'
0+
1,
1/
01
13
15
19
0:
1;
1<
0B
0C
1D
0F
0I
1M
0N
0!#
0!%
1!*
0!+
0!3
0!4
0!7
0!8
1!9
1!:
0!;
0!=
#1571500
1%
0&
0'
1+
0,
1-
1.
0/
12
04
08
09
0;
0<
1=
1>
1?
1@
1B
1C
0D
1F
0G
0H
0J
0K
0M
1N
1!%
1!'
0!)
0!,
1!1
1!4
0!5
0!6
1!;
#1572500
1&
1'
0)
0*
0+
1/
00
02
03
14
07
19
1:
1;
0?
0@
0B
0C
0E
0F
1G
1I
1J
0N
1!#
0!&
1!)
1!+
1!,
1!0
0!1
1!5
1!<
#1573500
1!
1"
0%
0&
0'
1(
1)
1*
1+
0-
0.
0/
10
11
13
04
18
0:
0;
1<
1@
1B
1C
1D
1E
1H
0I
1K
1M
0!#
1!&
0!'
0!(
0!*
0!+
1!1
0!2
1!8
#1574500
1&
0)
1,
00
01
03
05
08
1:
0>
0B
0C
0D
0E
1F
0G
0H
0K
0M
1N
1P
0!%
1!(
1!+
0!-
1!.
1!/
0!1
1!2
1!3
0!4
0!5
0!;
#1575500
1)
0*
0+
1-
1/
11
12
13
15
17
1;
0=
0@
0A
1B
1C
1E
0F
1G
1H
1I
0J
1M
0N
0P
1!$
1!*
0!+
0!,
0!0
1!1
0!2
0!3
1!5
1!7
0!:
#1576500
1%
0&
1'
0)
1*
0,
1.
01
02
03
14
07
0<
1=
1?
1A
1F
0I
1J
1L
0O
1!%
0!&
0!)
0!*
0!/
1!0
1!2
1!3
1!4
0!8
0!<
1!=
#1577500
1)
1+
1,
0-
0.
10
11
13
18
09
0;
0A
0B
0C
0H
1I
1K
0M
1O
1P
1!)
1!,
1!-
0!.
0!0
0!1
0!2
0!3
1!6
0!7
1!8
0!9
1!;
1!<
#1578500
1$
0%
0'
0(
0)
0*
0+
0,
1-
1.
01
06
19
1;
1<
0=
1>
0?
1@
1A
1B
1C
0G
0J
0K
1M
1N
0O
0P
1!#
0!%
1!&
1!'
0!)
0!,
1!/
1!1
1!2
0!4
0!5
1!7
0!8
1!:
0!;
0!<
#1579500
1(
1)
1*
1,
0/
11
03
04
16
08
0C
1D
1J
1K
1P
1!%
0!'
1!*
1!+
1!,
0!/
1!0
0!2
1!4
0!6
1!8
1!9
0!:
1!<
#1580500
1'
0(
0)
0*
1+
12
13
14
05
17
0<
0>
0@
0A
0B
1C
0D
0E
0F
1G
0I
0J
0L
0N
0P
0!#
0!%
0!*
0!1
1!2
1!5
0!7
0!8
0!9
1!:
0!<
0!=
#1581500
1&
0'
0.
00
01
02
06
09
1<
1=
1B
1D
1E
1I
1J
0K
0M
1O
1P
1!#
1!%
1!)
1!*
0!+
0!,
0!-
1!.
1!/
1!1
0!2
1!3
0!4
0!5
1!6
1!8
1!;
#1582500
1)
1*
0+
0,
0-
1.
1/
11
15
16
0:
0<
0=
1>
1@
1A
0B
0D
1F
1H
1M
0O
0P
1!'
0!(
0!)
1!,
1!-
0!.
0!/
0!1
0!6
0!8
1!9
0!:
0!;
1!=
#1583500
1,
1-
0.
0/
12
03
06
1<
1=
1?
0C
0G
1L
0M
1O
0!#
0!%
0!'
1!(
1!)
0!*
1!+
0!,
0!-
1!.
1!1
1!2
1!4
1!5
1!7
1!:
1!<
#1584500
1'
0*
0-
1.
1/
13
16
19
0=
0?
0@
0A
1C
1D
1G
0H
0I
1M
1N
0O
1!%
0!)
1!*
0!+
1!,
1!-
0!.
0!0
0!1
0!2
0!3
0!5
1!6
0!7
1!8
0!9
0!<
#1585500
0!
0"
0$
0&
0)
1+
0.
01
03
04
05
07
09
0<
1=
0>
1?
0C
0D
1H
0J
1K
0M
0N
0!$
0!%
0!&
0!*
0!-
1!.
1!/
1!0
1!1
1!2
1!3
0!4
1!5
0!6
1!9
1!;
1!<
0!=
#1586500
1*
1-
1.
0/
11
14
06
18
1<
1>
0?
1B
0E
0F
0G
0H
1J
0K
0L
1N
1O
1P
1!#
1!%
1!&
1!'
0!,
1!-
0!.
0!/
0!0
1!7
0!9
0!;
0!<
#1587500
1&
0'
0*
0,
0-
0.
1/
04
15
17
1:
0;
0=
0>
1?
1@
1A
0B
1C
1E
1I
0J
1K
1M
0P
0!#
0!%
0!'
1!)
1!*
1!+
1!/
0!1
0!2
1!4
1!6
0!7
0!8
1!9
1!<
1!=
#1588500
0&
1(
0+
1,
1-
1.
0/
01
02
16
19
0:
1;
0<
1=
1>
0@
0A
1B
1D
0E
1F
1G
0I
0K
0M
0O
1!%
0!&
0!(
0!)
0!*
1!,
0!-
1!.
1!0
1!1
0!5
1!8
0!9
0!:
1!;
0!<
0!=
#1589500
1)
1+
1/
11
13
05
06
07
08
09
0?
1@
0F
1J
1K
1L
0N
1!#
1!&
1!'
1!(
0!+
0!,
0!1
1!2
0!3
0!4
1!5
1!7
0!8
1!9
1!=
#1590500
1'
1*
0+
0,
0-
0.
10
12
03
15
16
18
19
1<
0=
0>
1?
0D
1F
1I
0J
1O
0!#
1!*
1!,
0!/
0!2
1!3
0!5
0!6
0!9
1!:
0!;
#1591500
1&
0'
0)
0*
1,
02
13
14
06
17
08
09
0<
1>
1A
0B
0C
1D
1E
0G
1H
1M
1!$
0!%
0!&
1!)
0!*
0!,
1!/
0!0
1!2
0!3
1!8
1!;
1!<
#1592500
0&
0(
1*
1+
1.
00
01
04
05
16
18
19
1:
0;
0>
0@
0F
1G
0H
0I
0L
0M
1N
1!&
0!/
1!1
0!2
1!3
1!6
0!8
0!:
0!;
0!=
#1593500
1'
1)
1-
0/
10
12
03
14
06
07
1;
1>
0?
1B
1C
0D
1I
1M
0N
1!%
0!(
0!)
1!,
1!/
1!2
0!6
0!7
1!8
0!<
1!=
#1594500
1&
1(
0,
1/
11
13
0:
0;
1@
0C
1D
0E
1F
0G
0I
0K
0!,
1!-
0!.
1!0
0!1
0!2
0!3
1!4
1!5
1!9
#1595500
1%
0&
0'
0)
0*
0+
0.
0/
01
03
15
16
17
08
1=
0@
0A
0B
1C
0D
1H
1L
1N
0O
0!$
0!%
0!&
0!'
1!(
1!)
0!/
0!0
0!5
1!6
0!9
1!:
1!;
#1596500
0%
1'
0(
1)
1*
1.
00
06
1:
0=
0>
1A
1B
1D
1E
1I
1J
0L
0M
0N
1O
1!%
0!)
1!*
1!,
0!-
1!.
1!0
1!2
1!3
0!4
1!5
0!6
1!9
0!:
0!;
#1597500
1(
0)
0*
0.
10
04
05
18
0:
1=
1@
0D
0E
0F
1G
0I
1K
0O
1!#
1!$
1!&
1!)
0!*
1!+
0!,
1!1
0!3
1!4
1!7
0!8
1!:
#1598500
1)
1*
1.
1/
00
11
02
13
14
09
1:
1>
1?
0B
1F
0G
0H
1I
0K
1L
0!#
0!$
0!)
1!*
1!,
1!/
0!1
1!3
0!7
1!8
0!9
0!:
1!;
#1599500
1,
0.
10
01
12
08
19
0>
0?
1B
0C
1E
1G
0L
1!'
0!(
0!,
0!4
0!5
1!6
0!8
1!9
0!;
1!<
#1600500
1&
0'
0(
0)
11
02
03
04
15
07
09
0:
1<
0=
1C
0E
0G
1M
1N
1!)
1!-
0!.
0!0
1!1
0!2
0!3
1!4
0!6
1!8
0!9
1!:
0!=
#1601500
1(
1)
0*
0-
0/
00
01
14
16
17
18
0<
1>
1?
0@
0A
0B
0C
1D
1G
1H
0I
0N
1O
0!%
0!*
0!+
1!,
0!/
0!1
1!2
1!3
0!4
1!6
1!7
0!:
1!;
#1602500
1'
0(
0)
1+
1.
1/
11
13
07
08
1:
1;
1=
0?
1@
1C
1E
0H
1I
0J
1L
1N
1!$
1!%
1!*
1!+
0!-
1!.
1!0
0!3
1!4
1!5
0!6
0!7
0!8
1!9
1!:
0!<
1!=
#1603500
1(
0,
0.
0/
10
04
06
17
18
0:
0;
0C
0G
1H
0I
1J
1K
0M
0N
1!(
0!+
1!/
0!0
1!3
0!4
0!5
1!7
0!:
0!;
#1604500
1%
0&
0'
0(
0+
1,
1.
1/
12
16
07
1:
1;
1<
0=
0>
0@
1A
1B
1C
0D
0E
1G
1I
0L
1M
1N
0O
0!%
0!'
0!(
0!,
1!-
0!.
1!1
0!3
1!4
1!5
1!6
0!7
1!8
1!;
1!<
0!=
#1605500
1)
1*
0.
01
14
05
06
17
19
1?
1@
1E
0G
0J
0K
1L
1O
1P
1!#
1!%
1!'
0!)
0!*
0!/
1!0
1!3
0!5
1!7
0!8
0!9
0!;
1!=
#1606500
1'
1+
0,
0/
00
02
04
15
16
07
08
09
0:
0<
1>
0B
0C
1D
0H
0I
1K
0L
0M
0P
0!#
0!$
0!%
0!&
0!'
1!*
0!0
0!3
1!5
0!7
1!9
0!<
0!=
#1607500
1!
1"
1#
1$
0%
0'
1(
0+
1-
10
12
03
14
05
19
1:
1=
1B
1C
0E
0F
1G
1J
0K
1L
1M
0N
0O
1P
1!%
1!&
1!)
0!*
1!+
1!,
1!0
0!1
1!3
0!5
0!6
1!7
1!8
0!9
1!;
#1608500
0$
1&
1'
0)
0*
1+
1.
00
11
02
13
17
18
09
0=
0A
0C
1F
0G
1H
1I
1K
0L
0!%
1!'
0!)
1!*
0!,
0!-
1!.
1!/
0!0
0!4
1!5
1!6
0!7
0!8
1!9
0!;
1!<
#1609500
1%
0&
0'
1*
0-
1/
12
15
06
08
19
1<
0>
1A
1C
1E
0F
1G
0H
0J
0K
1N
1!%
0!&
1!)
0!+
1!-
0!.
0!/
1!0
1!1
0!2
0!3
1!7
0!9
1!;
1!=
#1610500
1&
0(
1)
1-
0.
03
04
05
07
18
09
0:
1>
0@
0A
0B
0D
0E
0G
0I
1K
1L
0M
0!%
0!)
0!*
1!+
1!,
1!/
0!0
1!2
1!3
1!4
0!6
1!:
0!<
#1611500
1,
1.
0/
02
15
08
19
0;
1=
0>
1@
1B
1D
1E
1F
1H
1I
0L
1!%
1!&
0!'
0!,
0!-
1!.
1!0
0!5
1!6
1!8
0!;
#1612500
0"
0&
1'
1(
0)
0*
0+
0,
0.
1/
12
14
16
18
09
1:
1;
0<
0=
1>
0F
1G
1J
1L
1M
0!%
0!+
1!,
1!-
0!.
0!/
0!1
0!4
1!5
0!6
0!7
0!:
1!<
#1613500
1)
1*
1+
1,
0-
1.
13
06
08
1<
0>
0@
0B
0C
0E
1F
0G
0H
1!#
1!%
0!&
1!'
1!)
1!*
1!+
0!-
1!.
1!/
1!1
0!3
0!5
1!9
1!:
1!;
0!<
0!=
#1614500
0#
1$
0(
0*
1-
0.
10
01
03
05
17
18
19
1B
0I
0K
0N
1O
0!#
1!$
0!,
0!0
1!4
1!5
1!6
0!8
#1615500
1(
0)
0-
1.
0/
00
04
15
16
07
08
09
0<
1=
1>
1A
0B
0D
1E
0F
1G
1H
1I
0J
1K
1!&
0!'
1!(
0!)
1!3
0!4
0!5
1!8
0!:
0!;
1!=
#1616500
0!
0$
0%
0'
0(
1*
1-
0.
1/
10
05
17
0:
1<
0=
0?
1D
0E
0I
1J
0M
1N
0P
1!#
0!%
0!&
0!*
0!+
1!-
0!.
0!/
0!6
0!9
1!<
0!=
#1617500
1'
1)
0*
0+
0-
11
02
13
14
15
07
0;
1@
1B
0D
1E
0J
0K
1M
0!#
1!%
1!&
1!)
1!+
1!,
0!-
1!.
1!/
0!1
0!3
1!4
1!5
1!6
1!9
1!:
1!;
#1618500
1*
1+
0,
1.
0/
00
1;
1=
0>
1?
0@
0B
0E
1F
0H
1!#
0!$
0!%
0!&
1!*
1!-
0!.
0!2
0!4
0!6
0!8
0!9
0!:
1!=
#1619500
1&
0)
0+
0.
1/
10
12
03
04
05
06
17
18
0;
1>
1C
1D
0G
1J
1K
0!#
1!%
1!'
0!*
0!+
0!,
0!/
0!5
1!8
1!9
0!;
0!<
#1620500
1,
13
14
1;
0<
0C
0D
1E
1G
0J
0K
0L
0M
1!#
1!+
1!1
1!4
1!6
0!9
1!:
1!;
1!<
0!=
#1621500
1(
1)
1+
0,
01
02
04
15
08
1:
1<
0>
1@
0A
1B
1D
0F
1P
0!%
1!&
0!'
0!)
0!-
1!.
1!/
1!0
0!1
1!3
0!4
1!7
0!8
0!;
1!=
#1622500
1%
0&
0'
0)
1.
0/
16
0:
0;
0<
0=
1A
0E
1H
1I
1J
0N
0O
1!*
0!+
1!,
1!-
0!.
0!/
0!7
1!;
0!<
#1623500
1'
0(
0+
0.
1/
00
12
14
05
18
19
1:
1=
0A
0B
0D
1E
1F
0H
0J
1K
1L
1M
1O
1!$
0!*
1!+
0!-
1!.
1!5
0!6
1!8
1!9
0!:
0!=
#1624500
1(
0*
1+
1,
0/
11
03
15
07
08
09
0:
1;
1<
0@
1A
1B
1D
0E
0F
0G
1H
0K
0L
0M
0!&
1!*
0!+
0!,
1!1
1!7
1!<
#1625500
1)
0+
10
13
04
18
19
1:
0;
1@
0B
1G
0H
1K
1M
1N
0P
0!#
1!)
1!-
0!.
0!0
0!1
1!6
0!7
1!:
0!<
1!=
#1626500
0%
0'
0)
1*
00
02
14
17
0:
1;
0D
1E
1F
0G
1J
0K
0M
0O
1!#
0!)
1!,
1!1
1!4
1!7
0!:
#1627500
1&
0(
0,
1.
12
04
06
08
0<
1>
0?
0@
1B
1C
1D
0F
1H
0I
0J
1L
0!$
1!&
0!(
1!+
0!,
0!1
1!2
0!4
0!5
0!7
1!<
0!=
#1628500
0&
1/
01
02
07
18
0;
1<
1@
0B
0C
1G
0H
1K
0L
0!#
0!*
1!,
1!/
1!4
1!5
0!8
0!9
0!;
#1629500
1'
1(
1)
1+
1,
1-
0/
10
03
14
05
16
09
0=
0>
1?
0@
1B
1C
0D
1F
0G
1H
1J
0K
1M
1!#
1!%
1!'
1!(
0!+
0!,
0!/
1!0
1!1
0!2
0!6
1!8
1!9
1!:
1!=
#1630500
1&
0'
0)
0*
0,
0.
00
11
15
17
19
1:
1;
1=
1>
0?
1@
0B
0C
0E
0F
0H
1I
1K
1L
0N
1P
0!%
0!&
1!)
1!*
1!+
1!,
0!0
0!1
1!2
0!4
0!5
1!6
1!7
0!8
0!:
1!;
0!<
#1631500
1'
1)
0+
0-
10
01
05
07
0>
0@
0A
1D
1E
0K
0!#
1!$
1!%
1!&
0!)
0!+
0!,
1!1
0!3
1!4
0!6
0!7
1!8
0!9
0!=
#1632500
1%
0&
0'
0(
0)
1,
1-
1/
04
06
17
08
1?
1B
1C
0D
1G
1H
0I
0J
1K
0!$
0!(
1!+
0!4
1!7
0!;
#1633500
1(
0,
00
11
14
16
07
0:
0;
1>
0?
1@
0C
1D
1I
1J
0L
0M
1O
0!%
0!'
0!*
1!,
1!0
1!3
1!6
#1634500
0%
0(
1,
10
01
04
15
18
1:
1?
1C
1F
0I
1L
1!%
0!&
1!'
1!*
0!+
0!1
0!2
1!;
1!=
#1635500
1)
1+
0-
0/
14
05
06
17
09
0>
0D
1I
0J
0K
1M
0!%
1!)
1!+
0!,
0!-
1!.
1!/
1!1
1!4
0!7
1!:
0!;
#1636500
1(
0)
1*
0+
1-
1/
00
12
04
19
0:
0<
1>
0?
1A
0B
0G
0I
1K
1N
1!%
1!&
0!'
1!(
1!,
1!-
0!.
0!/
0!1
0!4
1!5
1!7
0!8
0!:
0!=
#1637500
1'
0(
1)
0,
1.
07
09
1;
1<
0A
1B
1D
1G
1I
1J
0M
0O
0P
1!#
1!$
0!+
0!,
1!/
1!1
1!4
0!6
#1638500
1(
0)
0*
1,
0.
11
02
13
14
17
19
1:
0;
0=
1?
0E
0G
0J
0K
0L
0N
1O
1P
0!*
1!,
0!/
1!2
0!3
0!4
0!7
1!8
1!:
1!;
#1639500
1!
1"
1#
1$
1)
1*
0-
0/
01
12
04
15
16
07
08
09
0:
1;
1=
0>
0?
0B
0C
0D
1E
0F
1G
1N
0O
1!'
0!)
1!+
0!,
0!0
1!4
1!7
1!<
#1640500
0$
1%
1&
0*
0,
1-
02
03
05
06
18
19
0<
1>
1?
0@
0E
1F
0G
0I
1K
1L
1M
0N
1O
0!#
0!%
0!&
0!(
1!,
0!2
1!6
0!7
1!9
0!;
0!<
1!=
#1641500
1$
0%
0&
0(
0-
1.
10
16
08
1:
0;
0>
1@
1D
1E
0F
1G
0H
1I
1J
0M
0O
1!&
0!'
1!(
0!+
0!,
0!-
1!.
1!/
1!3
0!4
0!6
0!=
#1642500
1,
00
11
13
14
06
17
18
0=
1>
0?
0@
1B
0D
0E
1H
0J
0K
0L
1!%
0!&
1!)
1!+
0!/
1!2
0!3
1!4
0!9
1!;
1!=
#1643500
1&
0)
0.
1/
01
03
04
15
16
08
1@
1A
1E
1F
0G
1K
1L
1N
1!#
1!&
1!'
0!)
1!*
0!+
1!0
0!2
1!3
0!4
0!5
1!6
1!7
0!8
1!9
0!:
0!;
0!=
#1644500
0!
0"
0#
0$
0&
0'
1)
1+
0,
1-
1.
10
11
13
14
07
09
1;
0@
0A
1C
1D
0E
0F
0L
1M
1O
0P
0!&
0!'
0!(
1!)
1!,
1!-
0!.
1!/
0!0
1!2
0!3
1!5
0!6
0!7
1!8
1!:
1!;
1!=
#1645500
0)
0-
0.
12
04
06
17
0:
0;
1<
1=
1?
1A
0B
0C
0D
1E
1F
1G
0H
0I
1J
0K
0M
0O
0!$
0!%
1!+
0!,
0!-
1!.
0!1
1!4
1!7
0!9
0!:
#1646500
1)
0+
1-
1.
0/
03
14
05
07
0<
0=
0>
0A
1B
0N
0!#
1!&
1!'
0!+
1!,
1!0
1!1
1!3
0!4
1!6
0!7
0!8
1!:
#1647500
1,
0-
0.
1/
02
15
16
1:
1<
1=
1>
0?
1@
1A
0B
1C
0E
0G
1H
1M
1N
1O
1!#
0!&
1!(
0!)
1!-
0!.
0!/
0!0
0!2
0!3
1!8
1!9
1!<
0!=
#1648500
1'
1-
0/
00
12
13
05
06
17
18
0:
1;
0<
1?
0@
0C
1D
0F
0H
0J
1K
1L
0M
0O
0!(
1!)
0!,
1!0
0!:
1!=
#1649500
1&
1+
1/
10
01
03
04
08
19
0;
1<
0=
0?
0A
1C
1F
0K
1M
0N
1O
1P
0!#
1!$
1!&
1!+
1!,
0!1
1!2
1!3
0!;
#1650500
0&
0'
1(
0)
1*
0+
0-
0/
02
16
1;
1=
1?
1@
1A
0D
1G
1H
0P
1!#
0!$
1!%
0!)
0!,
0!0
1!1
0!2
0!3
0!5
1!7
0!8
#1651500
1+
0,
1.
11
13
07
18
09
0<
0=
0?
1B
0F
0H
1I
1J
1K
0!%
0!&
1!(
0!+
1!,
0!-
1!.
1!/
0!1
1!4
1!5
0!6
0!9
0!=
#1652500
1)
0+
1,
01
06
17
08
19
1:
1=
0>
0C
1D
1E
1F
1H
0L
0M
1N
0O
1P
1!&
0!'
1!)
0!*
0!,
0!/
1!1
1!2
0!7
1!8
1!9
1!;
0!<
#1653500
1!
1"
1#
1$
1%
1&
0(
0)
0*
1+
0,
1-
1/
11
16
07
09
0:
0;
0=
1>
0@
0A
0B
0F
0H
0J
0K
1L
0N
1!'
1!+
1!,
1!/
1!0
1!6
1!7
0!8
0!9
0!;
1!<
#1654500
1'
1(
1*
1,
0-
0.
15
06
18
1:
1=
0>
1@
1A
1B
1C
0D
0E
1F
0G
0I
1J
1K
1!%
0!&
1!*
0!,
1!-
0!.
0!0
1!3
0!4
0!5
0!6
0!7
1!8
1!9
#1655500
0!
0"
0#
0$
0%
0'
0,
1.
12
14
05
1;
1>
0@
0A
1D
1I
1M
1O
0!%
1!&
0!)
1!,
0!/
1!0
0!2
0!3
1!4
1!5
1!6
0!8
0!<
#1656500
1'
0*
1,
1-
0.
03
17
19
1@
0B
0C
0D
1E
0F
1G
0I
0L
0M
0O
0!#
0!'
1!)
0!+
0!0
0!1
1!3
1!7
1!:
1!;
1!=
#1657500
0&
0'
0(
1)
0+
00
01
15
07
1<
0=
0@
1B
0G
1I
0K
1M
1N
1O
0P
1!$
1!%
0!&
0!*
1!+
0!,
0!-
1!.
1!/
1!0
1!1
0!3
0!5
0!9
#1658500
1(
0)
1*
1+
0,
0-
0/
10
11
02
04
05
09
0;
0<
0>
1C
0E
1H
1K
0!%
1!'
0!(
0!)
1!*
1!,
1!-
0!.
0!0
0!1
1!3
1!5
0!;
0!=
#1659500
1'
0(
0*
1,
1.
1/
01
12
15
08
0:
1<
1>
1@
1A
1D
1F
1G
0H
0J
0K
1L
1!#
0!'
1!(
0!,
1!2
0!3
0!5
1!9
1!<
1!=
#1660500
1*
0+
1-
13
14
05
16
1:
1;
0<
1=
0>
1?
0@
1E
0G
1J
1K
0O
0!#
1!%
1!&
1!)
1!,
0!/
1!1
0!2
1!3
0!4
1!5
1!8
0!:
1!;
#1661500
1&
0'
1+
0,
0.
03
04
17
19
0:
0;
0=
1>
1@
0B
0C
0D
0E
1H
0I
0L
1O
1!#
0!%
1!'
0!+
0!,
1!/
1!0
0!1
0!3
0!9
1!:
0!<
#1662500
0&
1'
1(
0*
1,
0-
11
15
07
18
1:
1;
1<
0>
0?
1B
1C
1D
0F
0H
0J
1L
0O
1!%
0!)
0!/
0!0
1!3
0!5
0!6
0!7
0!8
0!=
#1663500
1&
0'
0+
1-
1.
0/
00
02
14
05
08
1=
1?
0B
0C
0D
1F
1G
1H
1I
1J
0K
0L
1O
0!#
0!$
0!&
0!'
0!(
1!)
0!*
1!,
1!/
1!2
0!3
1!4
1!7
1!8
1!9
0!:
1!<
#1664500
1'
1)
0,
1/
10
13
04
06
18
09
0;
0?
0A
1C
1D
1E
0G
0I
0J
0M
0O
0!)
1!*
0!,
0!/
1!0
1!1
0!4
1!6
0!7
0!8
0!9
1!:
0!;
#1665500
0&
0(
1*
1+
0/
01
03
16
17
0:
0<
1>
1?
1A
0D
0E
0F
1I
1K
1M
1O
1P
1!#
0!%
1!)
1!+
1!,
0!0
0!1
0!2
1!5
1!9
#1666500
1&
0'
0)
1,
11
13
06
07
08
19
1:
1<
0=
0>
0@
0C
1F
0M
0N
0O
0P
0!#
1!%
0!+
0!-
1!.
1!/
1!0
1!1
1!2
1!3
0!5
1!7
0!9
0!:
0!<
1!=
#1667500
1)
0*
0+
00
01
12
03
14
15
16
18
09
0<
1=
0?
1@
1D
1E
1G
1J
1M
1N
1O
0!)
0!*
0!/
0!1
1!5
0!7
1!:
1!<
0!=
#1668500
1%
0&
0)
1*
0-
0.
10
05
08
19
1<
0A
1C
0E
0F
0G
0K
0N
0O
1!#
1!$
0!%
1!)
1!*
1!+
1!/
1!1
0!3
0!6
1!7
1!9
1!;
0!<
1!=
#1669500
1&
1'
1(
0*
0,
1-
1/
00
11
02
13
04
17
0:
1?
0@
1B
1E
1F
1G
0I
1L
1N
0!#
1!&
0!*
0!/
0!0
0!2
0!5
0!7
1!8
0!9
1!<
0!=
#1670500
1+
0-
1.
0/
10
01
12
03
15
18
0=
1@
1A
0D
0E
0F
0G
0H
1!%
1!'
0!)
1!*
0!,
1!-
0!.
1!0
0!1
1!3
0!8
0!:
0!<
#1671500
1$
0%
0&
0(
1)
1*
0+
0.
1/
11
02
13
14
06
07
08
1:
0<
1=
0A
1D
1F
1G
0J
0L
0M
0N
0!$
0!*
0!+
1!,
0!-
1!.
1!/
1!1
1!6
1!7
1!:
#1672500
0$
0'
1(
0)
1+
1.
0/
01
12
05
18
09
1;
1<
1>
0@
1A
0B
0D
0G
1H
1J
1L
1M
1P
1!#
0!%
0!&
1!(
1!*
1!+
0!,
1!-
0!.
0!0
0!3
0!6
1!9
0!;
1!<
1!=
#1673500
1&
0(
1)
0.
1/
02
04
15
17
08
19
0:
0;
0<
0=
0>
0?
1@
1E
1I
1K
0!#
1!$
0!'
1!)
0!+
0!-
1!.
1!2
1!5
1!6
0!9
0!:
0!=
#1674500
1!
1$
0&
1'
1(
0)
0+
00
11
03
05
16
07
18
1:
1;
1>
1?
0@
1B
0C
1D
0F
0H
0M
1!#
0!$
1!%
0!(
0!*
1!+
1!,
0!2
1!4
0!6
0!7
1!8
1!9
1!:
1!;
1!=
#1675500
1&
0'
0*
1+
1,
1-
1.
10
01
12
13
14
06
17
0;
1=
0K
0!#
1!'
1!(
0!)
1!*
1!-
0!.
0!/
1!0
0!4
0!5
1!7
0!8
0!:
#1676500
1*
0-
0.
0/
11
03
1;
0?
1@
0A
0E
0I
1K
0L
1M
1!#
1!$
1!&
0!'
1!)
0!*
0!,
0!-
1!.
1!/
0!1
1!2
1!3
1!6
0!7
1!:
0!<
#1677500
1%
0&
0*
0,
1-
1/
00
02
15
0=
1A
0B
1C
0D
1H
0J
0K
1O
0P
0!$
0!%
1!'
0!(
0!+
1!,
1!-
0!.
0!/
0!0
1!1
0!3
1!5
0!6
0!9
0!:
1!<
0!=
#1678500
1'
1*
1,
1.
0/
01
12
08
0>
1?
1B
1G
1I
1J
1!$
1!%
0!&
0!)
1!*
1!+
0!1
1!3
1!4
0!5
1!6
1!:
0!;
0!<
1!=
#1679500
1#
0$
1&
0'
0*
0,
0.
1/
11
04
07
18
0:
1<
1D
0H
0J
1K
1L
0M
0O
0!$
0!%
1!&
1!(
0!*
0!+
0!,
1!0
1!7
1!8
1!9
1!;
#1680500
1)
1*
0-
10
13
0A
0B
0D
1E
1H
0K
1M
1N
1O
1!%
0!'
0!(
1!)
1!*
1!,
1!/
0!0
0!2
0!9
0!;
0!=
#1681500
1,
1-
1.
0/
01
16
09
1:
0;
0<
1=
1>
0@
1A
0C
0E
0H
0I
1K
0O
0!#
0!%
1!(
0!)
0!,
0!-
1!.
1!0
1!2
0!3
1!5
1!9
0!:
1!;
1!=
#1682500
1'
0(
0)
0*
0+
0,
0-
0.
00
11
02
05
08
1;
1<
0=
0>
0?
1B
1C
1D
1F
0G
1H
1!#
1!%
0!*
1!+
1!,
1!-
0!.
0!/
0!4
0!5
0!6
0!8
0!9
0!;
1!<
#1683500
1"
1$
0%
0'
1(
1)
1*
1,
1/
01
12
03
14
19
0;
1>
0A
0D
1E
0F
0H
1I
1J
0L
1O
1!)
0!+
0!,
1!1
1!3
1!4
1!6
1!8
1!;
#1684500
1+
1-
1.
02
04
0<
1=
0>
1@
0C
1D
1F
0I
0J
0K
0M
0!%
1!'
1!+
1!,
0!-
1!.
1!/
0!0
0!1
0!2
0!7
1!9
1!:
#1685500
0#
0$
1%
0)
0*
0-
0.
10
13
15
06
18
09
1>
1C
0E
0!#
1!%
0!(
0!,
0!/
1!0
0!3
0!4
1!5
0!6
1!7
0!8
0!;
0!=
#1686500
1'
0+
1.
00
12
03
05
16
17
08
19
0:
1;
1<
0=
0>
0@
1A
0C
0D
1E
1H
1I
1J
1K
1!$
0!)
0!+
1!,
1!/
1!1
1!2
0!7
1!8
0!:
0!<
#1687500
1$
0%
0'
1*
0,
0.
11
13
14
09
0<
1=
1D
0E
0F
0H
0I
0K
1L
0!&
1!)
1!*
1!+
0!,
1!3
1!4
0!8
0!9
1!:
1!;
#1688500
1'
0(
1)
0*
1+
1,
1-
1.
01
06
19
1:
0;
0=
1?
1@
0A
1C
0D
1F
1G
1K
0L
0O
1P
0!$
1!&
1!,
0!0
0!5
1!6
1!8
1!9
0!:
0!;
#1689500
1(
0)
1*
0,
0.
10
11
04
15
07
18
09
0?
0@
0B
0F
0G
0K
1L
0!+
0!,
1!-
0!.
0!/
0!2
0!3
0!4
1!5
0!6
0!9
#1690500
1%
0&
0'
0+
1,
0-
00
03
05
16
17
08
1>
1A
1B
1D
1G
1H
1I
0L
1O
0P
1!#
0!&
0!'
0!)
0!-
1!.
1!0
0!1
1!3
1!4
0!5
1!7
0!8
1!=
#1691500
1+
0,
0/
10
02
14
15
07
19
0:
1;
1?
1@
0A
0B
1E
0H
0I
1L
1M
1P
0!#
0!*
1!,
0!0
1!2
1!5
0!7
1!<
#1692500
1'
0(
1)
0*
0+
1,
1-
1.
1/
00
01
12
04
06
17
18
09
1:
0;
1<
1=
0>
0?
1A
1B
0D
0E
0G
1H
0J
1K
0O
0P
1!$
0!%
1!'
1!(
0!,
1!-
0!.
1!0
0!3
0!4
0!5
1!6
1!:
1!;
0!<
0!=
#1693500
1+
0-
10
11
14
05
16
19
1>
0B
1D
1E
1G
1I
1J
1!%
1!)
1!*
1!+
0!-
1!.
1!/
1!1
0!6
1!7
1!9
0!:
0!;
1!=
#1694500
1*
0+
1-
0.
0/
00
02
09
0:
0<
0>
0A
0C
0D
0E
0H
1!#
0!$
1!&
0!'
0!*
1!-
0!.
0!/
0!0
0!1
1!3
1!5
1!:
1!;
1!<
0!=
#1695500
1(
0-
1/
10
01
12
13
07
08
19
1:
1;
0=
1D
1F
0G
0J
0L
1!$
0!%
1!'
0!)
1!,
0!;
0!<
1!=
#1696500
1&
0)
1+
0,
1-
1.
0/
11
03
04
15
06
18
0:
0;
1>
1A
1C
1E
0F
1G
1J
1L
0!#
0!&
0!'
0!(
0!,
1!/
1!1
0!2
0!3
1!4
0!5
0!7
1!8
0!:
1!;
1!<
0!=
#1697500
1#
0$
0%
0&
0'
0*
0-
0.
1/
00
01
13
09
1:
1;
1?
0C
0D
0E
0G
0I
0K
0L
0M
0!$
1!)
1!*
0!+
1!,
0!/
0!1
1!3
1!6
1!7
0!8
1!:
0!;
#1698500
0!
0"
0#
1*
0+
10
11
14
16
0:
0;
1<
0>
0?
0@
0A
1D
1E
1G
1H
1I
0J
1L
1!$
1!%
1!(
0!*
0!,
0!-
1!.
1!1
1!2
0!3
0!:
1!;
1!=
#1699500
0(
1)
0*
1,
0/
00
04
05
06
17
08
1:
1;
0<
1=
1?
1A
0D
0G
0I
1K
0L
0N
1!#
0!)
1!*
1!+
1!0
0!4
0!6
1!8
0!9
0!;
0!<
0!=
#1700500
10
01
02
14
15
19
1<
1B
1D
1G
0H
0K
1!&
0!(
1!)
1!,
1!/
0!0
0!1
0!2
1!4
1!6
0!7
0!8
1!:
1!<
1!=
#1701500
1(
1*
1-
1.
11
12
03
04
05
16
09
0:
0<
1>
0?
1H
1I
1L
1M
1N
1O
1P
0!&
1!'
0!,
1!0
1!1
1!2
0!4
1!5
0!6
1!8
1!9
0!:
1!;
#1702500
1&
1'
1/
02
14
07
18
19
1:
1@
0B
1C
0H
1K
0L
0M
0N
0!#
0!$
1!(
0!)
0!*
0!/
0!0
0!1
1!3
1!4
1!7
0!8
1!:
0!;
#1703500
1%
0&
0'
0*
1+
0,
0.
00
01
12
13
04
15
17
09
0;
0A
0D
0E
1F
1H
1M
1N
1!$
1!)
0!+
1!,
1!/
1!1
0!5
1!8
0!9
1!;
#1704500
1!
1"
0%
1&
1'
0-
0/
05
07
0:
1;
1?
1B
0C
0F
0H
1J
1L
0M
0N
0P
1!#
1!&
0!'
0!(
1!+
1!-
0!.
0!/
0!1
0!4
1!5
0!7
0!8
0!:
0!;
#1705500
1%
0&
0'
0(
0)
1*
0+
1,
1-
1.
11
02
03
0;
1<
0?
1A
1C
1D
0K
0L
0!)
0!+
0!,
1!0
1!1
0!2
0!3
0!5
1!6
1!9
1!:
#1706500
1(
1)
0*
1+
0,
0.
1/
14
15
1:
1;
0=
0>
0B
1K
1L
1N
0O
0!%
1!,
0!-
1!.
1!/
0!0
0!1
1!2
1!4
1!5
0!6
1!7
0!9
0!:
#1707500
1'
0(
0)
1*
0+
1,
0-
0/
01
04
17
08
0:
0;
0<
1>
1B
0C
0D
1E
0G
0I
0K
0L
1O
0!#
1!%
1!)
1!*
1!+
0!,
0!/
1!0
1!1
1!6
0!7
#1708500
1)
1+
0,
1.
1/
12
13
06
18
1:
1<
1=
0>
1C
1G
0J
1K
1L
0N
0O
1!,
1!-
0!.
0!2
1!3
0!4
0!5
#1709500
1&
0)
0*
1,
1-
03
16
07
08
19
0=
1>
1?
0@
0B
0C
1D
0E
1I
1J
0L
1M
1N
0!%
0!&
1!'
0!)
0!*
0!+
0!,
0!-
1!.
1!5
0!6
1!8
1!9
1!:
0!<
#1710500
0!
0"
0%
0&
0'
1(
1*
0-
0.
0/
10
06
18
0:
1;
1=
1B
1C
0D
1H
0I
0J
0K
1L
0N
1O
1!%
1!&
1!(
1!)
1!,
1!-
0!.
0!1
0!3
1!4
0!5
1!6
1!7
0!8
1!;
1!<
0!=
#1711500
1'
0(
0+
0,
1.
11
17
09
0<
0=
0>
0?
1@
0A
0C
1E
1F
0G
1I
1K
0L
0M
1N
1P
1!#
0!%
0!(
0!)
1!*
1!+
0!,
0!-
1!.
1!/
0!0
1!1
1!3
0!4
1!5
0!6
0!7
0!9
0!:
#1712500
1)
0*
1+
0.
00
13
16
07
19
1:
1=
1>
1?
0@
1A
1C
0F
1G
0I
0K
1L
0O
0!#
1!(
1!)
0!*
1!,
1!0
0!1
1!2
1!7
1!8
0!;
0!<
1!=
#1713500
1(
0)
05
17
08
0:
0;
0?
1@
0A
0B
0C
1D
0E
1F
0G
1I
0L
1O
1!#
0!$
1!%
0!+
0!,
1!-
0!.
0!0
0!2
1!4
0!5
0!8
1!:
#1714500
1%
0'
1)
1*
0+
1,
1-
1.
1/
10
03
14
15
07
18
1:
0=
0>
1?
1C
0D
0H
1J
1K
1L
0N
0!#
0!%
0!&
0!'
0!)
1!*
1!,
0!-
1!.
1!0
1!1
1!2
0!4
1!8
0!:
1!<
#1715500
1&
0*
1+
0,
0-
0/
00
01
13
05
06
17
08
09
0:
1;
1>
0?
1A
0C
1E
0F
1G
1H
0J
1!#
1!&
1!'
0!*
1!+
0!,
1!-
0!.
0!0
0!1
0!2
0!3
1!5
1!6
1!9
1!;
0!<
#1716500
0%
0&
0(
0+
1,
1/
11
04
15
16
07
18
1=
1?
0@
0A
1B
1C
1F
0G
0H
0I
1M
0O
0P
0!#
1!%
0!&
1!,
0!/
1!4
0!7
0!8
1!:
0!;
#1717500
1+
0,
1-
0.
10
01
02
05
17
0;
0=
0?
0C
0E
0F
1H
1I
0K
0M
1N
1!&
0!'
1!)
1!*
0!+
0!-
1!.
1!/
1!0
1!1
1!3
0!5
1!7
1!8
0!9
1!<
0!=
#1718500
0)
1*
0+
1,
1.
00
11
14
06
08
1:
1;
1=
1?
1@
1A
0B
1C
1D
1G
1K
1M
1!#
1!$
1!'
0!(
0!)
0!*
1!+
0!,
1!-
0!.
0!1
0!4
1!5
0!7
0!8
1!;
1!=
#1719500
1'
1(
1)
0*
0.
01
16
0;
1<
0=
0>
0?
0D
1F
0I
1J
0K
0N
0!#
0!&
0!'
1!)
0!/
1!1
1!2
1!4
1!7
0!:
0!;
0!<
0!=
#1720500
0(
0)
1+
0,
0/
18
0:
0<
1=
1>
0@
0A
1B
1D
1E
0F
1I
1K
0L
0M
1!(
0!)
1!,
0!1
0!2
0!3
0!4
0!6
0!7
1!8
1!;
1!<
1!=
#1721500
1&
0'
1)
0+
0-
10
11
12
04
15
19
1;
1<
1?
1A
0E
0I
0K
1M
1N
0!$
0!+
0!,
0!-
1!.
1!/
1!1
1!2
1!3
1!4
0!5
1!6
1!7
#1722500
1!
1"
1#
1%
0&
1'
0)
1*
1+
1-
00
02
14
06
0=
0>
0G
1I
0J
1K
1O
1!$
0!%
1!)
1!*
1!,
0!/
0!0
0!2
1!5
0!6
0!8
1!9
0!;
#1723500
1&
0'
1(
0*
0+
1/
10
05
08
09
0;
1>
0A
1E
1G
0H
0K
0M
0O
0!$
1!%
1!&
1!'
0!(
0!*
1!+
0!,
1!6
0!9
1!:
1!;
0!=
#1724500
1'
0(
0/
00
01
18
19
0<
0?
1@
1A
0B
0D
1H
0I
1J
1L
1M
0!%
0!'
1!,
1!-
0!.
1!0
0!4
0!6
1!8
0!;
0!<
#1725500
1$
0%
0&
1)
1+
1.
03
04
07
09
1;
1<
0>
1?
1D
1F
0H
1I
0J
0L
0!)
1!*
0!-
1!.
1!/
0!1
0!5
0!:
1!;
1!=
#1726500
0$
1(
1*
0+
1,
0.
1/
15
16
17
0<
1>
0A
0D
0G
1H
0I
1L
0M
1O
1!$
1!%
1!'
1!(
0!+
1!1
1!2
0!3
1!4
0!7
0!8
1!9
1!:
0!;
#1727500
1&
0)
1+
11
12
13
14
05
06
07
08
0;
1=
0?
0@
1A
0E
1J
1K
0!&
0!(
1!)
0!,
0!1
0!2
1!5
1!6
1!7
1!8
#1728500
1)
0*
0+
0,
0-
03
16
17
1:
1<
1@
0C
1D
1G
1I
0K
1M
0!$
0!%
0!'
1!,
1!2
0!5
0!7
1!;
1!<
#1729500
0!
0"
0#
0&
0(
1*
1-
1.
0/
15
06
07
18
0:
0<
0=
0@
1E
0H
0I
0J
0L
0N
1!#
0!)
0!*
1!+
0!,
1!-
0!.
0!/
0!2
1!3
0!4
0!9
0!;
#1730500
1(
1,
0.
01
04
05
16
1;
1<
1?
0A
1B
1C
0D
0E
0F
1K
1L
0M
0!#
1!&
1!)
1!*
0!+
1!,
1!1
1!2
1!5
0!6
1!7
0!<
#1731500
1&
0,
1.
1/
10
11
14
15
08
1:
0<
0>
0B
1D
1E
1I
1J
0L
1M
1N
1P
1!#
1!$
1!%
1!+
0!,
0!0
0!3
1!4
1!6
0!7
0!8
1!9
0!:
1!;
#1732500
1%
0&
0'
0(
0)
0.
00
02
04
06
17
18
19
0;
1@
1A
1B
0C
0E
1H
0J
0K
0O
0P
0!&
1!(
1!,
0!-
1!.
1!0
0!1
1!3
0!4
0!6
1!7
1!8
0!9
1!:
0!;
1!<
0!=
#1733500
1(
1)
0*
1+
0/
10
01
12
13
05
16
07
08
09
0:
1<
1=
0A
0B
0D
1E
1L
0!#
0!%
0!+
0!,
1!/
1!1
0!3
0!5
1!6
0!7
0!8
1!9
0!:
#1734500
1'
0)
00
02
03
15
06
17
18
19
1;
1>
0@
1A
1B
1C
1D
0E
1F
1J
1K
1!#
0!$
0!(
1!,
1!-
0!.
0!/
0!0
0!2
1!3
1!4
1!7
0!<
1!=
#1735500
1&
1,
1.
1/
11
13
07
1:
0;
0<
0=
1@
0C
1E
0F
0G
0J
0K
0L
0M
0N
0!#
1!%
1!&
1!+
0!,
0!-
1!.
1!/
1!0
1!2
0!7
0!9
1!:
#1736500
1$
0%
0&
0'
1)
0,
0/
14
05
16
17
08
1;
1<
1=
0?
0@
0B
1C
0E
1F
1G
1J
1K
1O
1!#
0!&
0!)
1!,
1!-
0!.
0!/
0!0
0!1
0!3
0!4
1!5
1!8
1!9
0!:
1!;
#1737500
1&
0)
1*
0-
1/
10
01
12
04
18
1E
0G
0H
0J
0K
1L
1M
0O
0!#
1!$
1!&
1!)
0!+
0!-
1!.
1!/
1!1
0!5
0!6
1!7
0!8
0!9
1!:
0!;
0!=
#1738500
1%
0&
1'
0(
1)
0+
1-
0/
00
02
06
07
09
0:
0=
1B
0C
0F
1H
1J
0L
1O
0!$
1!+
0!1
0!2
1!3
1!4
0!7
1!8
1!9
1!<
1!=
#1739500
1#
0$
0%
0*
0.
10
03
14
16
0<
1=
0>
1@
0B
1C
0D
0E
0H
0I
0J
1K
1L
0O
1!$
0!%
0!&
0!*
0!+
0!,
1!-
0!.
0!/
1!0
1!1
0!8
0!9
0!:
1!;
#1740500
1(
1*
1+
00
11
12
13
06
08
19
1:
0;
0=
1>
1?
0@
0A
1B
0C
0K
1N
1O
1!#
0!)
1!,
0!-
1!.
1!/
0!0
1!2
0!3
1!5
1!6
1!9
1!:
#1741500
1&
0'
0(
0)
0*
1,
0-
1/
10
02
15
18
09
1;
1<
1=
0>
0?
1@
1A
1E
1F
1G
1H
1I
1J
0L
0N
0O
0!#
1!&
1!(
1!+
0!,
1!-
0!.
1!7
0!<
0!=
#1742500
1(
0+
0,
00
12
05
19
0:
0<
0=
1>
1?
0@
0A
0B
1C
1D
0E
0F
0G
0H
0J
1K
1L
1O
1!#
0!&
0!(
1!)
0!+
1!,
0!/
0!1
0!2
1!3
0!5
0!9
0!:
1!=
#1743500
1'
1)
1*
1,
1-
10
01
03
17
09
0;
1=
1@
1B
0C
1F
0I
1J
0K
0L
0M
0O
1!(
1!*
1!+
0!-
1!.
1!/
1!0
1!2
0!3
0!4
1!9
1!:
0!=
#1744500
1+
0,
1.
0/
16
07
08
1:
1;
1<
1A
0B
1C
0D
1E
1G
1H
1I
1M
1O
0!#
0!$
1!%
0!)
0!*
1!-
0!.
0!/
0!0
0!7
0!:
0!;
1!=
#1745500
1%
0&
0'
0(
0)
0+
1/
00
11
02
13
04
15
18
0:
0;
0<
0=
0>
0?
0A
1B
0C
0E
0F
0G
0H
0I
0J
1L
0M
1P
1!)
0!+
0!,
0!-
1!.
1!/
1!3
0!6
1!7
1!8
0!9
1!:
#1746500
1(
1)
1+
0-
19
1:
1;
0B
1H
1I
1J
1K
0P
0!%
0!(
1!*
1!,
1!0
1!4
1!5
0!8
1!9
1!;
1!<
0!=
#1747500
1&
1'
0(
0)
0*
0+
1,
1-
0/
10
01
12
03
14
06
0:
0;
1>
0@
1C
1D
1E
1G
0L
1M
1N
0O
1!#
1!%
0!,
1!-
0!.
0!/
0!0
0!<
#1748500
0#
0%
0&
0'
1)
1*
1+
0,
0.
1/
02
04
16
09
1;
1<
1B
0C
0D
1F
0J
0K
1L
0M
0N
1O
0!#
1!(
0!)
0!*
1!,
1!/
1!0
1!1
0!2
0!3
0!4
1!8
1!<
1!=
#1749500
1&
0+
1,
0-
1.
12
13
14
05
08
1:
0<
1A
0B
1D
0E
0F
0H
0I
1M
0O
1P
1!&
1!*
1!+
0!-
1!.
0!1
1!2
0!5
1!6
0!=
#1750500
0&
0)
0*
0/
03
04
06
17
18
19
1<
0>
1?
1@
0A
0D
1E
0G
1K
0M
0P
1!#
0!+
1!-
0!.
0!/
0!2
1!4
1!5
0!8
0!<
1!=
#1751500
1*
0,
1-
0.
13
14
08
09
0;
1>
0?
1A
1B
1C
0E
1G
1I
1J
0L
1M
1N
1O
1P
0!%
0!&
0!(
1!)
1!+
0!,
1!/
0!0
1!1
1!2
0!4
0!6
1!8
0!9
0!:
1!<
0!=
#1752500
1'
1(
1)
0*
0-
1.
07
0:
1=
0>
1?
0@
0C
1F
0I
1L
0P
1!$
1!%
1!,
0!-
1!.
0!/
1!0
0!1
0!2
1!3
1!4
0!5
1!6
1!9
1!:
#1753500
1&
0'
0(
0)
1,
02
03
04
16
17
1;
0<
0=
1>
0B
1C
1D
1E
0N
0O
0!#
0!%
1!'
0!)
0!*
0!+
0!,
1!-
0!.
1!1
0!4
0!8
0!9
0!:
0!<
#1754500
1%
0&
1)
1*
0,
1/
12
13
14
06
07
19
1:
0;
1<
0>
0?
1@
0A
1B
0F
1I
1N
1O
1!#
1!%
0!'
1!(
1!)
0!-
1!.
1!/
0!3
1!4
1!5
0!6
0!7
1!8
1!9
0!;
#1755500
1(
1+
1-
00
17
18
1;
1=
1>
0B
0D
0E
1F
1H
0L
1P
0!%
1!*
1!+
1!-
0!.
0!1
1!2
0!4
0!5
1!6
0!8
1!:
1!=
#1756500
1&
1,
0-
0.
11
04
07
08
09
0:
0<
0>
1?
1A
0G
0J
0K
1L
0N
0O
0P
0!#
1!%
0!-
1!.
1!1
1!3
1!5
0!6
1!7
0!:
0!=
#1757500
1!
1"
1#
1$
0%
0)
0+
0,
0/
02
03
14
15
19
1<
0=
1D
1E
0I
1K
0L
1O
1P
0!)
0!*
0!+
1!,
0!0
0!1
0!3
1!4
0!5
1!6
0!7
1!8
0!9
1!;
#1758500
1%
0&
1'
0(
0*
1+
1.
10
12
05
17
18
09
0;
0<
1=
0?
0@
1B
0E
0F
1I
1J
1L
0M
1N
0O
1!&
1!*
1!0
1!1
1!3
0!4
1!5
1!9
1!=
#1759500
1)
1*
0+
1-
1/
04
15
16
07
08
0=
1>
0C
1F
1G
1O
1!#
0!%
1!)
0!*
1!+
0!,
0!2
0!6
0!9
0!;
0!=
#1760500
0!
0"
0#
0$
0%
1&
0)
1,
0-
0/
00
01
17
18
1;
1=
0>
1?
0F
0G
0J
1M
0N
0P
0!&
1!'
0!)
1!*
0!+
0!0
0!1
1!2
1!4
0!5
1!6
1!7
0!8
1!;
1!<
1!=
#1761500
1%
0&
0'
0,
1-
0.
1/
11
02
13
14
06
19
1G
0H
0L
0M
0!#
1!%
1!&
0!'
1!)
0!*
1!-
0!.
0!/
1!0
1!1
0!3
0!7
1!8
1!9
1!:
0!;
0!<
0!=
#1762500
1&
1)
1.
10
01
12
05
16
08
09
0;
1<
1>
0?
1@
0A
0B
1C
0D
1E
1H
0K
1M
1N
0!%
0!(
1!*
1!,
0!-
1!.
1!/
1!3
0!6
0!8
0!9
1!<
1!=
#1763500
1'
0)
0*
1+
1,
0-
0.
02
03
04
07
1;
0<
1A
0G
0H
0M
0N
1!#
1!%
0!&
1!'
0!*
1!+
0!,
0!/
0!1
0!2
0!3
0!4
1!6
1!7
0!:
1!;
0!<
#1764500
0%
0&
0'
1(
1*
0,
00
11
12
13
06
17
18
1:
1<
1?
1D
0E
1G
0O
0!#
0!%
1!&
1!(
1!,
1!-
0!.
0!0
1!2
1!3
1!4
1!5
0!6
1!8
1!9
1!:
0!;
1!<
0!=
#1765500
1&
0(
0*
1,
03
14
15
16
0;
0<
0=
0>
0@
1B
0C
0D
1F
0G
1J
1K
1L
1M
1N
0!$
0!+
0!,
0!-
1!.
1!/
1!0
0!2
0!4
0!5
1!6
0!7
#1766500
1(
1*
13
04
06
07
0:
1=
1>
0?
1@
0B
1D
1E
1H
0K
0M
0N
1P
1!%
0!'
1!*
1!+
1!,
0!/
1!1
1!2
1!4
1!5
1!7
0!8
0!9
#1767500
1)
0*
0+
0,
1-
1.
0/
02
03
14
05
19
1;
0=
1?
0@
0A
0D
1G
0H
0I
1O
1!'
0!)
0!+
0!,
1!/
0!3
0!4
0!6
1!9
0!:
1!;
0!<
#1768500
1,
0-
1/
10
15
08
09
0>
1@
1B
1C
1D
0E
0F
1H
1K
0O
1!#
0!&
1!)
1!,
0!0
1!3
1!4
0!5
0!7
0!;
#1769500
1+
0,
0.
01
12
13
04
05
17
19
1<
1=
1>
1A
0B
0C
0H
0K
1M
1O
0!%
1!&
1!+
0!,
1!-
0!.
0!/
0!2
0!4
1!6
1!7
1!;
#1770500
1%
0&
0)
1,
1-
0/
14
15
09
0<
0@
0A
1B
1C
1E
1F
0G
0J
1K
0L
0M
0O
0!#
1!%
0!&
0!(
0!)
0!*
1!0
1!2
0!3
1!4
1!5
0!6
1!:
0!;
1!<
#1771500
1&
0+
0-
1.
1/
02
04
05
07
18
19
0;
1<
0=
1@
0B
0D
0E
0K
1L
1N
1O
0P
1!#
1!&
0!'
1!(
1!*
0!+
1!,
0!-
1!.
1!/
0!0
0!2
1!6
0!<
1!=
#1772500
1$
0%
0&
0(
1*
1+
1-
0.
0/
11
12
03
15
09
1;
0?
1A
1B
0C
1E
0F
1I
1J
0L
1M
0N
0!#
1!$
0!%
1!)
1!+
0!,
1!0
1!3
0!4
0!5
0!9
0!:
1!;
1!<
#1773500
1'
0*
0+
0-
1/
00
14
08
19
1:
1=
0>
1?
0A
0B
1F
1G
0J
1K
1L
0M
1N
0O
1!#
1!%
0!*
0!+
1!,
0!1
0!3
0!6
1!:
0!;
#1774500
1&
0'
1(
1-
0/
02
05
09
0;
0=
1>
0@
1B
1C
1D
0F
1H
0I
1J
0L
1M
0N
1O
0!%
1!'
0!,
1!-
0!.
0!/
1!3
0!7
1!8
1!9
0!:
0!<
#1775500
1)
1+
0,
1.
12
13
15
0<
0>
1I
1L
0M
1N
0!$
0!(
1!*
1!+
0!-
1!.
1!/
0!0
1!1
1!2
0!3
1!4
1!5
1!6
1!7
1!:
1!<
0!=
#1776500
1'
0)
1*
1/
02
03
04
16
19
0:
1<
0?
1@
0B
0E
1F
0G
1!%
0!&
0!'
0!*
0!+
1!,
0!2
1!3
0!4
0!5
0!7
0!8
0!9
1!;
#1777500
1%
0&
0'
0(
0+
0-
0.
01
14
05
06
17
18
09
1:
1E
0F
0H
0I
0J
0L
1M
0!#
0!)
0!,
1!-
0!.
0!/
0!1
1!4
1!7
0!:
0!<
#1778500
1&
1+
1,
1-
10
12
13
19
0:
1;
1=
1A
1B
1F
1G
1I
1J
1!#
1!&
1!'
1!)
1!*
1!+
1!,
1!/
1!1
1!2
0!3
1!5
1!9
#1779500
1'
1(
0+
1.
00
11
03
04
08
09
0;
0<
0=
1>
0A
0B
0C
0F
0I
0J
0M
0!#
0!'
0!+
0!-
1!.
1!0
1!3
0!9
1!:
0!;
1!=
#1780500
1!
0%
0(
1)
0,
0-
0/
02
14
16
1;
1<
0@
0G
1J
0K
1L
0O
1!'
1!(
1!+
0!0
0!4
0!5
0!7
0!:
1!;
#1781500
1%
0&
0'
1(
0*
1-
0.
1/
10
01
12
04
06
07
18
0;
1=
0>
1@
1C
0D
0E
1F
1G
0N
1O
0!'
0!(
0!+
0!,
1!0
0!2
1!9
1!:
0!;
0!=
#1782500
1&
0)
1,
1.
0/
11
14
15
17
08
19
1;
0=
1>
1?
0G
0J
1M
0O
0!%
1!'
0!)
0!*
1!,
0!1
0!3
0!6
1!7
1!8
0!9
0!:
1!<
#1783500
1#
0$
0%
0&
0(
0-
0.
1/
00
01
04
05
09
1:
1=
0@
1B
0C
1D
1E
0F
1G
1J
1K
0L
1O
1!$
1!+
1!1
1!3
1!5
1!:
1!;
0!<
1!=
#1784500
1*
1-
1.
10
13
16
19
0:
0;
0=
0>
0?
1@
0B
1C
0D
1F
0G
0J
0K
1L
0!$
1!%
0!'
1!)
1!*
0!+
0!,
1!-
0!.
0!0
0!1
1!2
0!3
0!5
1!9
#1785500
0!
0#
1'
0*
0,
0.
00
11
02
03
15
18
0<
1>
0@
1B
0C
0F
1J
0L
1!#
0!&
0!)
0!-
1!.
1!0
1!3
1!4
0!7
0!8
0!;
0!=
#1786500
1&
0'
1(
1)
1+
1.
0/
10
01
14
05
06
07
08
1:
1;
1<
1=
0B
1C
0E
1F
1G
1H
0O
0!#
1!$
0!%
1!&
0!*
1!,
0!/
1!1
0!3
0!4
1!7
0!:
#1787500
1%
0&
1'
0(
1,
0.
1/
11
15
16
09
0:
0;
0<
0>
1B
0C
0G
0H
1I
0J
0M
1!#
1!'
1!)
1!*
0!,
1!/
0!0
1!3
1!4
1!5
1!6
0!9
1!:
#1788500
1!
1"
0'
1(
00
01
13
19
1:
0=
1A
1E
1G
1M
1N
1O
0!#
0!&
0!)
1!,
1!-
0!.
0!/
1!0
0!4
0!6
0!7
0!:
1!;
#1789500
0"
1$
0%
1&
1'
0(
1*
0+
0,
0-
1.
0/
10
12
06
09
0:
1;
1=
1>
1@
0A
0B
1C
1D
0E
0F
0I
1K
1L
0!$
1!%
0!'
1!+
0!-
1!.
1!/
0!2
0!3
1!7
1!:
1!=
#1790500
1+
1-
0.
00
02
05
17
18
1:
0;
0=
0>
1?
1A
1B
1F
1H
1I
0L
0M
1P
1!#
1!)
0!*
0!,
1!-
0!.
0!/
1!2
1!3
1!4
0!5
0!:
0!;
#1791500
1#
1%
0'
1(
1.
10
16
08
0:
1;
1=
0@
0C
0D
1J
1L
1M
0N
0O
0P
0!%
1!'
0!)
1!*
0!-
1!.
1!/
0!3
0!4
0!7
1!9
1!:
1!<
#1792500
1"
0#
0%
1'
0)
1,
1/
11
15
06
07
18
0;
1<
0=
0?
0A
1E
0F
0H
0I
0J
1N
1!$
1!)
0!+
1!-
0!.
0!0
0!1
0!2
1!5
0!:
1!;
0!<
0!=
#1793500
1)
0+
0-
0/
12
03
05
08
1:
1;
1?
1@
0B
1F
1J
0N
0!#
1!+
1!,
1!0
1!3
0!5
1!6
1!7
0!9
#1794500
1%
0&
0'
0(
0)
0,
1-
0.
1/
01
13
18
0:
0;
0<
1=
1>
0?
1A
1C
1D
0E
0F
0L
0M
1!#
0!$
1!(
0!*
0!+
0!,
0!-
1!.
1!1
1!2
0!6
1!<
1!=
#1795500
1'
1)
1+
1.
0/
00
11
02
04
15
19
0=
0>
0@
0A
1B
0C
1E
1F
0G
1H
1I
0K
1L
1M
0!'
0!)
1!*
1!+
0!/
0!1
0!3
1!4
1!5
1!6
1!8
1!:
0!=
#1796500
1&
0'
0)
0*
0+
0-
10
03
17
1:
1@
1A
0B
1C
0D
0E
0I
0J
1K
0M
1!%
1!'
1!,
1!-
0!.
1!1
0!2
0!4
0!6
0!;
0!<
#1797500
1'
1)
1*
1-
0.
1/
01
05
16
08
1;
1<
1=
0A
1B
0C
1I
1J
0K
1M
0!#
0!%
1!&
1!)
0!*
0!+
0!-
1!.
0!1
1!3
1!4
0!5
1!6
0!7
1!9
0!:
1!;
1!<
1!=
#1798500
0%
0&
0'
1+
1,
0-
1.
13
06
18
0:
1>
0@
1A
0B
1C
1D
0J
0L
1N
1!#
1!%
0!&
0!'
0!)
0!,
1!/
0!8
0!9
0!;
0!<
#1799500
0"
0$
1%
1&
1(
0,
11
03
14
16
07
08
09
1:
0;
0<
1?
0D
0I
1K
1!&
1!)
1!+
1!,
1!-
0!.
0!/
1!1
0!3
0!4
1!5
0!6
1!7
1!9
1!:
#1800500
1"
1#
1$
0%
1'
0(
0)
0+
1,
0/
00
01
04
15
0:
1;
1<
0A
1D
1G
1I
1J
0M
0N
1P
0!&
1!*
0!,
0!0
1!2
1!6
0!7
1!8
0!9
0!:
#1801500
1+
0,
0.
11
14
1:
0<
1@
1B
0H
0I
1L
1N
0!#
1!$
1!&
1!'
0!(
0!+
1!,
0!-
1!.
1!/
1!0
0!2
1!3
1!4
0!6
1!7
1!;
1!<
0!=
#1802500
1%
0&
0'
1)
0+
1.
1/
10
01
12
13
05
06
19
0:
0;
1A
0C
1E
1M
0N
1!#
0!'
1!+
0!,
1!-
0!.
0!/
0!0
1!2
0!4
0!7
0!8
#1803500
1'
0)
0*
1+
1,
1-
0.
11
02
04
09
0=
0>
0B
0D
0E
0F
0G
1H
1I
0J
0K
0L
0M
1!'
0!)
0!*
0!+
1!,
0!-
1!.
0!5
1!6
1!7
1!8
0!;
0!<
#1804500
1(
1)
1*
0+
0,
0-
1.
0/
00
01
14
15
16
18
1<
0@
0A
1C
1F
0I
1M
1N
0P
1!(
1!)
1!*
0!,
1!/
1!5
0!6
0!7
1!:
1!;
1!=
#1805500
0!
0"
0#
0$
0%
0'
0(
1/
12
03
05
19
1:
1;
1=
1>
0C
1D
1I
1J
1O
1P
0!$
0!%
0!)
0!*
1!,
1!-
0!.
0!2
1!6
0!8
1!9
0!:
1!<
#1806500
1&
1'
0*
1+
1,
0/
13
04
15
06
0:
0=
0>
0?
1A
1C
0D
1E
0I
0J
1L
0M
0O
0P
1!$
0!&
1!)
0!,
0!/
1!0
1!2
0!3
1!4
0!5
0!6
1!7
1!:
0!;
#1807500
1(
0,
11
17
09
1:
1?
1@
1B
0C
0E
0!#
1!%
1!&
0!'
0!(
0!)
1!*
1!+
0!2
1!3
0!4
1!8
0!:
1!;
0!=
#1808500
1%
0&
0'
0(
0)
0+
1-
1/
10
01
02
03
14
05
16
07
08
19
0:
0<
1=
1>
0A
1D
1E
0F
0H
1I
0L
1!#
0!%
0!&
1!'
1!,
0!0
0!3
1!6
0!7
0!8
1!:
0!<
#1809500
1'
1*
1+
0-
0/
11
12
13
04
06
18
09
1:
1<
0=
0>
0?
1A
0B
1C
0D
0E
0I
1J
1K
1M
0!$
1!&
0!'
0!,
0!-
1!.
1!/
1!0
1!2
1!3
1!5
0!6
1!7
1!8
0!9
0!:
0!;
#1810500
1(
1)
1-
1/
00
01
03
14
16
17
08
0:
0;
0<
0@
0A
0C
1D
0J
1L
0!#
1!$
1!)
1!,
0!/
0!1
0!3
0!5
0!7
1!9
1!:
#1811500
1$
0%
0'
0(
0+
1,
0/
11
02
13
06
07
1<
1=
1?
1@
1A
1B
1C
0D
1F
1G
1J
0M
0N
1O
1!#
1!%
1!'
1!(
0!*
0!,
1!-
0!.
1!1
1!3
1!5
1!6
1!7
0!8
1!;
1!<
1!=
#1812500
1(
0)
0*
1+
0.
12
04
15
17
18
1:
1;
0<
1>
0?
0@
0C
0G
1H
1I
0J
0K
1M
1N
0!'
0!(
1!,
0!-
1!.
1!/
0!1
0!3
0!7
1!8
0!9
0!=
#1813500
1&
1)
1*
1.
03
16
07
19
1?
1@
0B
1G
0H
0I
1J
1K
0L
0!%
0!&
1!'
0!)
0!+
0!,
1!-
0!.
0!/
0!0
0!2
0!6
0!8
0!<
#1814500
1'
0)
0+
0,
0-
1/
10
01
14
05
17
08
0:
0=
0>
0?
1E
0F
0G
1L
0O
0!#
1!&
0!'
1!)
1!*
1!,
0!-
1!.
1!/
1!0
1!1
1!2
0!5
1!6
0!;
1!<
#1815500
1)
0*
1+
0.
00
11
04
15
18
1:
0;
1<
1>
0A
1B
1G
0J
0K
0!&
1!(
0!)
0!*
1!+
0!,
0!/
0!6
1!9
0!:
1!;
0!<
1!=
#1816500
1%
0&
0'
0(
0)
1*
0+
10
01
02
08
09
1;
0<
1A
1F
1H
1I
1J
0L
1!#
0!$
1!%
1!)
1!*
0!+
1!-
0!.
1!7
0!9
0!;
1!<
0!=
#1817500
1,
1.
0/
00
13
14
05
06
07
18
19
0:
0>
1?
0@
0B
0E
0F
0H
0J
1L
0M
1!+
1!,
0!-
1!.
1!/
0!0
0!1
1!4
1!5
0!7
1!8
1!9
#1818500
1!
1"
1#
0$
0%
1&
1(
0*
1+
0,
12
03
15
16
08
1:
1=
1@
1E
1J
1K
0!#
1!$
0!(
0!*
0!/
1!0
1!1
0!2
1!3
0!5
1!7
1!:
0!<
#1819500
1'
1)
1-
0.
11
13
17
18
0;
1C
1D
0E
0I
0J
0K
0L
1M
0N
0!%
1!&
1!*
0!+
0!,
1!5
0!8
0!9
0!:
1!;
#1820500
0#
1$
1%
1*
1,
0-
1/
10
01
02
04
05
06
08
1;
0?
1B
0C
0D
1E
1F
1I
1J
1L
1N
1P
1!#
0!$
0!&
1!(
0!)
1!/
0!1
0!3
0!4
0!7
1!9
1!<
#1821500
1#
0$
0%
0&
0'
0(
0)
1.
0/
11
03
15
16
18
09
0;
1<
0=
1>
1?
0@
0A
0B
1D
0E
0G
1H
0J
1K
0L
0!#
1!)
0!*
1!+
1!,
1!2
1!3
1!4
0!5
1!:
0!;
#1822500
1(
1)
1-
0.
1/
01
07
0<
0>
0?
1A
1B
1C
0D
1E
0F
0I
1J
0K
0N
1!#
1!%
1!'
0!)
0!+
0!2
0!4
1!7
0!9
1!=
#1823500
1'
0)
0*
0,
0-
0/
00
13
14
05
06
08
19
0:
1<
0C
0E
1F
1G
0J
1K
0!(
1!)
1!+
0!,
1!-
0!.
0!0
1!2
1!4
1!5
0!7
1!8
1!;
0!<
#1824500
1&
0(
1.
1/
11
03
04
17
18
1:
1;
0<
1=
1>
0A
0B
1C
0H
1I
1J
0K
1N
0!%
0!)
0!+
0!-
1!.
1!0
0!2
1!6
1!7
1!<
0!=
#1825500
1(
0.
0/
13
07
1<
0>
1?
1@
1B
1E
0I
1O
1!+
1!-
0!.
1!1
1!2
0!4
0!6
0!7
1!=
#1826500
1)
0+
1,
1/
10
01
12
03
14
17
09
0:
0<
0=
1>
0?
1A
0B
0F
1H
0J
1K
0M
0O
0P
0!#
0!+
0!/
0!0
0!1
0!3
0!5
1!7
0!<
0!=
#1827500
0#
1$
0)
1*
1.
00
11
15
07
08
19
1:
0;
1<
1=
0@
0A
1B
0C
1D
0E
1F
0G
1J
0K
1L
1P
1!#
1!*
1!,
1!0
0!2
1!4
1!6
0!7
1!9
1!<
#1828500
0"
0$
1%
0(
1+
1-
0.
0/
02
04
17
18
1;
0<
1?
1A
0B
0F
0H
1I
0J
1K
1M
0N
0!#
1!$
0!*
0!,
1!/
0!0
1!2
1!3
0!4
1!5
0!6
0!;
#1829500
1(
0*
0-
1.
12
14
0=
0>
1@
0D
1G
1H
1!#
0!'
1!(
1!*
1!+
0!/
1!1
0!2
1!4
0!5
1!6
0!8
0!9
0!:
#1830500
1$
0%
0'
1*
0,
1-
0.
1/
10
02
16
07
08
1C
0G
1J
0L
0M
1!%
1!)
0!*
1!,
0!-
1!.
1!/
0!1
0!4
1!8
1!9
1!:
1!;
#1831500
1'
0(
1)
0+
1,
0-
1.
00
01
12
13
06
17
0;
1=
1>
1B
0C
1D
1E
1F
1G
0I
1N
1O
0!)
1!0
1!2
0!3
1!5
0!6
1!7
0!8
0!9
1!=
#1832500
1%
0&
0'
0)
1+
1-
0.
0/
10
03
16
18
1;
0=
0>
0@
0D
0E
0J
1M
0O
0!#
0!,
0!0
1!1
0!2
1!4
0!7
#1833500
1(
1)
0+
0-
1.
00
13
04
05
06
09
1>
1@
1C
1E
0G
0H
0K
1L
0M
0N
0P
1!'
1!)
1!*
0!+
1!,
1!2
1!8
0!:
0!;
0!<
#1834500
0!
0$
0%
1'
0*
1+
0,
1-
1/
11
02
15
07
08
19
0:
0>
0?
0E
1H
1J
0L
1N
1P
1!#
0!*
0!,
1!3
0!4
0!5
1!7
0!8
1!9
1!;
#1835500
1&
0'
0(
0)
0-
0.
0/
01
12
03
16
18
1:
1=
1>
1?
0@
1D
1E
0F
1G
0H
1I
0J
1L
0N
0!%
0!'
1!*
1!+
0!2
0!3
1!4
1!6
0!7
1!8
0!;
0!=
#1836500
1%
0&
1-
1.
1/
10
11
02
14
06
1<
0=
0>
1@
0D
1F
1H
0I
1N
0!$
1!'
0!(
0!)
0!*
0!+
0!1
1!3
1!7
0!8
0!9
1!<
#1837500
0%
1)
1*
0-
0/
00
12
13
17
08
09
0:
0<
1=
0?
0@
0B
0C
1D
0E
0F
1K
0L
1M
0N
0P
1!$
1!%
1!&
0!'
1!)
1!*
1!+
1!,
1!-
0!.
0!/
1!0
1!1
1!5
0!7
1!:
1!;
0!<
#1838500
1'
0)
0*
0+
0.
01
02
03
04
05
16
18
19
1:
0;
1<
0=
1?
1@
1E
1F
0H
1I
1J
1L
0M
1O
0!&
0!,
0!-
1!.
0!1
0!3
0!4
0!5
1!7
0!;
#1839500
1&
0'
1.
10
11
12
14
15
09
0:
0?
0A
0D
0F
0I
0K
0L
0!%
1!&
1!'
0!)
0!*
1!-
0!.
1!1
1!2
1!4
1!8
0!:
1!<
#1840500
0&
1(
1)
1*
1+
1,
1-
01
13
04
05
06
1;
1>
1A
1B
1C
1I
0J
1K
1L
1N
0O
0!#
0!$
1!%
1!)
0!+
1!,
0!1
0!2
1!3
0!4
1!5
0!6
0!7
1!9
1!;
0!<
#1841500
1'
0(
0*
0-
0.
11
15
08
0<
1=
1?
0C
1D
0G
1H
0N
1!#
1!$
0!)
0!0
1!1
0!3
1!4
0!8
1!:
0!;
1!=
#1842500
1(
0)
1-
1/
00
01
03
05
18
1<
0=
0>
0?
0A
0E
1G
1J
0L
1M
1O
1P
1!*
1!+
0!,
1!/
1!3
0!4
0!5
1!7
1!8
0!9
0!:
1!;
1!<
#1843500
1%
0(
1*
0-
11
02
14
15
07
08
19
1=
1>
1?
1A
1E
0G
0I
0J
0M
1N
0O
0P
0!%
1!(
1!)
0!*
0!+
1!,
0!-
1!.
0!/
1!0
1!2
0!3
1!5
1!6
1!9
0!=
#1844500
1&
0'
0+
1.
01
13
04
18
1:
0;
0<
0>
0?
1C
0E
1G
0H
1L
1M
1P
1!%
1!+
0!,
1!-
0!.
0!2
1!3
1!4
1!:
0!<
#1845500
1'
1)
1+
0.
0/
11
12
14
05
08
0:
1;
1<
0=
1>
0@
0B
0C
0D
1F
0G
1H
1J
0L
0P
0!#
0!$
0!%
0!&
0!(
0!)
0!+
1!,
0!-
1!.
0!1
0!3
0!5
0!8
0!9
0!;
1!=
#1846500
1$
0%
0&
0'
0*
0+
1-
1/
01
02
04
16
0;
0<
1?
0A
1B
1C
1D
1E
1G
0H
0K
1O
1P
1!#
1!*
1!+
0!,
1!-
0!.
1!/
0!0
0!4
0!7
1!9
1!;
1!<
#1847500
1!
1#
1(
0)
0-
1.
10
11
03
15
09
1;
1<
1=
0>
0?
1@
0C
0E
1I
0M
0P
0!#
1!%
1!&
0!*
0!+
0!-
1!.
0!/
1!0
1!1
1!2
1!3
1!4
0!6
1!7
1!8
0!9
0!:
0!<
0!=
#1848500
1+
0,
1-
00
12
05
06
19
0<
0=
1>
0@
1A
0B
1C
0D
0F
1H
0I
0J
1K
1L
0O
1P
0!'
1!,
1!-
0!.
1!/
0!0
0!1
0!4
1!9
1!<
#1849500
1*
0+
0-
0/
02
13
16
17
0;
1=
1?
0A
1B
0C
1D
1F
0G
0H
1I
1J
1M
1O
1!#
1!'
1!)
0!/
0!3
1!4
1!5
1!6
0!8
1!:
0!;
0!<
1!=
#1850500
1)
1-
0.
1/
10
01
07
1;
0=
0>
0?
1@
1C
0D
1E
0F
1G
0K
0M
0P
0!#
1!$
0!%
1!(
0!)
1!*
1!+
1!1
0!4
0!7
1!8
0!9
0!:
1!;
1!<
#1851500
1&
0(
0)
1,
0-
1.
0/
11
15
17
18
1:
0;
1<
1=
1A
0B
0G
0L
1M
1P
1!#
0!$
1!%
0!*
0!+
0!,
0!-
1!.
1!/
1!0
0!1
1!4
0!6
1!7
0!8
1!:
#1852500
1(
0*
1+
00
03
14
06
1;
0<
1>
0@
0A
1B
0C
1D
0E
1G
1H
0I
0J
1L
0M
0N
0P
1!$
0!&
1!,
1!-
0!.
0!/
0!2
0!4
1!6
0!7
1!8
1!9
0!;
#1853500
1'
0+
0,
1-
10
12
13
08
0;
0=
1@
1A
0B
1E
0H
1I
1J
1K
0L
1M
1P
1!&
1!+
0!,
0!0
1!2
0!5
0!8
0!9
1!;
#1854500
1)
1*
1,
1/
01
03
04
05
16
18
1;
1=
0>
1?
0A
1B
0D
1F
0G
0P
0!#
0!(
0!+
1!,
1!/
0!6
1!8
0!=
#1855500
1%
0&
0'
0(
0)
0*
0,
0-
0.
0/
13
07
0:
0;
0=
0?
0@
1A
1C
0F
1G
1H
0K
1N
0!$
0!%
0!'
1!(
1!)
0!,
0!-
1!.
1!4
1!6
0!8
0!;
0!<
#1856500
1"
0#
1'
1(
1*
1+
1-
1.
1/
00
15
08
09
1:
1;
1<
1=
1@
0A
0B
1D
0E
0M
1!#
1!$
0!)
1!*
1!,
1!-
0!.
0!/
1!0
1!1
0!2
1!3
0!6
1!7
1!;
#1857500
0"
0$
0%
1&
0'
0*
03
06
17
19
0;
0=
1>
1?
0@
0D
1F
0G
1K
0O
1!)
1!+
0!,
0!1
1!2
0!4
0!7
1!8
1!9
0!:
#1858500
1%
0&
1)
1*
1,
0-
0/
10
13
14
16
07
18
09
1;
0>
1@
1B
1D
1E
0J
1L
1O
1P
0!)
0!*
1!,
0!-
1!.
1!/
0!0
1!1
0!2
0!3
1!5
1!6
1!7
0!8
0!;
#1859500
1#
0%
1'
0)
0*
0+
0.
1/
11
02
03
05
17
08
19
0;
0<
1>
0?
0@
0B
0C
0E
1G
0K
1M
0O
1!%
0!(
1!*
1!0
1!2
1!3
0!6
0!7
1!;
#1860500
1)
1*
1-
1.
00
01
04
06
0:
1<
0>
1?
1@
1B
1C
0D
1E
0F
0G
0H
0I
1J
1K
0M
1O
0P
0!#
0!,
1!4
0!5
1!6
1!8
0!9
#1861500
1&
0'
0)
0*
0-
0/
10
11
12
13
14
16
07
1:
0<
1=
1>
0?
0@
0B
0C
1D
1I
0J
0L
0N
0O
1P
1!#
0!+
1!,
0!0
0!1
0!2
0!3
1!9
#1862500
1'
0(
0,
00
02
15
06
17
09
0:
1;
1<
0=
1@
1C
0E
1F
1H
1J
0K
0P
0!%
0!,
1!0
1!1
1!2
1!5
1!7
1!:
#1863500
1%
0&
1*
1+
0.
1/
04
05
16
18
0<
0>
0@
1A
0C
0D
0F
0H
0J
1K
1L
1M
1P
0!#
1!%
1!'
1!(
1!)
0!*
1!+
1!,
1!-
0!.
0!/
0!0
0!1
1!3
0!6
0!9
0!:
1!<
1!=
#1864500
1)
0+
1,
1-
1.
0/
01
12
03
14
15
06
07
08
1:
0;
1<
1=
1?
1@
0A
1B
1D
1F
0K
1N
0!'
0!,
0!-
1!.
1!0
1!1
0!3
0!4
0!5
1!6
0!7
0!8
1!9
0!<
#1865500
0'
0*
1+
0,
0.
1/
10
04
05
16
0:
1;
0=
1>
0F
1G
1H
0I
1O
0P
0!%
1!*
1!,
1!-
0!.
0!0
1!7
1!8
0!9
1!:
0!;
1!<
#1866500
1"
1'
0)
1*
0+
1,
1.
11
02
13
14
15
19
0;
0@
1A
1C
1F
1J
1K
0L
0O
1P
1!#
0!&
0!(
0!*
0!,
1!/
0!1
1!3
1!5
0!:
0!=
#1867500
0"
1$
0%
1&
0'
0-
0.
00
05
06
18
1;
0<
1=
0>
1@
0C
1E
0F
0G
0J
1L
0M
0N
1!%
0!)
0!+
1!,
0!/
0!2
1!4
0!7
1!9
1!:
1!;
#1868500
1"
0#
1%
0&
1(
1)
0*
1+
0,
1.
0/
04
17
09
0;
0=
0?
0@
0A
1C
0D
0E
1F
1J
0L
1M
1N
1O
0!#
0!,
1!2
0!3
0!5
0!6
1!7
0!8
#1869500
1'
0(
0+
1,
1-
0.
12
14
16
07
19
1:
1<
1=
1A
0B
1D
1E
1I
0M
0N
0!$
1!&
1!)
1!*
1!+
1!,
0!-
1!.
1!/
1!0
1!5
1!6
1!8
0!9
0!:
#1870500
1(
0,
0-
1.
1/
10
01
08
1;
1?
1@
1B
0C
0J
0K
1M
1N
1!#
1!$
0!%
0!,
1!-
0!.
1!1
1!3
0!4
0!8
1!:
#1871500
1&
0'
0)
1*
1,
0.
0/
11
02
03
15
06
18
0;
0=
0@
0A
1C
0D
0F
0H
0I
1J
1K
1!%
1!(
0!)
0!+
1!,
0!/
0!0
1!4
0!6
0!7
1!9
0!:
0!;
#1872500
0"
1#
0$
1'
0*
0,
1-
01
12
13
04
05
08
09
0:
0<
1@
0B
0C
0E
1G
1I
0M
0N
0!#
0!%
1!'
0!(
1!)
0!,
0!-
1!.
1!/
1!0
0!2
0!3
0!5
1!6
1!7
1!;
0!<
1!=
#1873500
1$
0&
0'
1)
1+
1,
1.
1/
11
14
16
18
19
1>
0@
1A
1C
1E
0G
0I
0J
0K
1L
1!%
0!&
0!'
1!+
1!,
1!-
0!.
0!/
0!4
0!6
0!7
1!:
1!<
#1874500
1'
0)
1*
0+
0/
02
04
17
09
1;
1<
1=
0>
0?
1@
0A
1D
0E
1F
1I
1J
1K
1N
0O
1!#
1!&
0!0
1!6
1!7
0!9
0!<
0!=
#1875500
0!
0#
0$
0%
1+
0,
0-
0.
01
12
03
15
08
1>
1?
0@
1A
1B
1E
0K
1M
1O
0P
0!#
0!$
1!'
1!(
0!)
0!*
0!+
0!,
0!1
1!3
1!4
0!7
1!8
1!9
0!:
1!=
#1876500
1&
0'
1,
1-
1.
00
02
07
18
0?
1@
0C
1H
0I
0O
1!$
0!&
0!'
1!)
1!*
0!-
1!.
1!/
1!0
1!1
0!3
1!5
0!8
0!;
1!<
0!=
#1877500
1'
0(
0,
0-
1/
14
05
06
19
0;
0=
0@
0B
0F
1G
1I
0J
1K
0M
0N
1O
0!$
0!)
1!-
0!.
0!/
0!1
1!2
1!3
0!4
0!5
0!6
1!8
0!9
1!:
0!<
1!=
#1878500
1,
10
12
1:
1=
1C
0D
0E
1F
0G
0K
0L
1M
0!%
1!&
1!'
1!)
0!*
1!+
1!1
0!3
1!4
1!5
0!8
1!9
0!:
1!;
0!=
#1879500
1%
0&
1)
0*
1-
0.
0/
00
11
13
08
0=
0>
1?
1@
0C
1D
1E
1G
0I
1L
1N
1!#
1!%
0!(
1!*
0!+
1!,
0!-
1!.
0!1
0!2
1!3
0!9
1!=
#1880500
1&
0'
1*
1/
10
01
15
16
18
0:
1=
1B
0D
0E
0G
0H
1J
1K
0N
0O
0!#
0!%
0!&
0!)
0!*
1!+
0!,
1!2
0!4
0!5
1!6
1!9
1!:
0!;
1!<
#1881500
1$
0%
0&
1(
0)
0*
0+
0,
0-
1.
11
05
08
09
1:
0<
0?
0A
0B
1I
0K
0L
1N
1P
1!%
1!&
1!)
0!+
1!,
1!/
1!1
1!4
1!5
0!:
1!;
#1882500
1&
1)
1,
1-
0.
0/
01
02
04
0:
1;
0@
1C
1D
0F
1H
0J
1L
0N
0!'
0!)
0!,
1!-
0!.
0!/
0!1
1!8
1!:
0!<
#1883500
1'
0)
1+
0,
0-
11
03
14
15
18
19
1:
1<
1>
1?
1B
1E
1F
1J
1!$
0!%
0!&
1!*
1!,
1!/
0!0
0!2
0!4
0!5
0!6
1!7
0!;
1!<
#1884500
1%
0&
0'
1*
0+
1,
00
13
05
06
17
09
0:
0;
0<
0=
0>
0?
1A
0B
0C
0D
0E
0F
1G
0!$
1!%
1!'
0!*
1!+
0!,
1!2
0!7
1!;
#1885500
1&
1-
1/
12
03
04
15
16
07
08
1:
1;
1<
1=
1>
1?
1C
1E
1F
0I
0J
1K
0L
0M
0!%
1!)
1!*
1!,
0!-
1!.
1!0
1!1
1!4
1!6
1!7
0!9
0!:
0!<
#1886500
1#
0$
0%
0&
0*
0,
1.
0/
01
02
17
19
0;
0>
1B
0F
0G
1J
1L
1N
1!#
1!%
0!)
0!,
1!-
0!.
0!/
0!0
0!1
0!2
0!4
1!5
0!6
0!7
#1887500
1)
1+
1,
0.
1/
13
18
1>
1@
0A
0E
1G
0H
1I
0!#
0!%
1!&
1!)
0!*
0!+
1!,
0!-
1!.
1!0
1!1
1!2
0!3
1!4
0!5
1!9
1!<
0!=
#1888500
1'
0(
0,
0-
0/
10
11
12
14
05
06
08
09
0:
0<
0=
0>
0@
1E
0!&
0!'
1!*
1!+
1!-
0!.
0!2
1!3
0!4
1!7
0!9
1!=
#1889500
1&
0'
0+
1-
00
01
04
16
1:
1<
1@
0B
0C
1D
0E
0I
0J
0K
0L
1M
1!&
0!*
0!,
0!0
0!1
1!2
1!4
1!5
1!6
0!7
0!8
1!:
0!;
0!<
#1890500
0#
0&
1/
14
15
07
0<
1>
0@
1A
1C
1E
1J
1K
1L
1O
1!#
1!$
1!%
0!&
1!(
1!,
0!-
1!.
1!/
1!0
1!1
0!2
0!3
0!6
1!7
1!8
0!:
1!;
1!<
0!=
#1891500
1&
1*
10
06
17
18
19
1<
0?
1@
0A
1B
0E
1F
0J
0K
0M
0N
0O
0P
0!%
1!&
1!'
0!)
1!*
0!+
0!,
1!-
0!.
0!/
0!1
1!2
0!4
0!5
0!8
1!9
0!;
0!<
#1892500
1'
0)
1+
1,
04
05
16
08
09
1;
1=
0>
1?
0C
0F
0G
1H
1I
1J
0L
0!&
0!'
1!+
1!/
0!0
0!2
1!3
1!5
1!6
0!7
1!8
0!9
1!<
1!=
#1893500
0'
1(
0*
0-
1.
0/
00
11
02
03
14
15
07
19
0:
0=
0D
1E
1F
0J
1!'
1!)
0!+
1!,
0!/
0!3
1!4
0!5
1!9
1!:
0!<
#1894500
1*
0,
1-
0.
01
05
06
18
1:
0<
1=
1>
0?
1A
0B
1C
0F
1K
1N
1O
0!#
1!%
1!&
0!,
0!-
1!.
1!/
1!0
1!1
1!2
1!3
1!5
0!6
1!7
0!8
0!9
1!;
#1895500
1'
0*
1,
0-
1/
11
13
16
17
08
0:
0;
1<
0=
1?
0@
1B
0C
0E
1F
1G
1J
1L
1M
1P
0!$
0!'
1!+
1!,
1!-
0!.
0!0
0!1
0!2
1!6
1!9
0!:
0!;
1!<
#1896500
0&
0'
0(
1*
1.
0/
03
04
09
1;
1=
1@
0A
1C
1D
1E
0G
0K
0N
0O
1!#
0!&
1!'
0!(
0!-
1!.
0!/
1!0
1!1
1!2
0!3
0!4
0!5
0!6
0!7
1!8
0!9
1!;
0!<
#1897500
1'
1(
1)
0,
0.
1/
10
12
07
18
1:
0;
0<
0=
0@
0B
0D
0E
0F
0H
0I
1K
0L
0M
1O
0P
0!#
1!&
0!'
0!)
0!+
1!/
0!1
1!5
1!6
1!7
1!9
1!:
0!;
1!<
0!=
#1898500
0'
0(
0)
0+
1,
1-
02
13
15
17
08
19
0:
1;
1@
1B
1D
1F
1G
1H
1M
0O
1!)
0!,
0!/
1!1
1!3
0!5
0!8
0!:
#1899500
1&
1)
0-
1.
00
12
14
07
18
09
1=
0>
0?
0@
1A
0B
0C
0D
1E
0H
0J
0M
1!#
0!%
0!&
1!'
1!(
0!)
1!,
0!2
0!3
0!6
0!7
1!8
0!9
1!:
1!=
#1900500
1%
0&
1(
0*
1-
0.
0/
02
03
05
06
17
08
19
1:
0=
1?
1@
0A
1B
1C
1D
0G
1M
1O
0!#
1!$
1!%
1!)
0!,
1!/
0!1
1!5
1!6
1!9
#1901500
1'
1.
1/
01
12
04
15
16
07
18
09
0:
0@
0B
0D
0E
1G
1H
1J
0K
1L
0M
0O
1P
1!#
0!)
0!*
1!+
1!,
1!-
0!.
0!/
1!1
0!8
0!9
1!;
#1902500
0%
0'
0)
1*
1+
0,
0-
0/
02
13
14
05
08
1:
1<
1>
0?
1@
1B
1D
0G
0H
1K
0L
1M
1O
0!$
0!'
0!,
1!4
0!6
1!7
0!:
0!;
0!<
#1903500
1'
0(
0*
0+
1,
1/
11
03
04
15
17
18
19
0<
1=
0>
0@
0B
0C
1E
1H
1I
0J
1L
1N
0!%
1!&
1!'
0!(
1!)
1!*
1!,
0!0
0!1
0!4
0!7
1!8
1!9
#1904500
1&
0'
1(
1)
1*
0,
0.
01
14
06
07
0=
1>
1C
0D
0F
1G
0K
0L
0N
0!#
0!,
1!0
1!3
0!5
1!6
1!7
0!8
0!9
#1905500
1+
1-
1.
10
12
13
05
0:
1?
1@
1B
0C
1D
0E
0G
0H
0I
1!#
1!$
0!+
1!,
1!2
1!4
1!5
#1906500
1%
0(
0)
0*
0.
02
03
15
16
17
08
09
1<
1=
0?
1A
0B
1F
1I
1K
0!#
0!$
1!%
0!&
0!,
0!-
1!.
1!/
0!0
0!3
0!6
1!9
1!:
1!;
#1907500
1'
1(
1*
1,
0/
00
11
13
06
07
18
19
1:
0;
0<
0=
0>
0@
1B
1E
0F
1G
1J
1!#
0!*
1!+
1!,
1!0
0!2
0!7
0!9
#1908500
0%
0&
1)
0*
0,
1/
10
03
16
17
08
1;
1<
1>
1@
1L
0M
0O
0P
0!#
0!'
0!)
0!,
1!-
0!.
0!0
1!2
1!3
1!8
1!9
0!:
1!<
#1909500
1&
0(
0)
1*
0+
0-
01
13
04
05
06
07
09
0;
0<
1=
0>
0@
0A
0D
1F
0G
1H
0I
0J
0K
1M
1O
1!#
0!%
1!)
0!+
1!,
0!/
0!2
0!5
0!8
0!9
#1910500
1)
0*
1+
1.
17
18
0:
1<
0=
1>
1?
1D
0E
0H
1I
1K
0M
1N
0!#
1!$
1!'
1!(
0!,
0!-
1!.
1!/
1!0
1!1
0!3
1!6
1!8
1!9
0!<
0!=
#1911500
1%
0&
0'
0)
1,
0/
12
15
07
08
19
0>
0?
1E
0F
1H
0K
0L
0N
1!#
0!$
1!%
1!&
0!(
0!)
1!*
1!+
1!,
0!/
1!5
0!8
1!:
0!;
1!=
#1912500
1&
1(
1)
1*
1-
00
11
17
18
09
1;
1?
1@
1C
0D
0E
0I
1J
1K
1M
0O
1P
1!$
1!)
0!*
0!+
0!,
1!-
0!.
1!/
0!0
0!1
1!2
0!4
0!5
0!6
0!9
0!:
1!;
1!<
#1913500
1!
0%
0&
1'
0(
0+
0,
0-
1/
01
02
03
07
08
1:
0;
0<
1>
0?
0@
1A
0B
0C
1E
1G
0H
0K
0M
1N
0P
0!$
0!)
1!+
1!,
0!-
1!.
1!0
1!3
1!4
1!7
1!8
1!:
#1914500
1&
0'
0)
0*
11
13
05
16
0:
1@
1B
1D
1F
0G
1H
1I
1K
0N
1O
0!#
1!$
0!&
0!'
1!)
0!+
0!,
0!2
1!5
1!6
0!7
0!8
0!;
#1915500
1+
0.
03
14
15
06
18
1;
1<
1=
0>
1?
0A
0B
0D
0F
0I
0K
1L
1N
0O
1!#
0!%
1!'
0!)
1!*
1!,
1!-
0!.
0!/
0!0
1!1
0!4
0!5
0!6
1!8
#1916500
1%
0&
0+
1-
1.
0/
16
0;
0<
0@
1A
1B
1D
1G
0H
1M
1O
0!,
0!-
1!.
1!/
0!3
1!4
1!6
#1917500
1,
0.
10
05
08
19
1:
0=
1>
1@
0A
0D
0E
0J
0L
0N
0O
1!%
1!&
1!,
1!-
0!.
0!/
1!0
1!3
0!4
1!7
1!9
1!;
0!<
#1918500
1"
1&
1'
1(
0,
0-
1.
1/
01
12
13
17
18
09
0:
1;
1=
0@
1C
1F
1H
1I
1J
0M
1N
1P
0!%
0!*
0!,
0!1
1!2
0!3
1!4
1!5
0!8
0!:
0!;
#1919500
1*
1+
0.
0/
11
03
04
08
19
1:
0>
1D
0F
0H
0I
0J
1K
1L
1M
0N
1O
1!%
0!&
1!)
1!*
1!+
1!,
0!-
1!.
0!2
1!3
0!9
1!<
0!=
#1920500
1$
0%
0'
0(
1)
0*
1,
1-
1/
00
01
02
15
07
18
09
0:
0=
1@
1A
0C
1E
0G
1H
0L
1N
0O
0P
0!%
0!'
0!)
0!,
1!/
1!1
0!3
0!5
1!8
1!9
0!<
#1921500
1%
0&
0)
0+
0-
0/
12
14
05
06
17
19
0;
1<
1>
0?
0@
1C
0D
0E
1G
1J
1L
0N
1P
1!)
0!*
1!,
0!0
0!1
1!2
1!3
1!5
0!9
1!:
1!;
1!<
#1922500
1&
1(
1)
1+
1/
10
11
02
04
15
16
07
0<
1=
0>
1?
1@
0A
1D
0!$
1!%
1!'
1!*
0!,
0!/
1!0
1!1
0!3
0!4
0!5
1!9
0!:
0!<
#1923500
1'
0(
0)
1*
0+
0/
00
05
09
1;
1<
1>
0?
0@
0D
0G
0K
0L
0M
1N
0!)
1!,
1!/
0!0
1!3
1!4
1!5
0!7
0!8
0!9
1!:
1!<
#1924500
0!
0"
0$
0%
0&
0*
1+
0,
1.
0;
0<
0>
0B
0C
1F
1G
1I
1K
1L
1O
1!(
1!)
0!,
0!/
1!0
0!2
0!4
0!5
0!6
1!7
0!:
1!=
#1925500
1(
1*
0+
1-
0.
1/
13
15
17
19
1<
1>
1?
1@
1A
1B
1E
0F
0H
0J
0K
1M
0N
0O
0!#
0!+
1!,
1!-
0!.
0!0
1!2
1!5
0!7
1!8
#1926500
1&
0(
1,
1.
10
01
03
14
06
07
09
1;
0<
0=
0A
0E
1F
1H
0I
1K
0L
0M
1O
0P
1!#
1!$
0!*
1!+
0!,
1!0
0!1
1!4
0!5
1!6
1!7
1!9
0!<
#1927500
1%
0&
0'
1(
0*
11
12
13
16
08
19
1:
0;
1<
0>
0?
1D
0F
0G
0H
1P
0!#
1!&
0!'
0!)
0!-
1!.
1!/
0!4
0!6
0!7
0!8
0!9
1!:
0!;
1!<
0!=
#1928500
1&
0(
1*
00
05
06
17
18
0:
1;
1>
1?
0@
1A
0B
1G
1H
1J
0K
1M
1N
0O
0P
1!#
0!&
1!)
1!*
1!-
0!.
0!/
0!0
1!1
0!3
1!4
1!5
1!6
1!8
1!9
0!<
1!=
#1929500
1$
0%
0&
1(
0*
1+
0/
01
04
15
07
0<
1=
0>
0?
0A
1I
1K
1L
0N
1O
0!*
0!+
1!,
0!-
1!.
1!/
0!1
0!2
1!3
0!4
1!;
#1930500
1&
1'
0(
1)
1*
0+
0,
10
05
0;
0=
1>
1?
1@
1A
1B
0I
0M
0!%
0!,
1!0
1!1
1!4
0!6
1!7
0!:
#1931500
0$
0&
0'
0)
0*
1,
00
11
03
16
08
1;
1<
0>
0?
0@
1C
1E
1F
0G
0H
1I
0J
0O
0!#
1!*
1!,
0!/
0!1
0!3
0!5
1!6
0!7
0!8
1!<
#1932500
1'
1(
1+
0-
0.
1/
10
06
09
0;
1?
1@
0B
0K
1!#
1!%
1!'
0!*
0!,
1!-
0!.
1!/
0!0
1!1
1!2
1!8
1!:
0!<
#1933500
1&
0'
0(
1*
1-
1.
01
02
18
1:
1;
0?
0@
0A
1B
0D
0E
0F
1G
1H
0I
1J
0!#
1!&
0!(
0!)
1!+
1!,
0!-
1!.
0!2
1!3
0!4
1!5
1!7
0!9
0!;
0!=
#1934500
0&
1'
1(
1)
0+
0,
0.
0/
00
13
16
0<
1=
1?
1@
0B
1D
1E
0G
1I
1K
1O
1P
0!$
1!(
1!)
1!*
0!+
0!,
1!-
0!.
1!0
0!1
1!2
0!6
0!7
0!8
0!:
1!<
1!=
#1935500
1%
0'
0*
1+
1,
0-
1.
03
14
06
0;
1<
1A
0E
0K
0P
1!#
0!'
0!(
0!)
1!,
0!/
0!0
0!3
1!4
0!5
1!6
1!8
1!:
1!;
#1936500
1&
1*
0+
0,
1-
11
13
04
19
0:
1>
0?
0@
0A
0C
1F
1G
0I
0J
1K
1N
1P
0!%
0!&
1!'
0!,
1!3
0!4
0!6
1!7
1!9
0!:
0!<
#1937500
1!
1"
1#
1$
0(
0)
1,
0.
1/
10
01
12
15
16
17
09
1:
1?
1A
1C
1E
0F
0G
0H
0N
0P
1!$
1!&
1!)
1!+
1!,
1!0
0!2
0!3
1!6
0!8
0!;
#1938500
1'
1(
0*
1+
1.
03
14
05
07
08
1;
0=
0>
0?
0C
0D
0E
1G
1H
1I
0K
0L
1M
0O
1P
0!#
0!$
1!%
0!&
0!*
0!+
0!0
1!3
1!4
0!7
1!:
0!=
#1939500
0!
0"
0#
0$
0%
0&
0'
1)
0+
0,
0/
11
02
04
15
17
0;
0<
1=
0A
1C
1D
0H
1J
1L
0M
1N
1!$
1!*
1!+
0!-
1!.
1!/
1!0
1!2
0!4
1!5
0!6
1!7
0!9
0!:
1!;
1!<
1!=
#1940500
1'
0(
0)
1,
00
12
19
1;
1B
1F
1H
0I
0J
0L
0N
1O
1!(
0!*
0!,
0!0
0!3
0!7
1!8
1!9
0!;
0!=
#1941500
1&
0'
1(
1)
0,
0-
0.
1/
10
01
02
13
14
07
18
09
0:
0;
1<
1?
1@
0B
0C
1E
0G
1I
1J
1K
1L
1N
1!#
0!$
0!%
0!+
1!,
1!0
1!3
0!5
1!6
0!8
1!:
#1942500
1%
0&
1'
0(
1*
1+
1,
1.
0/
00
12
03
04
05
06
1;
0=
1>
0@
1C
0E
0F
0H
0I
1M
0O
0P
0!#
1!$
1!&
0!(
0!,
1!1
0!2
1!4
0!6
1!7
1!8
1!;
1!=
#1943500
1(
1-
0.
13
14
16
08
0<
1=
1B
0C
1E
0J
0K
0M
1O
1P
1!#
1!-
0!.
0!0
1!2
0!3
0!7
0!8
0!9
0!=
#1944500
1!
1#
0%
0'
0)
0*
0,
0-
1/
11
03
06
17
1<
0=
0>
1@
1A
0B
0E
1F
1G
1I
1J
0L
1M
0!#
0!$
1!%
1!*
1!,
0!-
1!.
1!0
0!4
1!5
1!6
1!8
1!9
0!:
0!;
#1945500
1&
0(
1)
1-
13
16
07
18
19
0;
1>
0@
0A
0D
0F
0J
1K
0M
0N
0O
0P
1!$
0!%
0!&
0!'
1!(
0!)
1!+
0!,
0!0
0!1
0!2
1!3
1!4
0!8
1!:
1!=
#1946500
1'
1(
0+
1,
1.
10
03
04
15
17
09
1;
0<
0?
1A
1B
1C
1E
1F
0G
1H
1J
1L
1N
1P
1!#
1!%
1!&
1!)
1!-
0!.
0!/
1!0
1!2
0!6
1!;
0!=
#1947500
1%
0&
0(
0-
0.
0/
00
01
13
14
06
08
19
0>
1@
0A
0C
0F
0H
0J
0K
0L
1M
1O
0P
0!#
0!$
0!%
0!&
1!'
0!*
0!+
1!,
0!0
0!2
1!6
1!7
0!:
0!<
#1948500
1&
0'
1(
1*
1+
1-
11
03
16
18
09
0;
1=
1>
1?
1C
0E
1G
1H
0I
1L
0N
1!$
1!%
1!&
0!)
1!*
1!+
1!2
0!3
0!4
0!6
0!7
0!9
1!:
0!;
1!<
1!=
#1949500
0!
0#
0%
0&
0(
0*
0,
1/
10
02
04
05
07
1;
0=
0@
0B
0C
0G
0H
1J
1K
0O
0!%
0!+
0!,
0!2
1!3
1!6
1!7
1!8
1!9
0!:
#1950500
1&
1*
1.
0/
14
06
08
1:
1B
1D
1F
1I
1!%
1!)
1!,
0!-
1!.
1!/
1!1
1!4
0!5
0!9
#1951500
1%
0&
1(
1,
0.
1/
01
12
04
17
0:
0;
1=
0>
1E
0F
1H
0I
0J
1N
0!&
0!'
0!(
0!)
0!*
0!,
1!-
0!.
0!/
1!0
0!1
1!2
1!5
0!8
1!9
0!<
#1952500
1&
0*
0,
1.
0/
00
11
02
14
15
07
19
1:
1;
0=
1>
0?
1@
1A
0D
0E
1G
1I
1J
0L
0N
1!#
0!$
1!&
1!*
1!,
0!0
1!1
0!7
0!9
#1953500
1'
1,
0-
0.
01
12
13
09
0:
0;
1<
1=
0>
1?
0A
1F
0G
0I
0J
0K
1L
0M
1O
0!#
1!$
1!(
1!)
1!+
0!4
0!5
1!8
1!:
#1954500
1$
0%
0&
0(
1*
0+
0,
1.
03
04
05
16
17
19
1;
0<
0B
1E
0H
1I
1J
1N
0O
1P
0!$
0!&
1!'
0!(
0!)
0!*
0!-
1!.
0!2
0!3
1!5
0!6
1!7
0!8
1!;
1!<
#1955500
1(
1-
02
18
0;
1<
0=
1>
1B
1C
0E
1G
1H
0I
0J
0L
0N
1!)
1!*
0!,
1!-
0!.
1!4
0!7
1!8
1!9
0!:
0!<
#1956500
1/
11
12
13
08
09
1;
0@
0C
1D
0F
0G
0H
1I
1K
1L
1N
0!*
1!/
1!0
1!3
0!5
0!;
0!=
#1957500
1&
0.
0/
01
02
18
19
0<
1=
0?
1@
1C
1G
0I
1J
1O
0!%
0!'
1!(
1!*
0!1
1!2
0!4
1!6
0!8
1!<
#1958500
1,
0-
12
14
07
09
1:
1<
0=
0>
0@
0B
0D
1F
1H
1I
0K
1M
0N
0P
1!%
1!'
0!(
0!0
0!2
1!5
0!6
1!7
1!;
#1959500
1!
0$
0'
0)
1+
0,
1-
1.
1/
11
04
06
17
08
19
0:
0;
0<
1@
1A
1B
0F
0H
0J
1K
0L
1N
0!%
0!'
0!)
0!+
1!,
0!-
1!.
0!/
1!0
1!2
1!6
0!7
1!8
0!9
1!:
0!<
#1960500
1,
0-
0/
10
01
02
03
14
15
07
09
1:
1;
1>
0B
0C
1F
1H
0I
0K
0O
1P
1!#
1!'
1!)
0!,
1!-
0!.
0!0
0!2
1!4
1!7
0!:
0!;
1!<
#1961500
0!
0+
1-
1/
00
16
17
19
0:
1<
1=
1?
0@
0A
1C
1D
0H
1L
0P
0!#
1!%
1!&
0!)
1!+
1!,
0!-
1!.
1!/
1!1
1!2
0!3
0!4
0!5
1!9
1!;
#1962500
1%
0&
1'
0(
0,
0-
0/
11
12
13
1:
0;
0>
1@
0D
0F
1H
1K
0M
0!&
0!+
0!,
0!/
1!0
0!1
0!2
0!7
0!9
0!;
0!<
#1963500
0%
1(
1-
01
02
04
05
06
09
1;
0<
1>
0?
1A
0C
1F
0G
0H
1I
1M
0N
0!'
1!,
1!/
0!0
1!1
1!2
1!3
1!4
1!5
1!9
1!:
#1964500
1&
0'
0(
1)
0*
1+
0-
1/
10
15
19
1?
0A
1C
1D
0F
1H
0I
0M
1!)
0!*
0!,
0!2
0!4
0!5
0!6
1!7
0!8
1!;
#1965500
1(
0)
1*
0+
00
16
07
18
0;
1<
0>
0?
1A
1B
0D
1E
1F
1G
0K
1M
1!(
0!)
1!*
1!0
0!3
1!5
1!6
0!7
0!;
#1966500
1'
0(
0*
1+
1,
0/
10
11
03
14
05
17
08
1;
1>
1?
0C
0E
0G
0H
1I
1J
1K
0L
0M
1N
1!&
1!'
1!)
0!*
1!,
0!0
1!2
1!3
0!6
0!9
1!;
1!<
#1967500
0&
0'
1(
0+
0,
00
06
07
18
0=
0?
1C
1D
1E
0F
1G
0J
0K
0N
0!%
1!*
1!+
0!,
0!/
1!0
0!5
1!6
1!7
0!<
1!=
#1968500
0(
1+
1,
1-
0.
10
16
08
09
0:
0;
0>
1?
0@
0C
1F
0G
1H
0I
1J
1L
1M
1N
0!&
0!'
0!*
1!,
1!/
0!1
1!5
1!8
1!<
#1969500
1'
1(
0+
0,
1.
12
13
04
17
1:
1;
1>
0A
0B
0E
0H
0N
1!%
0!)
0!,
0!/
0!0
1!1
0!2
0!3
0!6
0!7
0!:
0!;
0!<
#1970500
0'
1)
1+
1,
0-
0.
1/
01
03
15
18
19
0:
0;
0<
1=
0>
1@
1B
1E
0F
1H
1I
0J
1K
0L
0M
1!&
1!*
1!,
1!-
0!.
1!0
0!1
1!2
0!5
1!7
0!8
#1971500
1&
1'
0(
0)
1*
0+
1-
1.
0/
11
02
14
05
06
1:
1;
1<
0?
0@
1A
1C
0D
0E
1F
1G
0H
0K
1M
1P
0!%
0!&
1!'
0!(
0!*
0!,
0!0
0!2
1!5
0!7
1!<
0!=
#1972500
1%
0&
0'
0.
12
04
15
07
08
0:
0;
1>
0B
0C
1D
0F
0G
0I
1K
0M
1!)
1!,
0!-
1!.
1!/
1!1
1!2
1!6
1!9
1!:
#1973500
1&
1)
0,
0-
1/
00
01
02
13
14
16
17
18
09
1:
1;
0=
1@
0A
0D
1E
1G
1I
1J
1M
1N
0!'
1!0
1!3
1!4
0!5
0!6
1!7
1!8
1!;
0!<
1!=
#1974500
1'
0)
1+
1-
1.
0/
10
12
03
04
06
07
08
19
0:
0>
1?
0E
1F
0G
1H
0J
0K
0M
0N
1O
1!$
0!)
0!,
0!1
0!2
0!3
1!6
0!8
0!:
#1975500
1(
0*
13
16
17
09
1>
1A
1B
1D
1E
1G
0H
1N
0!$
1!%
1!&
1!'
1!)
1!*
0!+
1!,
1!-
0!.
0!/
1!2
1!3
1!:
1!<
#1976500
1!
1$
0%
0'
0(
0.
00
03
14
06
07
1:
0<
0?
0D
0E
0F
1H
0I
1J
1M
0P
0!)
0!*
0!,
0!0
1!1
0!2
0!3
0!4
1!5
0!7
0!9
0!;
#1977500
1"
1#
1%
0&
1*
0+
11
02
17
19
0:
0;
1<
0@
0A
1C
1E
0H
1L
0M
0N
1P
0!&
0!'
1!)
1!+
1!,
0!-
1!.
1!/
1!4
0!6
1!7
1!9
0!:
0!<
#1978500
1'
1(
1+
1,
1.
05
07
18
09
1:
1;
1?
1A
0B
0C
0E
1I
1K
0L
1M
0P
1!(
0!)
0!,
0!4
0!5
0!7
1!8
0!9
1!:
0!=
#1979500
1)
0*
0+
0.
10
01
13
15
17
19
0;
1=
0>
0?
0A
1D
1E
1F
1H
0J
0K
1L
0M
0O
1P
0!%
1!*
1!,
0!/
1!0
0!1
1!2
1!4
1!5
1!7
1!9
1!;
1!<
#1980500
0!
0"
0#
0$
0%
0'
0(
1*
1+
0,
0-
12
04
07
0<
0=
1@
1A
0E
0F
0G
0H
0I
1K
0L
1M
0P
1!#
1!%
0!+
0!,
1!-
0!.
1!3
0!4
0!5
0!;
0!<
#1981500
1'
0+
1-
1/
00
05
08
09
1<
1>
1?
0@
0A
1G
1H
0K
0M
1N
0!#
0!%
1!&
1!'
0!(
1!)
1!+
1!,
1!1
0!3
1!6
1!<
1!=
#1982500
1&
0'
1+
02
14
15
16
17
18
19
0:
0<
1=
0>
1@
0D
0G
0H
1I
1K
1L
1M
1O
1!%
0!)
0!+
0!,
0!0
0!2
1!3
1!4
1!5
0!6
0!7
0!<
#1983500
1%
0&
1'
0-
0/
10
11
12
03
06
07
08
09
1;
1<
1>
0?
0@
1A
1B
1F
1H
0I
0L
0N
0O
1!#
1!$
0!%
0!&
0!*
1!,
0!-
1!.
1!0
0!3
0!4
0!5
1!7
0!8
0!9
1!;
0!=
#1984500
1(
0)
0*
0+
1-
1.
1/
00
02
13
04
18
0;
1?
1C
1D
0F
1G
1I
1J
0K
1L
1!+
0!0
0!1
1!3
1!4
1!5
0!7
1!9
0!;
1!<
1!=
#1985500
1&
0(
1,
0.
01
03
05
16
17
1:
0<
0=
0?
0A
0C
0D
1E
0L
0M
0!#
0!'
1!)
0!,
1!/
1!0
0!4
1!6
1!7
0!:
#1986500
1$
0%
0&
0'
1)
1+
0/
11
13
07
08
19
0:
1A
0B
1F
0G
0I
0J
1L
1O
1!#
0!$
1!%
0!)
1!,
0!/
1!1
1!2
1!4
0!5
0!7
0!9
#1987500
1!
1"
1#
1%
1*
0-
1.
10
12
06
17
18
1:
1;
1=
0A
1D
0E
1G
0H
1I
1K
0L
1M
1N
0O
1P
0!#
1!)
0!,
1!-
0!.
0!0
0!1
0!2
0!4
1!5
1!9
1!;
0!<
#1988500
1(
0*
1-
1/
00
01
02
03
16
07
08
0:
0;
0=
0>
1?
1A
1B
1E
0G
0I
1L
0M
1O
1!&
0!)
1!*
0!+
1!,
1!2
1!4
1!8
1!:
1!<
#1989500
10
12
14
06
18
1:
1<
1=
0?
0A
1C
0F
1G
1I
1J
0K
0L
1M
0O
0P
0!&
1!+
0!,
0!-
1!.
1!/
1!0
1!1
0!5
0!6
1!7
0!9
0!:
0!;
#1990500
1&
1'
0(
0)
0+
0,
02
13
17
09
0<
1>
0E
1F
0J
1K
1L
0M
1!&
1!(
0!*
1!,
1!-
0!.
0!0
0!1
0!3
0!4
1!5
1!:
1!;
0!<
0!=
#1991500
0%
0'
1)
1+
0-
0.
12
04
15
16
19
1;
1<
1?
0D
1E
1H
0I
1J
0N
1P
0!%
1!'
1!)
0!+
0!,
0!-
1!.
0!/
1!0
1!1
0!2
1!3
1!4
0!5
1!6
1!9
0!;
1!<
#1992500
1'
1*
0+
1,
1.
0/
11
02
14
0=
1@
0B
0C
0F
1I
0K
1M
1O
0P
0!'
0!)
1!*
1!,
1!-
0!.
1!/
0!4
0!6
0!8
1!;
0!<
#1993500
0#
1%
0'
1+
0,
00
01
12
03
04
08
0:
0>
0@
1A
1C
1D
1F
0G
1K
0L
0M
1!%
0!&
1!)
0!*
1!+
0!0
0!1
0!3
1!4
1!6
0!9
0!:
0!;
1!<
1!=
#1994500
1'
1(
0*
0+
1-
1/
11
14
05
06
07
09
1:
0<
0A
1B
0C
0F
1G
0I
0J
1L
1M
0O
1P
0!%
1!'
0!)
1!*
0!,
1!1
1!2
1!3
0!4
1!5
1!8
0!<
#1995500
1#
0$
0%
0&
0'
1*
1+
0-
0/
02
15
17
19
0:
1=
1@
1C
0E
1F
0G
0K
0P
0!'
0!+
1!,
0!/
0!2
1!4
0!6
1!9
1!<
#1996500
1'
0(
0)
1-
10
01
12
07
1<
1>
0B
0C
0D
1G
1K
0L
1N
1O
1P
1!#
1!%
1!&
1!+
0!,
1!0
1!2
0!4
0!5
1!6
0!7
0!8
0!9
1!;
0!<
#1997500
1%
1)
0*
1/
00
02
17
09
1:
0<
0>
0?
1A
1B
1C
1D
1E
0G
1I
0K
1L
0M
0N
0P
0!#
1!$
0!%
0!&
1!'
1!,
0!2
0!3
1!4
1!5
1!7
1!8
1!9
#1998500
0"
0%
1&
1,
0.
11
04
05
19
0:
0;
1>
1?
0E
1G
0I
1J
0L
1M
0!$
1!&
0!(
1!)
0!+
0!-
1!.
1!/
1!3
0!6
0!7
0!8
1!<
