$timescale 1ps $end
$scope module macro_bench $end
$var wire 27 ! a_in $end
$var wire 18 " b_in $end
$var wire 48 # c_in $end
$var wire 1 $ clk $end
$var wire 27 % d_in $end
$var wire 2 & mode $end
$var wire 1 ' ser_en $end
$var wire 1 ( ser_in $end
$var wire 5 ) tap $end
$var wire 16 * x_in $end
$var wire 16 + y_in $end
$upscope $end
$enddefinitions $end
#0
b001000100110010110110001111 !
b100100011011011101 "
b110011010110000111011000111100010110101011011111 #
0$
b110000111000011010111011110 %
b00 &
0'
0(
b01111 )
b1100001011001110 *
b0111001100010001 +
#500
1$
#1000
0$
b011110001110010100010000011 !
b101001101100111011 "
b110010011110100101100001001011100111011010010110 #
b001101011011111110011001001 %
b00 &
0'
0(
b11100 )
b1101010111110100 *
b0110001111001010 +
#1500
1$
#2000
0$
b011011101100100111010010100 !
b100110111000000100 "
b110001000110010011000011001001001100100110000101 #
b000000001000101000000101101 %
b10 &
0'
0(
b10111 )
b1100110101000100 *
b0011101010010000 +
#2500
1$
#3000
0$
b100101110101010111010100110 !
b111100011111110101 "
b111001101100001100011010001010111000111100011111 #
b010100010100001100010001100 %
b00 &
0'
0(
b10100 )
b1000101010011010 *
b0000001001011011 +
#3500
1$
#4000
0$
b111100000110110000010100010 !
b111000011001100010 "
b101011111011110101100001100101101001100111001111 #
b001101110111001100001110110 %
b11 &
0'
1(
b00000 )
b1000011100010010 *
b0011100011000000 +
#4500
1$
#5000
0$
b110000111000000111101000100 !
b011100000001100101 "
b011111101110110111110000011011010011111111101111 #
b100011011000100000110100100 %
b00 &
0'
0(
b10101 )
b0011100000000010 *
b1100001011001101 +
#5500
1$
#6000
0$
b011101011010100010010010100 !
b111100111100011001 "
b111011010010111101001010001011110010000010101010 #
b000001011000000001011001011 %
b01 &
1'
1(
b10001 )
b1110110000010100 *
b1010010001101101 +
#6500
1$
#7000
0$
b000110011001100110011110001 !
b001011111001011110 "
b111111100001011110100001000111010100010110011010 #
b101110010100000001100111111 %
b11 &
0'
0(
b10111 )
b0101010100101011 *
b1110010101000100 +
#7500
1$
#8000
0$
b101110001011001100110011101 !
b111110010010011100 "
b100000000011010010110110000100001010100111110111 #
b111011111011101010010001111 %
b11 &
0'
1(
b11010 )
b1110100100000001 *
b1010101110011001 +
#8500
1$
#9000
0$
b001100001001100111111101111 !
b010011011010100110 "
b100101100110101101001000101111101010101100010011 #
b111110010011010000011100011 %
b11 &
0'
1(
b11110 )
b1000000101011010 *
b0110010010110010 +
#9500
1$
#10000
0$
b100101101100100011011010000 !
b110110100111000100 "
b011110101111000000001000110101101010111101010111 #
b001111100010010000110100111 %
b10 &
1'
0(
b01101 )
b1010101000101100 *
b0010110001001010 +
#10500
1$
#11000
0$
b010111011111101111010011110 !
b100011000111111000 "
b101100111111101011100001111110101011100111010111 #
b110001101001110101001011110 %
b10 &
1'
0(
b00010 )
b0111000001011111 *
b1010100111101100 +
#11500
1$
#12000
0$
b100000100010100000111101000 !
b000110111010000101 "
b001010011110100011000111010010000000001111100011 #
b100001010101110000111000010 %
b11 &
0'
0(
b01111 )
b1011101110010110 *
b0000011110010010 +
#12500
1$
#13000
0$
b011110000010010101011101011 !
b000010110010000111 "
b101101000001000001001110111110111100100011010110 #
b110110010010101001001010101 %
b11 &
1'
1(
b10010 )
b0110010011000010 *
b1010010110101100 +
#13500
1$
#14000
0$
b001010111001110000000001010 !
b001010110010100011 "
b001110100001100010000000100100101011010011010100 #
b111110110110100101011111111 %
b00 &
1'
0(
b10001 )
b1110101110001010 *
b1101110000111011 +
#14500
1$
#15000
0$
b100011000101111111101000111 !
b001110110110111111 "
b100000111000011001100111100010100101101010100011 #
b010110000000010011111001001 %
b11 &
1'
1(
b01011 )
b0111010110001001 *
b1110100011100101 +
#15500
1$
#16000
0$
b010001001110111101111111111 !
b101010001100001001 "
b100110111110001110001100010010010111110001101000 #
b111101010000010110010010100 %
b10 &
0'
0(
b11001 )
b1101101101100001 *
b1101001000001011 +
#16500
1$
#17000
0$
b111101000110001110110011001 !
b111000101101110010 "
b101111011001000111110000001111101101110010100111 #
b100000110011001100110010000 %
b11 &
0'
1(
b11000 )
b1000111110110101 *
b0011010010011010 +
#17500
1$
#18000
0$
b011011010001010001000111010 !
b111100110010000011 "
b011110110010100100001110010111100001100010111010 #
b110111101011100011111100010 %
b01 &
1'
1(
b00110 )
b1111000011100110 *
b1000000100110101 +
#18500
1$
#19000
0$
b011010011101010010010101110 !
b011111000010010000 "
b010110110101011011010000001101111100110111111111 #
b011010100001011110111001101 %
b01 &
0'
1(
b10001 )
b1001111110011101 *
b1100100101010100 +
#19500
1$
#20000
0$
b100111001100100110101111010 !
b010101001100010101 "
b100110011001000001110101010010010001101111000011 #
b000001110010100101011110010 %
b11 &
0'
1(
b00101 )
b1000110011111110 *
b1001010110011111 +
#20500
1$
#21000
0$
b001011100100011111011100000 !
b110111000110101100 "
b110011000110011000010111011100110011000010001100 #
b100011010001000000111110110 %
b11 &
1'
1(
b11101 )
b0100000101011010 *
b0000100001001111 +
#21500
1$
#22000
0$
b110101110111110010010110110 !
b111100011000110111 "
b000100100000100110101100010100010010101100000001 #
b000101010100111011010101000 %
b11 &
0'
0(
b00000 )
b1100000100001111 *
b1100000101101110 +
#22500
1$
#23000
0$
b010001111111110010000001011 !
b001111111110001100 "
b000111000000011101000100110001011011010001110110 #
b110011000001101100001100001 %
b10 &
0'
0(
b01001 )
b0001000111001011 *
b0010101011011111 +
#23500
1$
#24000
0$
b001010001101110100110111111 !
b010000010101010111 "
b111100111011001110000111000000100110011011000100 #
b001010110000101110001100000 %
b10 &
0'
1(
b10110 )
b0100101101100011 *
b0111010001100111 +
#24500
1$
#25000
0$
b101100111101111101000100101 !
b010100100110111010 "
b011110010100100101111111000110100011010101011110 #
b000111010011101110011001001 %
b00 &
0'
0(
b01010 )
b0110101111000001 *
b1100101111010011 +
#25500
1$
#26000
0$
b001100000010001101011000000 !
b010000100010011111 "
b010000001110001000011011110101111100111001110011 #
b111001100101101010000001010 %
b10 &
1'
1(
b00110 )
b1111011100101111 *
b1001101100001011 +
#26500
1$
#27000
0$
b011011101000000011111010010 !
b110100010010100110 "
b000001010101010011111001101111011101111010100101 #
b001110011011001000011100100 %
b00 &
0'
0(
b00001 )
b1011100000000101 *
b1111010110111011 +
#27500
1$
#28000
0$
b001010010000010010101100111 !
b011100100001011101 "
b100000011001110110110100011000010000100011001100 #
b101011011001110011101101110 %
b01 &
1'
1(
b00111 )
b1111101000011011 *
b1111100111000000 +
#28500
1$
#29000
0$
b101000010111101001000011010 !
b110011000011110101 "
b100001000011111110110001111011101101101011111111 #
b011100110110101010010100011 %
b00 &
1'
1(
b00000 )
b0110010100011000 *
b1010110011000110 +
#29500
1$
#30000
0$
b100100110110101010100100000 !
b110011011010101010 "
b101010001110101001010010001111010010101001010100 #
b101000011000010111001100100 %
b01 &
0'
1(
b01001 )
b0010000000101100 *
b1111011111001000 +
#30500
1$
#31000
0$
b001101100100111001000011001 !
b111000000010001100 "
b010011100110111100001100001001010000101000000011 #
b000100100001101100101000000 %
b11 &
0'
0(
b11101 )
b1111000001110101 *
b0100110001000001 +
#31500
1$
#32000
0$
b101111100110110001101111111 !
b001010001000000001 "
b100100001001111101101010100010100100001111101111 #
b010000001001101010001010011 %
b00 &
0'
1(
b11100 )
b1101100110111100 *
b0000100110110100 +
#32500
1$
#33000
0$
b100101110011000010000010110 !
b110100011100010100 "
b111101100101001000110111101101000000000000001011 #
b111001101001101110101110001 %
b10 &
0'
0(
b11010 )
b1101111000100110 *
b1101111010110000 +
#33500
1$
#34000
0$
b111110010100100101010101011 !
b110001111010111100 "
b100111110111101010110100001110101101110001001111 #
b100000100100010110001100110 %
b00 &
0'
0(
b01011 )
b0001100101011001 *
b0011010010101100 +
#34500
1$
#35000
0$
b100100101100100100110101011 !
b101011001001010101 "
b011011101101010111100101100001010101010100101111 #
b100101110110011010011001110 %
b00 &
0'
0(
b11110 )
b1010101001111100 *
b0110001111011011 +
#35500
1$
#36000
0$
b010010111100101101101011001 !
b100000010000110100 "
b000001000110011101111111111100101110001101000001 #
b010100110100100111011010010 %
b10 &
1'
0(
b11100 )
b0100100000000110 *
b0000010010100001 +
#36500
1$
#37000
0$
b001010000010111011100000101 !
b001100110110101100 "
b010100111110011011011011100001111000011100101101 #
b110011111010011011001111001 %
b11 &
1'
1(
b00100 )
b0101011011001110 *
b0110110111100010 +
#37500
1$
#38000
0$
b001101101000100100011110111 !
b010001000011101110 "
b000110001010111010101100101010010001011001111001 #
b110101100111001110010011110 %
b01 &
1'
1(
b01011 )
b1110101000011001 *
b1110000111100100 +
#38500
1$
#39000
0$
b110101100111001100001000001 !
b101011111110011001 "
b011111000000100010001000110010011101101010001010 #
b110001001001100001110010110 %
b11 &
1'
0(
b00010 )
b1011100110111000 *
b0000101001010111 +
#39500
1$
#40000
0$
b000101011010110110011010100 !
b001000100000110101 "
b001010101010001100101011011100010001001101000011 #
b111010010011011001111110110 %
b10 &
0'
0(
b11000 )
b0101010100001101 *
b1001100110100111 +
#40500
1$
#41000
0$
b100000011000000111101000010 !
b110101110101010001 "
b010111100011110001000001010110101100010000000000 #
b010101101011111011111010001 %
b01 &
0'
0(
b00111 )
b1101111000001111 *
b1111000110101001 +
#41500
1$
#42000
0$
b100110101001111010011001010 !
b110001111000111111 "
b101101110001000111110100010011010111111001000000 #
b111000110010001111001110010 %
b01 &
0'
1(
b10001 )
b1100010100101111 *
b0001101010110001 +
#42500
1$
#43000
0$
b010100100001101100011000101 !
b000010100000010011 "
b000100101011110001101000000101101101111000000110 #
b011000010101011011000100110 %
b11 &
1'
1(
b00100 )
b1101010000011000 *
b0010000000000001 +
#43500
1$
#44000
0$
b010101110100010100001110011 !
b000111010101110001 "
b100101100110000010011101011111001101010011110110 #
b110010000010101011010101100 %
b11 &
0'
0(
b10010 )
b1000110011011110 *
b0011100101000101 +
#44500
1$
#45000
0$
b100100001110001100101110100 !
b000101001110110100 "
b010001000100100011110011110001100110100010110001 #
b010111010110100110001100100 %
b11 &
0'
1(
b10001 )
b1110110011010001 *
b0001110101000011 +
#45500
1$
#46000
0$
b011101010011000001011101101 !
b111001011001001000 "
b000110111001010001000110111101010111001100100111 #
b110010010111100111001011000 %
b00 &
1'
0(
b00000 )
b1001110100011001 *
b1010101110100000 +
#46500
1$
#47000
0$
b000000111011100101101101100 !
b000101110111100010 "
b000111010111011101101001110111010110010010010011 #
b110100110111110010011001011 %
b11 &
1'
0(
b00110 )
b0011110101011000 *
b1100100100010111 +
#47500
1$
#48000
0$
b111111001111011111110100100 !
b100101100011100000 "
b001010010111101001101011110001111000101111110101 #
b000111011001010100111000100 %
b01 &
0'
1(
b00111 )
b0010100010110000 *
b1011111001110111 +
#48500
1$
#49000
0$
b110110000101001100101000101 !
b000110100101001101 "
b111010010010011101101111011000101110011000111010 #
b111101101111011000101100001 %
b01 &
1'
1(
b10001 )
b1110100011000010 *
b1101000101111111 +
#49500
1$
#50000
0$
b010010110100010100100001001 !
b100011001101101010 "
b101101100010110001000000110111110111110010011010 #
b011110100001110101010101011 %
b01 &
0'
0(
b10100 )
b0101000101000010 *
b0000101000100100 +
#50500
1$
#51000
0$
b000001101111101010101101101 !
b000000101011000010 "
b111110111000101011001001011011111010011101011000 #
b111011001111010001011100110 %
b01 &
1'
1(
b01010 )
b0111001100101001 *
b0110010000101010 +
#51500
1$
#52000
0$
b010100000011001100101100101 !
b011001100000011110 "
b000100000110111000010000000111100111010111101011 #
b111010011101010000001111001 %
b01 &
1'
1(
b11111 )
b0111010010110011 *
b0001110010000010 +
#52500
1$
#53000
0$
b010000000000010000011110000 !
b001101110001011011 "
b100111100010100011001000111111101010010111010111 #
b110001110010010110111101100 %
b11 &
1'
1(
b11011 )
b1011000000101101 *
b0111100000001011 +
#53500
1$
#54000
0$
b101010010110110111111011001 !
b010110110001011101 "
b001011101110011101000010010100110111010110111110 #
b100010101010011001110010001 %
b00 &
0'
0(
b00111 )
b0101110001000111 *
b0001010011010100 +
#54500
1$
#55000
0$
b110100011110101000000100000 !
b010001111110000110 "
b111110111011111000010110111000111110001110000000 #
b110000001101011101100101011 %
b01 &
0'
1(
b10010 )
b1010010010111010 *
b0101011011000001 +
#55500
1$
#56000
0$
b111100001101001111111010010 !
b001110100011100010 "
b111101110111001001100011111101100110011011100000 #
b010011101000100101101010011 %
b00 &
0'
0(
b01010 )
b1100101011110000 *
b1101100011011101 +
#56500
1$
#57000
0$
b100101000011100111000111010 !
b111001001011110001 "
b010011011000010011101011110111011011000010011000 #
b001111101110111111100111001 %
b01 &
0'
1(
b10011 )
b1001010000111000 *
b1100111010111100 +
#57500
1$
#58000
0$
b100110001001000100000000010 !
b000101111001000000 "
b001110000101110000111110101111101011111000111110 #
b000001010011011100111011011 %
b11 &
0'
0(
b00010 )
b0100010010011111 *
b1000110100011011 +
#58500
1$
#59000
0$
b110111100001100000100111010 !
b000100100010011110 "
b000100110011101110111010101010101101011001010001 #
b000001011000000111110010010 %
b10 &
0'
0(
b11000 )
b1100101011001100 *
b0101101111110011 +
#59500
1$
#60000
0$
b011111100100011001011011000 !
b011110000000010110 "
b110110111110111011011100110101101001000000101001 #
b001001110111100001010000011 %
b00 &
1'
1(
b11001 )
b0101001111111101 *
b0001001110111101 +
#60500
1$
#61000
0$
b100000100101111110000101010 !
b111100110000000010 "
b001011000101100110101010010011011010100000100010 #
b001011011111100000010000101 %
b11 &
0'
1(
b00100 )
b1101001001010001 *
b1101110110010100 +
#61500
1$
#62000
0$
b010100011101110101011101010 !
b010011100011110101 "
b101101011001011000011011010111000101011011010011 #
b100000111010110011111011011 %
b11 &
1'
1(
b01001 )
b0010000001010101 *
b1110010011001101 +
#62500
1$
#63000
0$
b001101001110110011110010111 !
b001001000100010100 "
b111010010001010110001011101001010110110100110100 #
b101110001111111000101111010 %
b00 &
1'
0(
b11010 )
b1110011100110000 *
b1001111110011111 +
#63500
1$
#64000
0$
b110011011100100110000110011 !
b101011000001010100 "
b100011011000111011101000001110110011101010110001 #
b110101110011100101010100001 %
b11 &
1'
1(
b10110 )
b0011010010010111 *
b0010110110011011 +
#64500
1$
#65000
0$
b010011001000011001110000011 !
b011011101100000101 "
b001010000110101110001001100110010001100010100111 #
b000011000110111001011001011 %
b10 &
1'
1(
b00111 )
b0100000010101001 *
b1100011100011100 +
#65500
1$
#66000
0$
b000100000111110101110010110 !
b101011101001110010 "
b011100100101101011110110101000000111010100000000 #
b110011101110100110100100111 %
b01 &
1'
0(
b10001 )
b0111000001111100 *
b1101100111101110 +
#66500
1$
#67000
0$
b100010011011111001001011010 !
b011101000000110000 "
b011001010100110100000010110010000010011000011011 #
b110101100001011100101010110 %
b01 &
0'
0(
b01111 )
b0000011000111111 *
b1100101100000110 +
#67500
1$
#68000
0$
b101001010111110100000100000 !
b111011101100000101 "
b111110011110111101101010101010111100101101111000 #
b100100100001001100010100011 %
b00 &
0'
1(
b01011 )
b1001010001111111 *
b0010001101100110 +
#68500
1$
#69000
0$
b100101111111001010100111000 !
b001000000000100001 "
b010000100101010100100011011101000111010111100001 #
b111110111011010000011101000 %
b11 &
0'
0(
b10010 )
b0110011010101101 *
b0010110000010011 +
#69500
1$
#70000
0$
b100111001100100100110000110 !
b000101101101100011 "
b011111000110101000111011110010001001100101101011 #
b000000011110101000000110001 %
b00 &
1'
0(
b10000 )
b1110010010011101 *
b1010011000011010 +
#70500
1$
#71000
0$
b111010111010000110101001110 !
b011100000011010110 "
b101011111011111111101110000110111000110011000100 #
b101000111001110011000100101 %
b10 &
0'
0(
b01010 )
b0111111010111101 *
b1010111111011011 +
#71500
1$
#72000
0$
b011110101001010001100110000 !
b111101001101111111 "
b101101100111110100111001100111011010101100111100 #
b011010011000100011110110011 %
b01 &
1'
1(
b11101 )
b1011101001101100 *
b1110101011101110 +
#72500
1$
#73000
0$
b101001110100010110111010011 !
b010001100111010100 "
b101001010111101111111000111011000010110100110100 #
b001110000010111100100001111 %
b00 &
1'
0(
b11000 )
b1000001011111110 *
b1010010100110001 +
#73500
1$
#74000
0$
b111000001001111011011101010 !
b010111100110001001 "
b100000101111101000101000110100101110000010001110 #
b110001000001101001100110110 %
b11 &
1'
0(
b01001 )
b0100110001111000 *
b1011000101001011 +
#74500
1$
#75000
0$
b010011001011000001011110110 !
b110110010101011101 "
b010111110010001010001101011001001011001110101101 #
b001010100100100100100110111 %
b10 &
1'
1(
b01110 )
b1001100000110110 *
b0001010111000000 +
#75500
1$
#76000
0$
b110110110011010011111010100 !
b000111111000110011 "
b100110110010100111100101100001111101110100100001 #
b111101011100011110111001101 %
b10 &
1'
0(
b00101 )
b0010011111100001 *
b0100000000100111 +
#76500
1$
#77000
0$
b011011010011111110101101010 !
b001101111011010111 "
b100100011100101111110001000100101100111111010000 #
b101110000011011110001101100 %
b11 &
1'
0(
b01111 )
b1010111001111111 *
b0110010011000011 +
#77500
1$
#78000
0$
b101101111001011101011011001 !
b101000110001000010 "
b011000100100110001011001000101010101000011111111 #
b100000111101101010110010011 %
b11 &
0'
1(
b10111 )
b1111111010001011 *
b0000101001101011 +
#78500
1$
#79000
0$
b100001100011000001000011110 !
b111110110011000101 "
b110011101101010100010111001001001001001001011111 #
b010000010101001110111011110 %
b10 &
0'
0(
b10111 )
b1110100110110001 *
b0001010101101110 +
#79500
1$
#80000
0$
b111101011001110111001000100 !
b111110011000110111 "
b111110000001111100100011100111011100010110011001 #
b110001101001100000000110111 %
b10 &
1'
1(
b10101 )
b1010111111000110 *
b1011001101001101 +
#80500
1$
#81000
0$
b000101001111111001111110101 !
b011100011110111101 "
b111011001001111111011001110110010011001000001110 #
b001111011011000110001010001 %
b11 &
1'
0(
b11110 )
b1100110101111110 *
b1110011101000110 +
#81500
1$
#82000
0$
b011011101101001111110011000 !
b011001011011000110 "
b111010001111101100101010001011010101010100011111 #
b010100110101000111010010110 %
b01 &
0'
1(
b11101 )
b0111110011101011 *
b1111010110011100 +
#82500
1$
#83000
0$
b001101100100011010011111101 !
b000111101000001100 "
b100110011100011001101110011001110001011010011000 #
b100010001011011111001100011 %
b01 &
1'
0(
b10101 )
b0100101110100100 *
b0100011100010101 +
#83500
1$
#84000
0$
b001111111000101100011011101 !
b011000001111110001 "
b100011110011001110111111111001000100010000001110 #
b000000010000011010111011000 %
b11 &
0'
1(
b01110 )
b1001010000111110 *
b0000010101100010 +
#84500
1$
#85000
0$
b000001111110001100001111000 !
b101000001010010110 "
b100110110000101011111001000111001000010111111101 #
b001111100000001101100011001 %
b11 &
0'
0(
b00101 )
b0100100011100111 *
b0010010111111110 +
#85500
1$
#86000
0$
b100010101101011011000001110 !
b001100110101000010 "
b010011111010011001000101111100100001111010010100 #
b100101011111001011101110010 %
b11 &
0'
1(
b10101 )
b0111001001000111 *
b1100101010000100 +
#86500
1$
#87000
0$
b110111000111101001001011111 !
b110011110000001111 "
b111110010011111011011010111001110010000010110010 #
b001010110000000010110101011 %
b10 &
0'
0(
b01101 )
b1101101100001111 *
b0001111100101110 +
#87500
1$
#88000
0$
b110001001110000110011001101 !
b001101010111110101 "
b111000010000000110010010000011110011011001100011 #
b011000100001110100010111001 %
b00 &
0'
1(
b00011 )
b1110011101101101 *
b1100111010111011 +
#88500
1$
#89000
0$
b000001100010111010111100100 !
b000111100011100111 "
b101111110100110010010001101111100011010011101011 #
b000000110110001000011111100 %
b10 &
0'
1(
b10101 )
b1100001011010101 *
b1011100101101100 +
#89500
1$
#90000
0$
b111110010011100010010111101 !
b101001100011111000 "
b000100110011111100100010111101111101001101000011 #
b100000000001100001011000010 %
b01 &
1'
1(
b01001 )
b0110111111101010 *
b1000000011000110 +
#90500
1$
#91000
0$
b101011010110000100011010001 !
b010110110101100001 "
b100001110100010011000010001101000100011100101111 #
b010100101101110100110100110 %
b00 &
0'
0(
b10110 )
b0111001100010101 *
b0101100110100111 +
#91500
1$
#92000
0$
b010011100000011101010001110 !
b100010100000111101 "
b010101101110000001100110001111110100001000111011 #
b110010000111100001101000111 %
b10 &
1'
1(
b01111 )
b0001110011110011 *
b1010010111001101 +
#92500
1$
#93000
0$
b111010101111010111000000001 !
b011000001010011110 "
b001101000011001101100001111001000000011010100110 #
b100011101001000000111111110 %
b00 &
1'
0(
b10100 )
b1001100100100001 *
b1011100011100111 +
#93500
1$
#94000
0$
b111000011011010010101001011 !
b101111010001001010 "
b101110100111011111010100010101001111001101101101 #
b100000101100111001001001110 %
b00 &
1'
1(
b01110 )
b1001100111010000 *
b1101010110100111 +
#94500
1$
#95000
0$
b100001000101010001100000001 !
b011010001011000111 "
b101111101010000011101111111111100111011011100000 #
b101101100100111000010111001 %
b11 &
1'
0(
b10110 )
b0010101110011001 *
b0111001100001011 +
#95500
1$
#96000
0$
b100111101011101010000111011 !
b101010110011100100 "
b001100101000011010000111111011001011111010000110 #
b010111000000001100010101000 %
b10 &
0'
1(
b01100 )
b1001010001010000 *
b0110110100000101 +
#96500
1$
#97000
0$
b111110000110011001101000110 !
b011001111011111010 "
b110111000111101001010110000001001100001110110110 #
b100111110010001011001110000 %
b10 &
1'
1(
b10110 )
b1110010111011101 *
b1111011110101101 +
#97500
1$
#98000
0$
b101111111010111110011110001 !
b000100010101011111 "
b111111001101010101111110001000011011100010101010 #
b101111101110101010101100100 %
b00 &
1'
1(
b10100 )
b0100101001110111 *
b1010000100110010 +
#98500
1$
#99000
0$
b000001010101000110011000110 !
b011010000011000100 "
b101000010001011110111000101001100001011100010101 #
b001001111111010100101111101 %
b10 &
1'
1(
b01100 )
b1100100001010000 *
b0100010100101111 +
#99500
1$
#100000
0$
b110110001010010100000110001 !
b001011011001101101 "
b000100101100101111000100011110101101110111001001 #
b110100001011100100110010000 %
b11 &
1'
0(
b01011 )
b1110100110100100 *
b0100001110111011 +
#100500
1$
#101000
0$
b110011000101110100110111010 !
b101101010100000011 "
b110111111011101001101001010000000111011101101100 #
b101011110101111001001001000 %
b10 &
0'
0(
b01110 )
b1101010100111101 *
b0100001001100100 +
#101500
1$
#102000
0$
b011111000000101100000011111 !
b001010110110110001 "
b100000101010010001110111100101000000100110111001 #
b000010111001111010001101010 %
b01 &
1'
0(
b10111 )
b1001011100110011 *
b0110110000101111 +
#102500
1$
#103000
0$
b000100011101101101101010110 !
b010110101110110011 "
b101010000010011000010001001001101101011100011010 #
b011100010100011010011001101 %
b00 &
0'
1(
b10110 )
b1111001000110101 *
b0010100101100000 +
#103500
1$
#104000
0$
b101100001100000100101100011 !
b000101111101001001 "
b101000101100111101100110111001000111100100100111 #
b101100000101110001001010010 %
b01 &
1'
0(
b00110 )
b1000011100110001 *
b0011010100101100 +
#104500
1$
#105000
0$
b001111001011101101010110000 !
b111000101101001010 "
b010001001110000101010101011111010111001010001100 #
b000100011000110011000100001 %
b00 &
1'
1(
b11101 )
b1000010111110000 *
b1010100010100110 +
#105500
1$
#106000
0$
b010111100100001011100011111 !
b011101111100101010 "
b100011101100001010000010111100101110011101110000 #
b101111001001101000001110000 %
b00 &
0'
0(
b10100 )
b1011110000101110 *
b1011011010100011 +
#106500
1$
#107000
0$
b111111110001000111011100100 !
b110100001010010000 "
b010001010000111110001110011001011110010011001111 #
b010110110001100100010110110 %
b10 &
1'
0(
b01100 )
b1000111110100000 *
b0110011001010011 +
#107500
1$
#108000
0$
b001011000001111111111010110 !
b011110111100111011 "
b010000100111000011001010001011100011011000010001 #
b110111011110000100111000110 %
b10 &
0'
1(
b00111 )
b0100001000111110 *
b1111011010111010 +
#108500
1$
#109000
0$
b100111000010010110110010110 !
b101101001110100110 "
b110110000000001000111110100001011011000010101001 #
b101010010010110011010010110 %
b00 &
1'
1(
b11011 )
b1001111101011001 *
b0110011100010000 +
#109500
1$
#110000
0$
b010100010000100000001101111 !
b111011011001000101 "
b111011101110000101101110100010000011000100010000 #
b110000101111011111000010001 %
b00 &
1'
0(
b00110 )
b0001001010010001 *
b1010000000111010 +
#110500
1$
#111000
0$
b101110110111100110001110100 !
b001010100110011010 "
b111110010001100111011110111111010101011001110000 #
b100101000100001011110011011 %
b01 &
1'
1(
b11101 )
b1011101001101110 *
b0010010111101111 +
#111500
1$
#112000
0$
b100110110011001111011001010 !
b111100100000101010 "
b011101011001101001000011000100010110001010100100 #
b100001101100111011000001001 %
b00 &
0'
1(
b00100 )
b1110010011010100 *
b1011011100111011 +
#112500
1$
#113000
0$
b011100001101000001111110101 !
b010111000111000001 "
b110000000101101001001111010011001000110110110110 #
b011001101001011111110010000 %
b00 &
0'
1(
b00110 )
b1011011111101110 *
b1010111001110000 +
#113500
1$
#114000
0$
b010011100011010011111010011 !
b000100010111011101 "
b001110100100010100011011001111000001001101111011 #
b011001011010001001001110100 %
b01 &
0'
1(
b00011 )
b1111010010001111 *
b0010111111001111 +
#114500
1$
#115000
0$
b000010111000001111011010010 !
b000011100010101011 "
b100110001111011011001111001110011110111111010111 #
b000001011111010111100111000 %
b11 &
1'
0(
b10101 )
b0000100011100010 *
b0111111010010100 +
#115500
1$
#116000
0$
b101101000011010001010110001 !
b100001110100111000 "
b101110010101010111010000100111011111101001101100 #
b111101101101000010101100000 %
b11 &
1'
0(
b01010 )
b1010100110110101 *
b1101011001111110 +
#116500
1$
#117000
0$
b010001100100101010000010100 !
b000111100011100110 "
b101100010101000010011100111111010111000101111101 #
b001011000011010101001010000 %
b00 &
0'
0(
b00111 )
b0111111010111001 *
b0111001100100111 +
#117500
1$
#118000
0$
b011000001011110110101101110 !
b110000000010100000 "
b111110010011001100101011001010010011010111110010 #
b001110110101000111010011011 %
b00 &
1'
0(
b01110 )
b1000110000001001 *
b1001010001110110 +
#118500
1$
#119000
0$
b011000111011110001100110000 !
b001101100011111110 "
b101101110000010101110011101000100110100010010000 #
b010000100000010000010111011 %
b01 &
0'
1(
b00011 )
b1110100011010100 *
b0011011010111110 +
#119500
1$
#120000
0$
b111111101001000010010001000 !
b000101000010111110 "
b000000111111001000001011110101001111000010010001 #
b110011000010010100110100101 %
b00 &
1'
0(
b01010 )
b1110001110001010 *
b0110001000010101 +
#120500
1$
#121000
0$
b110110010001000011011101110 !
b100101001000101110 "
b111010110011100101001001100001101111001110100110 #
b001100100010010101111000111 %
b01 &
0'
1(
b11010 )
b1100001000110001 *
b1010010101100011 +
#121500
1$
#122000
0$
b001001101111101101011110010 !
b110010110011001000 "
b000001111100110011101001111001101110110101111100 #
b000000111110001011100111110 %
b01 &
0'
1(
b10101 )
b1000101011100110 *
b0000111010011111 +
#122500
1$
#123000
0$
b100100001001001100010001111 !
b011000010010011000 "
b001000010100011001000001000100010011001010011010 #
b000101000101101101010010001 %
b01 &
1'
1(
b01001 )
b1110011111110101 *
b0000001110110010 +
#123500
1$
#124000
0$
b000010010001010010001001110 !
b100010010111011110 "
b100001100110000000001111100100111111101100000101 #
b110101110011001100100011000 %
b00 &
0'
1(
b01000 )
b1100011111100010 *
b0001111000010000 +
#124500
1$
#125000
0$
b011011101011100011111000010 !
b000101110100111000 "
b000001110001001000110000101010110001110000101110 #
b011111111110100111011010001 %
b10 &
0'
1(
b01000 )
b1010111111010000 *
b1101000100101111 +
#125500
1$
#126000
0$
b110110000111101010111011111 !
b001100010010001000 "
b011100101001000010101001101110110110110111001011 #
b011000111100001110000001011 %
b01 &
1'
0(
b11111 )
b0100001010000101 *
b1010010001000000 +
#126500
1$
#127000
0$
b101000101011011100111010011 !
b001111100011101101 "
b000011110110100000111110110101000011101010110011 #
b100101101000001001000000111 %
b11 &
1'
1(
b00101 )
b0101100110000000 *
b0110110110110000 +
#127500
1$
#128000
0$
b100110101111100001100101110 !
b101100101011001111 "
b101000110110110010001111011011010000101010101010 #
b100001011010110100001100100 %
b11 &
0'
1(
b01011 )
b1000110000000011 *
b0110100110100011 +
#128500
1$
#129000
0$
b100010011100000010001110000 !
b001100110000100111 "
b111000010100111010110110001011101001011010010011 #
b100010010101000111010100010 %
b01 &
1'
1(
b00010 )
b1011011010101010 *
b0100010001100000 +
#129500
1$
#130000
0$
b101111100100011111001100011 !
b100111000101010001 "
b111110001110110010111000100110110000001011111001 #
b110000001001000010111100100 %
b00 &
0'
0(
b11111 )
b0001100010111000 *
b0010011010101000 +
#130500
1$
#131000
0$
b000011110000011110001111011 !
b111010110010110001 "
b110110101100010100110100000011101000010001100010 #
b011011011001100000010100110 %
b11 &
0'
0(
b10100 )
b0001011101011010 *
b1110100110010000 +
#131500
1$
#132000
0$
b110100000010010001101100110 !
b100000110100100101 "
b100000000100100101111000000110110101000100100000 #
b010111101100100011101001110 %
b00 &
1'
0(
b00001 )
b0010000001101010 *
b1000100000001110 +
#132500
1$
#133000
0$
b000010000111111011100001011 !
b011100010111111101 "
b001000001101000110101010000011001011011011110101 #
b111001010011100111010011010 %
b01 &
1'
1(
b11100 )
b1110000111011111 *
b0111001000110010 +
#133500
1$
#134000
0$
b000001100100110101111010001 !
b101111001001001101 "
b010001010001111010000110010001100100001000101100 #
b000101110010001011101011101 %
b01 &
1'
0(
b00010 )
b0100110101000101 *
b0000100011000000 +
#134500
1$
#135000
0$
b110111000001010011111000001 !
b011000100101110101 "
b101110111000110000001110111000111011110111001011 #
b010000101101000101011100110 %
b01 &
1'
0(
b01000 )
b1100101101101001 *
b0110000101010011 +
#135500
1$
#136000
0$
b110011101001001001000100110 !
b000111011111110010 "
b101011011000001111011011000110011010000010111011 #
b010011011100001000110010101 %
b00 &
0'
1(
b00111 )
b1000000010110011 *
b1000111010100011 +
#136500
1$
#137000
0$
b001101001001010111010110001 !
b010101001000000111 "
b010101101011001011101100010011000010011101111011 #
b100000100110001011001101110 %
b11 &
0'
1(
b11100 )
b1001010110001010 *
b0111101100101100 +
#137500
1$
#138000
0$
b000110101100110011010100000 !
b001000010011010110 "
b110100001000111010100111000011110010011010001111 #
b011100101101100000110111101 %
b10 &
1'
1(
b10111 )
b1101100000010000 *
b1101010110110100 +
#138500
1$
#139000
0$
b100101001101010000111110110 !
b101100111000011101 "
b100010010001111010000101001000111110000001100101 #
b000001111011111110101010111 %
b11 &
1'
1(
b11111 )
b0100101010010100 *
b1011111001000000 +
#139500
1$
#140000
0$
b001010000011001100111110000 !
b001100110011000110 "
b011000111010010101011110110011110110000101011101 #
b100001010110010101011000101 %
b01 &
0'
0(
b01011 )
b0010000001011001 *
b1001001100101101 +
#140500
1$
#141000
0$
b000100001001101011011010011 !
b000010110010011110 "
b110100001010000001001100111011010101000010011010 #
b110011001000100011101011110 %
b10 &
1'
0(
b01101 )
b0100110001011110 *
b0101000110011100 +
#141500
1$
#142000
0$
b010110100100010100001101001 !
b010001011100110110 "
b101111111010110101010011010001100001111010110011 #
b101111111001111010011001010 %
b10 &
1'
0(
b10000 )
b0001111100110010 *
b0010011000010100 +
#142500
1$
#143000
0$
b010100010010111000101011111 !
b111010100001011101 "
b010100110101100010111010000011111111000010110111 #
b110010001110001010001001011 %
b01 &
1'
0(
b01110 )
b1111101010111010 *
b0100011110010100 +
#143500
1$
#144000
0$
b011110101100110101111010010 !
b011101000100001010 "
b010111010011100111101001101100101101000001101010 #
b111011010111100001010010110 %
b10 &
1'
0(
b11010 )
b1110001110111011 *
b1110110011101001 +
#144500
1$
#145000
0$
b000101000000001011111001000 !
b111011000001101100 "
b110011010010011010010100001101110011010111010100 #
b000011100101110010011011111 %
b00 &
0'
1(
b01111 )
b1001001101011010 *
b1101101001100100 +
#145500
1$
#146000
0$
b111111100001010001010001011 !
b010000000111110110 "
b001111101101000011001000101100001101101000101000 #
b101100111111001001010001001 %
b10 &
1'
0(
b01011 )
b1111110110011000 *
b1111000100111011 +
#146500
1$
#147000
0$
b110011000000001001010011011 !
b101001001011110001 "
b011001110000111101011110110000010010011110110011 #
b010011101011000011111111011 %
b01 &
1'
1(
b01010 )
b1000100000111001 *
b1000000111101110 +
#147500
1$
#148000
0$
b001010101111010011000111100 !
b000001110111000101 "
b010000000000100000100101111110101001011111011101 #
b101011111110111100011010110 %
b00 &
1'
0(
b11101 )
b0001110011011101 *
b0010111101000001 +
#148500
1$
#149000
0$
b110001000010110111011101110 !
b011010010011111001 "
b101110100101101111110000011011110010000101111010 #
b100111101010010011110000101 %
b00 &
1'
0(
b11111 )
b1000101110110011 *
b1010111001101010 +
#149500
1$
#150000
0$
b010001000000011011010100011 !
b101101101111001111 "
b001101000100111100011011011000000100001100110110 #
b010000101111111010011100101 %
b00 &
1'
1(
b10000 )
b1010010000011010 *
b0001010000011000 +
#150500
1$
#151000
0$
b110110101110101100100010101 !
b000100101010001111 "
b110110011100001011001011010100010111111001101010 #
b001101111010011001000011011 %
b10 &
1'
0(
b10000 )
b1101110010100001 *
b0110111010011101 +
#151500
1$
#152000
0$
b000001011001011111101011110 !
b100101110010000111 "
b111001100110011101011110001111000001110110010110 #
b110110001111111001000011001 %
b01 &
1'
1(
b01001 )
b0011100001001101 *
b1110010000101011 +
#152500
1$
#153000
0$
b001100110100110001110110101 !
b100110010001101110 "
b110111011001000001111110010111011001001100111101 #
b111001100001101110101100111 %
b11 &
0'
0(
b01110 )
b1010110011110100 *
b0101110111111110 +
#153500
1$
#154000
0$
b100010110110001011001100101 !
b111010011010000110 "
b001100000101011011110001110110100010101100101001 #
b110011000101010001000011001 %
b01 &
1'
0(
b11010 )
b1101011100111110 *
b1111111110000111 +
#154500
1$
#155000
0$
b111110011110111011111000110 !
b010000011010110111 "
b001100111000110001101000010001010111111001000001 #
b000000100001111010100000111 %
b10 &
1'
1(
b01100 )
b1000001110101000 *
b1110000001000110 +
#155500
1$
#156000
0$
b011111001011000100000000001 !
b000100111000111111 "
b100111011010011101100111010110111011010010110011 #
b111000011111100001101101000 %
b10 &
1'
1(
b10010 )
b0110110011110011 *
b0000101001000101 +
#156500
1$
#157000
0$
b010110100001000101001001010 !
b110110011110010001 "
b011101010101110111111100111001011101001011000110 #
b000000011010001110000011000 %
b00 &
1'
0(
b10110 )
b1011000011111011 *
b1010010001011111 +
#157500
1$
#158000
0$
b000000010110100011101001011 !
b100010100111000000 "
b110100100110010100011110101110110011111011110111 #
b010011010111101010110101011 %
b10 &
1'
1(
b10111 )
b0101000011001000 *
b1111100010000101 +
#158500
1$
#159000
0$
b110001101100110100110101111 !
b100010110000001111 "
b100100100110110010100101001000011101101011011101 #
b111111100110100100100001100 %
b10 &
0'
1(
b01101 )
b1000101011000011 *
b1111000010001011 +
#159500
1$
#160000
0$
b110100011000110110100100100 !
b111011010100001000 "
b100001001001001011110100000011111111100100100010 #
b011010001000011001100110001 %
b10 &
1'
1(
b01001 )
b0111001111011000 *
b0100110101001001 +
#160500
1$
#161000
0$
b001000011000010110000110011 !
b100000011001111000 "
b100101100001010101110001101101011111111101010101 #
b001000111110110001110101100 %
b10 &
1'
1(
b11111 )
b0010100110111000 *
b0100000010110011 +
#161500
1$
#162000
0$
b101000101111110001110000011 !
b000000100111010110 "
b011011001001011011111110100110011001010110001111 #
b101111000111001101011100101 %
b10 &
1'
0(
b01011 )
b0110101110111110 *
b0110011011110010 +
#162500
1$
#163000
0$
b010010000001001111111100101 !
b111011111011111111 "
b111001010011010010101000101100111011001111011110 #
b110000000100001001101010000 %
b10 &
0'
1(
b00010 )
b1110110011010111 *
b0001011100001100 +
#163500
1$
#164000
0$
b110110001010100111111000111 !
b000000010011101111 "
b010001001101010101100010001001111001000001010001 #
b011101101110000010011001111 %
b01 &
1'
1(
b01011 )
b1010001011000110 *
b1011111111010110 +
#164500
1$
#165000
0$
b110110100010110101100101100 !
b011110110011111001 "
b010101100010011111000100110001010100011101011101 #
b011000110111001000001001100 %
b01 &
1'
0(
b01111 )
b0101101011000000 *
b0010010100001010 +
#165500
1$
#166000
0$
b011010100100101000101110101 !
b001001011111010001 "
b111111101011100000000100101001100101111000111001 #
b001011000000110100001010001 %
b11 &
0'
0(
b11011 )
b0010000010001010 *
b1001011011101110 +
#166500
1$
#167000
0$
b110010010100000110010110010 !
b010010011000001001 "
b111111110110101111110011000110101110101100000000 #
b011010011011010010001100000 %
b01 &
1'
1(
b01001 )
b1011110101010001 *
b0110101110110110 +
#167500
1$
#168000
0$
b101100001111101001100010000 !
b010001100000111110 "
b010101011111110101101110111110100000100000111011 #
b110001101110100101010010000 %
b11 &
0'
0(
b10110 )
b1101010001100010 *
b0111110111001010 +
#168500
1$
#169000
0$
b111100110000100001011101101 !
b111110001011001111 "
b101101110101011101100110111000110011100000010010 #
b011011001101010011010101101 %
b00 &
0'
0(
b00110 )
b1111011101101101 *
b0010011001001100 +
#169500
1$
#170000
0$
b001110101010111010110101111 !
b101110101110110000 "
b000110100110111100000110101100001101101000100001 #
b010000001101001101000101100 %
b00 &
0'
1(
b11110 )
b0001100101010100 *
b0110011000101101 +
#170500
1$
#171000
0$
b101001100101000000100011101 !
b101110010011011110 "
b110101011001100000101111111110111011110101010001 #
b000000001100010001011000101 %
b00 &
0'
1(
b11110 )
b1111111011101011 *
b0000110100000101 +
#171500
1$
#172000
0$
b100011001011001001010010010 !
b001101111110000100 "
b011011000000000010001000110101000001011000011010 #
b010110001100000101111111011 %
b00 &
1'
1(
b11111 )
b1110110100010000 *
b0001101001101001 +
#172500
1$
#173000
0$
b101111000000100110001111110 !
b100011011000011010 "
b011010110110110010101101110101110110001111111010 #
b110101011011110010011111011 %
b10 &
1'
0(
b11111 )
b0100001111101100 *
b1010111100111110 +
#173500
1$
#174000
0$
b010001110101110001100001101 !
b001011011101010110 "
b110011100001110001111010110011100111011110000011 #
b110010110001010010010101011 %
b10 &
1'
0(
b11001 )
b0011011011010111 *
b1010110101000011 +
#174500
1$
#175000
0$
b101001001110111011111111100 !
b000101100101001001 "
b011000111100010011011101110011000011001111111110 #
b000111111011000010010111010 %
b10 &
0'
0(
b10101 )
b1000001000000000 *
b0111111101111010 +
#175500
1$
#176000
0$
b111001111011001100110111001 !
b011001001010000100 "
b100110110010101000011101101111000111011110101100 #
b110110101001011110101001000 %
b01 &
0'
0(
b01100 )
b1001110100010111 *
b1110011111000111 +
#176500
1$
#177000
0$
b101100111100111110110111000 !
b001100111000000111 "
b100001010100111100101010110010001001100111010111 #
b010000011111001010110010111 %
b01 &
1'
1(
b11101 )
b1111110111110111 *
b1000100101100110 +
#177500
1$
#178000
0$
b010010011110000100110011101 !
b110111100111001001 "
b101000100011011101111110000100101111000101010100 #
b111001010001111100001110101 %
b11 &
1'
1(
b00110 )
b1100100111101001 *
b1100001001111001 +
#178500
1$
#179000
0$
b100111111010000101101010000 !
b010101100100101101 "
b011111000110100011011100011011011010010001101110 #
b000110100101010011111110110 %
b00 &
1'
1(
b10111 )
b1010100001000011 *
b0101100011001101 +
#179500
1$
#180000
0$
b111011010000001000010010000 !
b111000101001100111 "
b101101010111001111110111111110111100001000100001 #
b010001000111110100010110011 %
b00 &
1'
1(
b01110 )
b0100110011000011 *
b1100001010000101 +
#180500
1$
#181000
0$
b111001110111100100101010011 !
b110101111010011010 "
b001110101000001000011001110010110101000101111011 #
b100000100000110100110001000 %
b01 &
0'
1(
b00111 )
b0110100101100001 *
b0010010111111001 +
#181500
1$
#182000
0$
b001000010101010011100011010 !
b010000011001110111 "
b011010000110000000110001111111111101111111111110 #
b100011111001001111010010000 %
b10 &
1'
1(
b11110 )
b0000111011110101 *
b1000100001100100 +
#182500
1$
#183000
0$
b110101011001111000111110010 !
b100110111110011000 "
b001001100001101110000010011001011100100101111000 #
b111100100010010000100110001 %
b01 &
0'
0(
b01111 )
b1011001000000111 *
b0100111001001000 +
#183500
1$
#184000
0$
b010001000101110111011101001 !
b011111011100011110 "
b011111111010111000110110111000101111000001001110 #
b010111100010000010010000100 %
b10 &
0'
0(
b01010 )
b0010110100011000 *
b1001101100010001 +
#184500
1$
#185000
0$
b110000100100100001011110101 !
b001011100110001101 "
b111000010100000110111101001111001010101000011111 #
b100101001001111010111010100 %
b10 &
0'
1(
b00100 )
b0000111011100011 *
b1000000100000010 +
#185500
1$
#186000
0$
b010100110111010100101011110 !
b100001110100101010 "
b001000101001001110110000101010101110000001111100 #
b101001010010001011101110101 %
b11 &
1'
1(
b11100 )
b0011011010010011 *
b0101000010111011 +
#186500
1$
#187000
0$
b100111110101111101001000101 !
b011111100110010100 "
b010101000111110101111010111110111111001101011000 #
b000111100100111111101101010 %
b00 &
1'
0(
b10110 )
b0100000110100111 *
b0011100110011011 +
#187500
1$
#188000
0$
b000101101000100100001101100 !
b101000101010000010 "
b110101000011101110001001111100000111100001001000 #
b101100111111001010111001101 %
b00 &
1'
0(
b10101 )
b0001110110111011 *
b0011100111101011 +
#188500
1$
#189000
0$
b100100000011000111010100100 !
b001100110000110000 "
b100100010100110010000000110001011011010100101111 #
b101010001110111110000001001 %
b11 &
0'
0(
b01010 )
b0000000100010101 *
b1100011000010111 +
#189500
1$
#190000
0$
b000001010010001000011010000 !
b110100100101110010 "
b110100100111110001001110001010000111000100000000 #
b100111011000100100101010011 %
b00 &
0'
1(
b00111 )
b0100011110111001 *
b1010111001000001 +
#190500
1$
#191000
0$
b101000000010101011000010010 !
b111111000010100001 "
b010101110101000011011100011110010001100001001000 #
b010001001110001000001101000 %
b10 &
1'
1(
b01100 )
b0000010111101011 *
b0001111100100100 +
#191500
1$
#192000
0$
b010101000111000000000111001 !
b010110001101011010 "
b000111010000011100100011101100100110101011010001 #
b010000000011010111011001011 %
b11 &
1'
0(
b10101 )
b1001001011110010 *
b0000101010000000 +
#192500
1$
#193000
0$
b010110001101010100011010000 !
b000100111100111011 "
b101110011001010000010111100000011000010110111000 #
b111111111010111111110001000 %
b00 &
0'
0(
b00111 )
b0100010011110011 *
b1000011110010101 +
#193500
1$
#194000
0$
b000011001011110101111111100 !
b010111001001110000 "
b000101000000110000000111111110101100000101110111 #
b001000111001011111001000100 %
b11 &
0'
0(
b11101 )
b1011100001010101 *
b1010001101101100 +
#194500
1$
#195000
0$
b101100001111100100101111000 !
b001111011111011110 "
b101011011111110100011000000001110100101011100101 #
b010101000010110110100110110 %
b01 &
0'
1(
b11100 )
b0101001001100011 *
b1111010101111101 +
#195500
1$
#196000
0$
b111100101101110000011000110 !
b000111001011100111 "
b111011000101111101011010001101000110111000000100 #
b110011011011011001001010101 %
b11 &
1'
1(
b11010 )
b0010000000111010 *
b1001101100101101 +
#196500
1$
#197000
0$
b111011010101111101000000110 !
b110111101101000110 "
b011001111011100001000101011001010111110010110100 #
b000101110101000010001111100 %
b10 &
1'
1(
b10111 )
b1000011100011001 *
b0111100110111111 +
#197500
1$
#198000
0$
b100100000111111100100011011 !
b011010110011000101 "
b111011110001001110001001001001111011001001111101 #
b011001001100111000101000011 %
b01 &
1'
0(
b10100 )
b0100110101111011 *
b1000110010010011 +
#198500
1$
#199000
0$
b001000100001010001101000111 !
b000011011100111011 "
b100000100010111010011001100111111001011101011100 #
b000111000010000001010111001 %
b00 &
0'
0(
b11100 )
b0110111101000010 *
b0100011001000101 +
#199500
1$
#200000
0$
b100010111100001111010011100 !
b000001010001110111 "
b100010011111000001000000000110110000001001110111 #
b010001010101101111110100100 %
b11 &
1'
0(
b01111 )
b0010000001000110 *
b0110011100111101 +
#200500
1$
#201000
0$
b101101010111100010101111101 !
b000110101000111110 "
b010111111001110010111110101100101100110010101001 #
b000100011010111011100010100 %
b10 &
1'
1(
b01011 )
b1000101101110100 *
b1000111000110100 +
#201500
1$
#202000
0$
b110110000000010001110110101 !
b110011011111000100 "
b100000011110001010111001001000010011011010111001 #
b101011110100000100111101100 %
b10 &
0'
1(
b01001 )
b0111001000001011 *
b1010111010110010 +
#202500
1$
#203000
0$
b001000011101100010010111001 !
b001001111110000010 "
b111010011101100100010011000010000110010111100100 #
b100101000100101111101001000 %
b00 &
1'
1(
b11010 )
b0011011101011101 *
b0111101111101100 +
#203500
1$
#204000
0$
b110101110111001001101101000 !
b110011010000110111 "
b110001000111001111011001001001011001010010010110 #
b010101011110000100000011111 %
b01 &
1'
0(
b00101 )
b0010011111010101 *
b1101100101011111 +
#204500
1$
#205000
0$
b110010111000110010110100101 !
b011000011011100101 "
b011100001001000111010101010010000000010100101011 #
b011001111101100000000111000 %
b00 &
1'
1(
b00100 )
b0100010100001110 *
b0100101110011000 +
#205500
1$
#206000
0$
b101010101011100010011010000 !
b101011111101110001 "
b101000111000110111001100101001001011000000101011 #
b100110101000101100001001001 %
b11 &
0'
1(
b11110 )
b0000001001111011 *
b1110101101110000 +
#206500
1$
#207000
0$
b110100001011001010110000010 !
b101001001001011101 "
b011000010010011100100001111100001001011101110001 #
b101111110011101010100101000 %
b10 &
1'
1(
b00011 )
b0111010110100011 *
b0000011111000110 +
#207500
1$
#208000
0$
b110001110111101011011000110 !
b011011101001010010 "
b101011011110001110011001001110110010011111100010 #
b011011000001101001111101110 %
b01 &
1'
0(
b01101 )
b0110011111111000 *
b1001101100010100 +
#208500
1$
#209000
0$
b011101100100010011010011100 !
b000011011010001101 "
b011110001000001100011001011001000100110000010110 #
b110001110111010110110011110 %
b00 &
1'
1(
b10110 )
b0000000000100110 *
b1100111111101011 +
#209500
1$
#210000
0$
b000010101100010011001111000 !
b110101001110111010 "
b100101100101111100011100011100101011101001100001 #
b001000111011101100101110001 %
b10 &
1'
1(
b01011 )
b1000110100010000 *
b0100010101011001 +
#210500
1$
#211000
0$
b110010000110110111011011110 !
b111110111100111011 "
b111010001011010010010001011101110010000001101101 #
b111101111111011001110000000 %
b10 &
0'
1(
b01111 )
b1101000111011000 *
b1011001010001101 +
#211500
1$
#212000
0$
b001111101100001110101111101 !
b111011010111001011 "
b100111110010110111001110111010111101010111000010 #
b001111010110010001001011011 %
b00 &
1'
1(
b01011 )
b1101111100111011 *
b0010100010011101 +
#212500
1$
#213000
0$
b000111011100110010011001111 !
b110001101101111111 "
b111010101001010100001010011000110101101010100010 #
b101101000011110011100111111 %
b01 &
0'
1(
b10111 )
b0101100010100100 *
b0100000011100100 +
#213500
1$
#214000
0$
b101010000101010110001100010 !
b101000000011001010 "
b111001011111101111111110111011000001000100011110 #
b110001011010011001101101011 %
b11 &
0'
1(
b01101 )
b0110101000111001 *
b0110000001010101 +
#214500
1$
#215000
0$
b010110111101011010101001010 !
b010010110011111100 "
b110100001110111011000001000000000000101111101010 #
b010101110101101100111101101 %
b01 &
1'
1(
b00111 )
b1010001010001010 *
b1001110000010001 +
#215500
1$
#216000
0$
b100001001101110011101000011 !
b001001001111010110 "
b010101110110110000001110010110000000111111111110 #
b101011000100110000001001110 %
b00 &
1'
1(
b00101 )
b1000101100000100 *
b1010010010001010 +
#216500
1$
#217000
0$
b101000000011101101001011000 !
b011111001100100011 "
b010101110100101011100100111110001000001001110111 #
b110000011110100111100011101 %
b10 &
0'
1(
b10010 )
b0000010110001011 *
b0111101011110010 +
#217500
1$
#218000
0$
b111001011011010111010100100 !
b001101011000111100 "
b101000011011000001100010000110111110110101111001 #
b110101010111011100010101111 %
b11 &
0'
0(
b10110 )
b0011101001010001 *
b0001100110000101 +
#218500
1$
#219000
0$
b001111111001010000011110111 !
b010101011110101010 "
b111110000100101111111001100100010110001110010101 #
b010101000011110010000101100 %
b10 &
0'
1(
b10101 )
b0111011000011000 *
b1011111000110100 +
#219500
1$
#220000
0$
b011110001001111001100110000 !
b010111101001101011 "
b101001101100010001111110000111001010111001100101 #
b110001011110110110000001010 %
b10 &
1'
1(
b00110 )
b0110111010010110 *
b0111000011001011 +
#220500
1$
#221000
0$
b011001100001101110001110001 !
b100010101100001000 "
b100100100100100100011110110100110011010011010000 #
b011111001111111111000100011 %
b11 &
0'
1(
b00100 )
b0010011001011110 *
b0000001100001110 +
#221500
1$
#222000
0$
b011000000100100101110010100 !
b011010100010010001 "
b110011001000101100011011111001011001111100111000 #
b000001101011011010011010101 %
b10 &
0'
1(
b00101 )
b0111010101110011 *
b1100010000011101 +
#222500
1$
#223000
0$
b011000001000010000110111011 !
b101010101100111100 "
b110011000100000110000000100001011011000101010111 #
b110100001010000000010101001 %
b01 &
1'
0(
b00100 )
b1111100011011011 *
b1000011001001100 +
#223500
1$
#224000
0$
b110100110111011001011110011 !
b000110110001000101 "
b010000010010110011110010011000000100111101010010 #
b000001001100111100111010110 %
b01 &
0'
1(
b10100 )
b1011010001100110 *
b1011110001101111 +
#224500
1$
#225000
0$
b110010101111110111111101011 !
b111010011010001101 "
b100010011010100000111010011101100011101111110000 #
b101100100000110011001101101 %
b01 &
1'
0(
b10001 )
b1100110111001001 *
b0011111111011101 +
#225500
1$
#226000
0$
b111110110110111010110011101 !
b011011000100011111 "
b001010001010110111101000010000010100110110001101 #
b101010011000101001101101110 %
b00 &
0'
1(
b00111 )
b0001001101111000 *
b1100011001100111 +
#226500
1$
#227000
0$
b100010010100111011001011000 !
b111011110111100001 "
b111101011101011110001110110011111010111111100011 #
b001010010011001111101011000 %
b00 &
0'
1(
b00000 )
b1000001101011011 *
b0011011110000100 +
#227500
1$
#228000
0$
b011011010110101110111100100 !
b001111000101010001 "
b000010100101101111001011010111011101100000010000 #
b111011111000111101101111001 %
b10 &
1'
0(
b10110 )
b1000000100001000 *
b1011000011001100 +
#228500
1$
#229000
0$
b100111001010001101010100110 !
b101001110100111101 "
b100010010110100011111111100010101010100100110011 #
b000100111100010010111110001 %
b00 &
0'
1(
b01110 )
b0001111001111100 *
b1001000100100111 +
#229500
1$
#230000
0$
b101001001101010111011010111 !
b000011000110000001 "
b000101101111010101100011000100011001100111011010 #
b100011110101100110110100100 %
b00 &
1'
1(
b01111 )
b0000101110000011 *
b1111101001100100 +
#230500
1$
#231000
0$
b100001001011101011101101011 !
b001111010011101111 "
b000000110001110111000111000000001100100000001100 #
b000001010101011001111110111 %
b11 &
1'
0(
b01110 )
b0100011100101111 *
b1011100100010010 +
#231500
1$
#232000
0$
b011010100110001000010011111 !
b001010101010110010 "
b001000100001100110011000010011111011110101100101 #
b111111000111001000000001000 %
b10 &
1'
1(
b01010 )
b1100010101000101 *
b1000100011100001 +
#232500
1$
#233000
0$
b101000101111000111001111110 !
b011100101101110100 "
b100000000110100011111101111110010001000101111011 #
b110011011001010001010100111 %
b01 &
1'
0(
b10110 )
b0110010100111110 *
b1011001011010011 +
#233500
1$
#234000
0$
b011000111001101101010111110 !
b110011101111000110 "
b011111101101001000110011011000100101100100011110 #
b110100010010000110010101000 %
b01 &
0'
1(
b00100 )
b0100001001101011 *
b1001000100011110 +
#234500
1$
#235000
0$
b010001111000110010001011010 !
b110110000100011110 "
b110001111101001000101100110101110001110001001010 #
b101110001001000010110110101 %
b10 &
0'
1(
b01011 )
b0101011000001011 *
b1110110110101001 +
#235500
1$
#236000
0$
b001001001000100010111100111 !
b010000100010101011 "
b010000001001010101000001010010000101000000111001 #
b010110010110111100111101100 %
b01 &
0'
1(
b01110 )
b0000001101110010 *
b0010011000100110 +
#236500
1$
#237000
0$
b111101000010111111100001101 !
b001000010101100011 "
b010000001011001011110101011101001100011000110011 #
b001110011101010110010111011 %
b00 &
0'
1(
b10010 )
b1000100110011101 *
b1001111001010001 +
#237500
1$
#238000
0$
b001100101100101100010011111 !
b100010110000001011 "
b101101110101001001101101111000010010110000001000 #
b110111110011010111011011110 %
b00 &
1'
0(
b10001 )
b0111010111100011 *
b0110010000101101 +
#238500
1$
#239000
0$
b101101100010011010101101100 !
b001100100010001001 "
b101000000001101000010101001000110100100110111000 #
b111011110100101101110011110 %
b00 &
0'
1(
b10101 )
b0000111010111001 *
b0000011110111111 +
#239500
1$
#240000
0$
b101111110001000010011110000 !
b011001111100011101 "
b011010101101000101100001111100111111101111001000 #
b101011101011001010000100000 %
b00 &
1'
1(
b00100 )
b1010110000110101 *
b1000100111011011 +
#240500
1$
#241000
0$
b100010111101110110010001010 !
b000100101111110010 "
b001111011100000011101101011011100100011100100101 #
b110110011001010001010011100 %
b01 &
0'
0(
b00110 )
b1010100101101001 *
b1011100000001010 +
#241500
1$
#242000
0$
b111111001010000100110010101 !
b011001011010110101 "
b101111111100001001011011010110110100011010110011 #
b110101101010111001001100101 %
b00 &
0'
0(
b10110 )
b0010010011010000 *
b0101100100000100 +
#242500
1$
#243000
0$
b011111011111101110111011010 !
b100010010000110110 "
b000101101010110101001010101100010101111111101110 #
b100000111010100000101000111 %
b11 &
0'
0(
b10110 )
b0111011010100100 *
b0000010110011011 +
#243500
1$
#244000
0$
b010010100101000011010011001 !
b110011001111000000 "
b100111110100000011001111011010010111010111110111 #
b100101111011010001001001110 %
b00 &
1'
0(
b11000 )
b0111000110001111 *
b0100000101000000 +
#244500
1$
#245000
0$
b100111100100110011010110000 !
b000011101110100101 "
b110101000001110000001101010101000001100100000000 #
b110010000000000000110101111 %
b01 &
0'
1(
b00100 )
b1111010011100110 *
b1110110001011110 +
#245500
1$
#246000
0$
b101000010001001010101101011 !
b110100100110011010 "
b000111001100110100011010011100010101100000001101 #
b110110101001111011100110100 %
b01 &
1'
1(
b00111 )
b1011111010100010 *
b0011010100110111 +
#246500
1$
#247000
0$
b100000010001010110000000101 !
b100000011111101000 "
b000111110001111001100101100101100010010101101001 #
b111010011000001000010100100 %
b11 &
1'
1(
b00110 )
b1101000110111100 *
b1111001001111100 +
#247500
1$
#248000
0$
b011000100100001000001111110 !
b101010010010110110 "
b100001000111011111101100010101100100001111110010 #
b001000100100101011011100000 %
b11 &
1'
1(
b01000 )
b1011100110011110 *
b0000000011101110 +
#248500
1$
#249000
0$
b101101111011101111100001110 !
b000111101111001010 "
b001100111001100011001111000000011001111011011001 #
b111111000111010000011101100 %
b11 &
1'
0(
b10101 )
b0111101101100110 *
b1000101110000100 +
#249500
1$
#250000
0$
b100111010001001110110010111 !
b001110110000110100 "
b000010011010011101000100100001010110001111110000 #
b101000110111000001100010001 %
b00 &
1'
1(
b11101 )
b1000110111101011 *
b1000000010111011 +
#250500
1$
#251000
0$
b001110111010110110010100100 !
b110110101111010000 "
b111101111011111001101001000100101100110001001010 #
b010001100001000010001011010 %
b11 &
1'
0(
b01100 )
b0100010110100000 *
b0111111001110101 +
#251500
1$
#252000
0$
b000110010000010011110100110 !
b101010110101011001 "
b110101010111001111010100101111100010110001010010 #
b001000010010110101110111100 %
b00 &
1'
0(
b01110 )
b1100000011111000 *
b0000101101111011 +
#252500
1$
#253000
0$
b011111010000101101101101101 !
b001101101101111011 "
b110100101010100101100100110110010100101100111110 #
b101110101110100101011101100 %
b10 &
1'
1(
b01010 )
b1110100001110000 *
b0011111001010100 +
#253500
1$
#254000
0$
b000110000001001000110000101 !
b000100111011110110 "
b101111110000000010101101100110010001000000111011 #
b000010101110101110100101011 %
b11 &
0'
1(
b01110 )
b0011000001010100 *
b1111010011110101 +
#254500
1$
#255000
0$
b001011000101100000110110101 !
b100110000110011010 "
b001100001010001110000000100000110001001001001000 #
b110110001110101111000011001 %
b10 &
0'
1(
b01011 )
b0011001001110011 *
b0011101110010011 +
#255500
1$
#256000
0$
b010111000001011101011010100 !
b101010001001110001 "
b100101100000011111100000101000110111110100010001 #
b111110110100000110101101101 %
b11 &
1'
1(
b00010 )
b0101011101001110 *
b1110011111100111 +
#256500
1$
#257000
0$
b000011010100001010101010011 !
b011101010101110110 "
b110101011000010000001011010100001010110101111111 #
b100111000101000011101001010 %
b00 &
1'
0(
b11011 )
b1110100000011011 *
b1111000001000011 +
#257500
1$
#258000
0$
b010010010001100000010000011 !
b011110000001101010 "
b100101010101010000001011000001011010111000110010 #
b100000000100010010110001111 %
b00 &
1'
1(
b11010 )
b1001000011000000 *
b0110010101110011 +
#258500
1$
#259000
0$
b000101111000110001010011100 !
b111111100011101000 "
b110010111111001001100110011000101011111011001000 #
b100000110000000000001000100 %
b11 &
1'
1(
b01001 )
b0110010011110110 *
b0100010010010110 +
#259500
1$
#260000
0$
b111001111101110010010111111 !
b010110100010100100 "
b111101100000010101111000011110110010100000011100 #
b111011110100010010110101100 %
b00 &
1'
1(
b11101 )
b1101111100101100 *
b0111101000100110 +
#260500
1$
#261000
0$
b000001000111011000000001111 !
b011011010100010000 "
b100101101011001101001101111110101010011110010111 #
b101111111011101011110111011 %
b01 &
1'
0(
b10011 )
b1001011011011110 *
b1000111001000101 +
#261500
1$
#262000
0$
b110110011101100010110100101 !
b111111110011001110 "
b000100001101110001000111000111000101100000111010 #
b110111010111001000001011000 %
b10 &
1'
1(
b11000 )
b0101110001101001 *
b0110101001000101 +
#262500
1$
#263000
0$
b011001000001100110010111010 !
b111111111010111010 "
b110010100111011010000101000100111110010101001110 #
b000001100000110010100100100 %
b10 &
1'
0(
b00001 )
b1001001011100101 *
b1000011110010000 +
#263500
1$
#264000
0$
b000000111010111001111100100 !
b000110011101011000 "
b010101010000000011100110111101110010011000011011 #
b010101100011000111001010100 %
b11 &
0'
1(
b10001 )
b0000100011010010 *
b1010001100110000 +
#264500
1$
#265000
0$
b010111101100001010101001001 !
b100101010010110110 "
b011111000010010000010010111111000101010100101110 #
b111001010110111011111101001 %
b10 &
0'
1(
b10001 )
b0111001000111010 *
b0101010110100000 +
#265500
1$
#266000
0$
b100000000000010100110011101 !
b111010110100101001 "
b100010110100100111001111011100101110010101010010 #
b000000001101111100111000010 %
b11 &
0'
1(
b01010 )
b0101110001100000 *
b0011011011000100 +
#266500
1$
#267000
0$
b001001010110100110101010010 !
b111001010110000011 "
b001001011111000110010100100010000011101110100001 #
b100101101110111100000110100 %
b00 &
0'
0(
b11011 )
b1000001000110110 *
b0110101110111101 +
#267500
1$
#268000
0$
b110100100100110010010001110 !
b010111000010101100 "
b010101110110011111111110111000101111110101011110 #
b110110100001010000100001101 %
b01 &
1'
0(
b00001 )
b1011011000000000 *
b0001000000111111 +
#268500
1$
#269000
0$
b110001000111111000011011110 !
b101000010111011111 "
b110100011110001100111111001001000101011111001101 #
b110010100101100101111101111 %
b01 &
1'
1(
b01100 )
b1000110011100110 *
b0100100010101010 +
#269500
1$
#270000
0$
b100100101110001010101011010 !
b110010010010110000 "
b000101010101111010011110010111100000000110001011 #
b000100110010110110010011101 %
b10 &
0'
1(
b11101 )
b1111001111010000 *
b0100010001101101 +
#270500
1$
#271000
0$
b011010011110111010101011010 !
b000101010101001010 "
b010010000100110100100000010100111001111101010001 #
b100011010000001110001001110 %
b10 &
1'
0(
b00111 )
b0011010111101000 *
b0001100101001100 +
#271500
1$
#272000
0$
b010001101111000111110011110 !
b101110001100000110 "
b000011000000111101111010111111001110100101001001 #
b101111001101000000000100011 %
b10 &
0'
1(
b11011 )
b1100111110010000 *
b1111100111010011 +
#272500
1$
#273000
0$
b001101000011001101010011101 !
b110100100110111110 "
b000100110011101110001011001011011011011101010100 #
b100011001111101110000010010 %
b01 &
0'
1(
b01001 )
b1101110000000000 *
b1000010000100011 +
#273500
1$
#274000
0$
b001000100001110011100011010 !
b000010010000011001 "
b110100000110101001110001001101011001110101010101 #
b010111010010101101010100100 %
b11 &
1'
0(
b00000 )
b1111110101000001 *
b0101000011000011 +
#274500
1$
#275000
0$
b011010101110000100000100001 !
b101111111111000110 "
b111000110000100100101001111011111001010111101001 #
b100011101001011110011001000 %
b00 &
1'
1(
b10110 )
b1010100111100010 *
b1010000100100010 +
#275500
1$
#276000
0$
b110111110111011101111010110 !
b100001101001111100 "
b001011110011001001101100101100010011110011010001 #
b111110010001100111001000101 %
b11 &
0'
0(
b00011 )
b1001011001100010 *
b0010000101001010 +
#276500
1$
#277000
0$
b111110010100100110101001111 !
b100101100011001110 "
b000111110101100010000001100110001111100111001100 #
b101110001011011100101010101 %
b01 &
0'
0(
b11001 )
b0000111000100111 *
b0101110001111110 +
#277500
1$
#278000
0$
b111101100101111010111111111 !
b011101001100010001 "
b111011010101001101010101101111011010101101011111 #
b111101101100100110111100101 %
b10 &
1'
0(
b00111 )
b1110110011110101 *
b1110111010111011 +
#278500
1$
#279000
0$
b101000101010100110010000100 !
b000000100110010011 "
b111110110100110100000011100100100011100001000101 #
b011111010001111000101010111 %
b00 &
0'
0(
b11100 )
b1000110101001101 *
b0000101000110100 +
#279500
1$
#280000
0$
b000000100101100101111001010 !
b001110101110011100 "
b111000110010101011000011110001000010011101010100 #
b000101011010101111100101101 %
b10 &
1'
0(
b00001 )
b1111001000100011 *
b1000011100110101 +
#280500
1$
#281000
0$
b001100110100001110110111101 !
b001101011001110110 "
b010010011110110001110001011001111100011110111001 #
b001111100011011010010110110 %
b01 &
1'
0(
b01010 )
b0110010001011000 *
b1111000111000111 +
#281500
1$
#282000
0$
b101001110100011100111000010 !
b000100101100111101 "
b100110000010010100110001111110110101011011111010 #
b001011100111011011011101011 %
b00 &
1'
1(
b01001 )
b1111010010010110 *
b1110111011010110 +
#282500
1$
#283000
0$
b100101001100110110000010011 !
b011011010001111000 "
b011110010101100110011101000110010000011111100010 #
b010111010000110011011001111 %
b00 &
0'
0(
b11101 )
b0001101011010010 *
b1010100010111110 +
#283500
1$
#284000
0$
b101000000010100100101001101 !
b100100111111010101 "
b100111101010100110101010000111111000010001010010 #
b111100111100001100111000000 %
b11 &
0'
1(
b10110 )
b1001010100001010 *
b0101011111110110 +
#284500
1$
#285000
0$
b010101101100000110000101100 !
b000100101111010110 "
b011010111001000110100101100111010000010101001011 #
b001100011111111011000001111 %
b10 &
1'
1(
b01111 )
b1111001110110101 *
b1101011110001100 +
#285500
1$
#286000
0$
b110101010000100101001001000 !
b100110111010001001 "
b101010010001001010010000010010010000100001001101 #
b100011001110010011001000111 %
b11 &
1'
1(
b01111 )
b1001100110010111 *
b1010111000110100 +
#286500
1$
#287000
0$
b101111010000011010101001010 !
b100100110110000101 "
b110110110110111011100111101111000101001110010011 #
b110001001001110000010010100 %
b01 &
1'
0(
b00101 )
b1101010100000011 *
b0100010010101101 +
#287500
1$
#288000
0$
b101011001111011001111111100 !
b110100011100010001 "
b010011010011000010000110010000100110101110101010 #
b100100000011111000000111101 %
b11 &
1'
0(
b10011 )
b1000101000101010 *
b0100001001010111 +
#288500
1$
#289000
0$
b010000010110000011101101111 !
b010011110110110000 "
b100110101100011100000011110000010100000100101101 #
b110000011110001100110101101 %
b00 &
1'
0(
b01110 )
b1110010001010100 *
b0101101100000100 +
#289500
1$
#290000
0$
b001110110110110111000110101 !
b100000100000101101 "
b001101011000101001110001101101000011010111111111 #
b101100110001001010111011100 %
b01 &
1'
0(
b10110 )
b1111110100001110 *
b1010000000110110 +
#290500
1$
#291000
0$
b001001010001001111101010100 !
b011000100100011011 "
b011011111111011011011100110000011010111110110110 #
b000011011110001101010111101 %
b10 &
0'
0(
b11011 )
b1100100011101101 *
b1110101001011111 +
#291500
1$
#292000
0$
b000000100001100011000111110 !
b010000010111110001 "
b100010101000010111000000010111001110011110110101 #
b101111011111011011000110110 %
b00 &
0'
0(
b00000 )
b0101001100010000 *
b0101011010010001 +
#292500
1$
#293000
0$
b010011110000111100001101101 !
b100101101101010011 "
b110010010111010111100000110000100001010110111110 #
b110100101111001110110101001 %
b11 &
0'
0(
b10110 )
b0001010011101100 *
b0101010000100001 +
#293500
1$
#294000
0$
b000111101011000011011011010 !
b101010111110011000 "
b110100100010110011111101001100100100010011110010 #
b101001010011101101010110101 %
b00 &
0'
1(
b10110 )
b0100101101010110 *
b1111010110100000 +
#294500
1$
#295000
0$
b011010001101111110001011001 !
b100110111000000011 "
b001110111000100101010111001111010101110111000111 #
b000001101111011100000011010 %
b11 &
1'
1(
b10110 )
b0010111011011000 *
b1100000101101010 +
#295500
1$
#296000
0$
b110001000010011011011011101 !
b110000011011101101 "
b101111111111010110000001000100011001011011001010 #
b100100101111010001111011001 %
b10 &
0'
0(
b01001 )
b0110000011000101 *
b0110101110100001 +
#296500
1$
#297000
0$
b111011010101100100000011011 !
b100001101100001001 "
b011101100010000111111001000110010110101010100110 #
b110011111000100011101000001 %
b11 &
1'
0(
b11110 )
b0011001011110000 *
b0110100001011111 +
#297500
1$
#298000
0$
b111100000000000001010111101 !
b001110110100101010 "
b000010101100111110011011100111001001011000111111 #
b100111100001011001101110101 %
b00 &
1'
0(
b00111 )
b1011011010010001 *
b0110010100001001 +
#298500
1$
#299000
0$
b011000010001110111000100100 !
b001101011100110001 "
b001001101110100010011111001100110010000101000101 #
b101110000101011110011011000 %
b11 &
0'
1(
b10111 )
b1110000100001111 *
b0101110000101111 +
#299500
1$
#300000
0$
b000000000101111111100100111 !
b101101100111000101 "
b101011111111101110110100010110000011010111011011 #
b010011101010100010111010000 %
b01 &
0'
0(
b10101 )
b0010010101111001 *
b0000011111111011 +
#300500
1$
#301000
0$
b111111011111100000110000111 !
b010111101110101000 "
b100011011100110001101111110111101011101111110111 #
b010101111000011001010110101 %
b11 &
1'
1(
b01111 )
b0101000101001101 *
b1111000001100101 +
#301500
1$
#302000
0$
b100110101001000000010000010 !
b000111001000110001 "
b101001010101010010010101011001111001011101011001 #
b010010101101001101101111101 %
b11 &
1'
1(
b01000 )
b0110110111110101 *
b0000001011100100 +
#302500
1$
#303000
0$
b110101111000110010000110000 !
b010011111000101110 "
b000101100010000011000000100100111011100011001011 #
b101000111000001000010001000 %
b01 &
0'
1(
b00111 )
b1101111011000110 *
b1001101100001010 +
#303500
1$
#304000
0$
b101111110111011011001111000 !
b101001001011000110 "
b111110010011010010111111110101110011110000000100 #
b111111010101100101010110001 %
b11 &
0'
0(
b01011 )
b1100100011001111 *
b0011101100000101 +
#304500
1$
#305000
0$
b000011011110000010111001110 !
b000110100011110010 "
b100000111110011010011000110011111011101101000100 #
b100000111010000100000001001 %
b10 &
0'
0(
b01001 )
b1110110000101011 *
b0000110001011111 +
#305500
1$
#306000
0$
b111110100111111100110011010 !
b111000100110000000 "
b001101111101111000010001011111000111110111001011 #
b000000001100111111010000100 %
b10 &
0'
0(
b10111 )
b1011011100111111 *
b1101101000111110 +
#306500
1$
#307000
0$
b000001010110001011010011101 !
b000100001111000001 "
b000000100100101100001110000101010101110100101010 #
b000010001110110110011010010 %
b10 &
0'
0(
b11001 )
b0000010011001100 *
b1001110010001100 +
#307500
1$
#308000
0$
b000000100100000010101010110 !
b100011110001110010 "
b011110000000110100110110000110111010010111011110 #
b001100110011101001100101001 %
b01 &
0'
1(
b10001 )
b1000010110000010 *
b0100000001011010 +
#308500
1$
#309000
0$
b111000111000011111010001101 !
b001110111100011110 "
b001101011111001100101110110000111100110000110011 #
b011001000011011000111101010 %
b11 &
0'
0(
b11111 )
b1000111000101010 *
b1011001101010111 +
#309500
1$
#310000
0$
b011100111101111111001000011 !
b000010010000110001 "
b010100111010000101010100110101101111010010010011 #
b011010000010000101101111001 %
b00 &
0'
1(
b00101 )
b1000000101101111 *
b1010001111100000 +
#310500
1$
#311000
0$
b000101111111101100110101010 !
b110000101111000011 "
b001101111110011100101111010100100110100111001111 #
b001110011001001010010110011 %
b00 &
0'
1(
b11001 )
b0001100100001000 *
b0000111100001101 +
#311500
1$
#312000
0$
b110010110111101111111001010 !
b010100000101100100 "
b101110011111101011100000110010000000001001100110 #
b001001010111001111010111000 %
b00 &
1'
0(
b00100 )
b0011101100011110 *
b0000101100001001 +
#312500
1$
#313000
0$
b101111110110001101110010100 !
b010010010100011010 "
b010110000010010111110110001101111000001001101011 #
b000011101110110101111100010 %
b10 &
0'
0(
b00110 )
b1100101100100000 *
b0011101001010001 +
#313500
1$
#314000
0$
b101010100010111000101001101 !
b001011110110001110 "
b000011101011010000011110100000110111111100100011 #
b001100111100111001100000010 %
b00 &
1'
1(
b00011 )
b0001011001100001 *
b1111001111011111 +
#314500
1$
#315000
0$
b110010010100100101111101110 !
b110011111100001001 "
b001110000100011110111110000100010010101111000001 #
b111100000011101010111010100 %
b01 &
1'
0(
b10000 )
b0110110000111111 *
b1101111100000011 +
#315500
1$
#316000
0$
b001111111010011011011000111 !
b101110001111101110 "
b101110010101001100001000010000100110001101111001 #
b010000000111001111010000011 %
b11 &
0'
0(
b01011 )
b0101101101110011 *
b0111010001001010 +
#316500
1$
#317000
0$
b110000111011001011001100110 !
b110111111101001011 "
b101010001101100011101100001000100101010011011001 #
b110111100000010000100000110 %
b10 &
0'
1(
b10101 )
b0110001011110011 *
b0001011011100001 +
#317500
1$
#318000
0$
b011011010001010001111101010 !
b111011101000011000 "
b110101001111111000111110100101110011101100011111 #
b110101001000100000011111011 %
b01 &
1'
0(
b11101 )
b0010110110111010 *
b1001101011011100 +
#318500
1$
#319000
0$
b101001100010110101101110100 !
b000111010010010010 "
b000100101000000000111101010111100001100110110101 #
b110001011101110111011101001 %
b11 &
0'
1(
b01000 )
b1000100001000010 *
b0100110111000110 +
#319500
1$
#320000
0$
b111010111011011101101001111 !
b111110001011100001 "
b010101011100010111101110010001110010000111010111 #
b110000010011011101011101110 %
b11 &
0'
0(
b01110 )
b0101110101000111 *
b0101101000010101 +
#320500
1$
#321000
0$
b010100001101111000110110110 !
b011001010110001110 "
b011110001010100011110101010001100011001001110110 #
b100000101110000001110110011 %
b00 &
0'
0(
b01001 )
b0010101100000011 *
b0100110101011101 +
#321500
1$
#322000
0$
b100100010001101011001100011 !
b001000000111001100 "
b100011000110110011011111001000011100101010011011 #
b101101100001111000001001001 %
b10 &
0'
0(
b01110 )
b1010010100010111 *
b1010000010010111 +
#322500
1$
#323000
0$
b001001101111100100000101000 !
b001000101001101111 "
b000101000110011000101001001111101101000101111111 #
b110100000000101000101011010 %
b10 &
0'
0(
b01011 )
b1010010100100010 *
b0101000010110001 +
#323500
1$
#324000
0$
b001010111110101000111111110 !
b010001101111101111 "
b011110010001101011011011000111001001100111011111 #
b010011110100101100100100010 %
b00 &
0'
0(
b10001 )
b0101101001101111 *
b1110001011100111 +
#324500
1$
#325000
0$
b011100110001111000110011101 !
b111010101001011110 "
b110110000100010000011011100000000001110010111011 #
b001001111110001011110100011 %
b10 &
0'
0(
b10101 )
b0010111111010001 *
b0111101011000101 +
#325500
1$
#326000
0$
b100010001101101111111000110 !
b000010001111001111 "
b000010111111111111111100001100010101000101010011 #
b101110011110010010111100110 %
b11 &
0'
1(
b01011 )
b1011110001000001 *
b1111011001100100 +
#326500
1$
#327000
0$
b010111011011011110100000111 !
b100000011111101110 "
b110111101100110111101111001101000110000010010010 #
b010110101111010100010100001 %
b11 &
1'
1(
b10000 )
b1010000010000101 *
b1100111101101100 +
#327500
1$
#328000
0$
b101010100111010010110111101 !
b010111111110000100 "
b101001110111100101010111100100100101110100101111 #
b000111101101001110000111100 %
b00 &
1'
0(
b00001 )
b1111101000100000 *
b0100010101011000 +
#328500
1$
#329000
0$
b111000101001111111100001011 !
b100111010010100001 "
b111101110000010110110110001010111010000111010111 #
b110011000110000010100001110 %
b00 &
0'
0(
b11010 )
b1101100100010000 *
b0100110111101101 +
#329500
1$
#330000
0$
b010100111011101010011001110 !
b100100000011011010 "
b001111101000110101100111001010000001010000110100 #
b010111000001011111101110101 %
b11 &
0'
0(
b11110 )
b0100101001100000 *
b1011001010011110 +
#330500
1$
#331000
0$
b100100011000011001010000111 !
b000000011011111101 "
b000110001101111000110010000000010111100011100111 #
b111110011100111110011011010 %
b00 &
0'
0(
b10000 )
b1110001111101100 *
b0100010000111011 +
#331500
1$
#332000
0$
b001001000000111101100000110 !
b001010011001000100 "
b000100110100110100111010011000110011100011101110 #
b010011111011101011000101010 %
b10 &
1'
1(
b11100 )
b1110001110111101 *
b1000101000011001 +
#332500
1$
#333000
0$
b100110011010101100011111100 !
b111001110100111101 "
b100010101011101111011101000001100100100001011111 #
b110010100000110101100010011 %
b01 &
1'
1(
b01110 )
b1001010010110001 *
b1000001100000010 +
#333500
1$
#334000
0$
b011110011001100000010111100 !
b001011101101000101 "
b110111010011101010000011001011111111111101101000 #
b010110110000101010010000111 %
b00 &
0'
1(
b00010 )
b0100011011100100 *
b0011010010001001 +
#334500
1$
#335000
0$
b001110101001101111000011110 !
b110000110101001110 "
b001000100011001000100100011011011110011001010001 #
b110001011100001100110101100 %
b00 &
0'
0(
b01111 )
b0101110011100101 *
b0010111100010111 +
#335500
1$
#336000
0$
b000011001001111000100110001 !
b110010001000100110 "
b000101010001110001011100001111101000110011001011 #
b100111000001010011101111001 %
b00 &
1'
1(
b11011 )
b0011011000011110 *
b0001011001001010 +
#336500
1$
#337000
0$
b011100001111010111001101111 !
b101001001101000110 "
b001100100100000110100111111011101100111000010110 #
b100110100000001101110101011 %
b01 &
0'
1(
b10110 )
b1101011010000100 *
b1101010111101000 +
#337500
1$
#338000
0$
b101010111010110100000001010 !
b101101001111000110 "
b111011011111001111111100001111001000110010000111 #
b000001001001100000111011110 %
b00 &
0'
1(
b01111 )
b1000110101010110 *
b0000100101000100 +
#338500
1$
#339000
0$
b111001101011100010110001100 !
b000011010110100001 "
b010111011110010011011010011011111110001000100000 #
b011111111111110100110000111 %
b10 &
0'
0(
b01111 )
b0001000101111100 *
b1000001011011100 +
#339500
1$
#340000
0$
b010100011001111101000011111 !
b101010100000111001 "
b111011101110110010111101110101000110011011011011 #
b100100010011001000111111100 %
b10 &
1'
0(
b10011 )
b0101000101011000 *
b1110001111110000 +
#340500
1$
#341000
0$
b110010001010000100010000010 !
b100100101010100011 "
b011110110001110100010110111011111110110110101101 #
b010101101000011011100111000 %
b01 &
1'
0(
b01000 )
b0001000000011100 *
b1111110111000001 +
#341500
1$
#342000
0$
b101010001000110101011010011 !
b101001010101001101 "
b010100101010110011011011111100101011111111101001 #
b000001001110000001011000000 %
b11 &
0'
1(
b01010 )
b0011100111001101 *
b0101000000100101 +
#342500
1$
#343000
0$
b010000110011001100010100010 !
b110101011000110111 "
b010000001001110111010001010001010100011100001001 #
b110111101000111101001011000 %
b01 &
1'
0(
b01101 )
b1111001101101000 *
b0000001100010001 +
#343500
1$
#344000
0$
b010010110110010101010101000 !
b001010011001000000 "
b010010100111000010100010001110100111001100101100 #
b000011000111000100000010011 %
b00 &
0'
0(
b11101 )
b1001110011101011 *
b0011011110100111 +
#344500
1$
#345000
0$
b010001110011111110001110010 !
b010110110100000100 "
b101001110111011011000100101001010011010011001000 #
b101110000001000001001101111 %
b10 &
0'
1(
b01001 )
b1001101111001010 *
b0100000110000010 +
#345500
1$
#346000
0$
b101011001110011000100001110 !
b001011000010000010 "
b001001001000111101010010100110100001101001001010 #
b010110100000101000010010010 %
b00 &
0'
0(
b10000 )
b1011111010010101 *
b1001000100100111 +
#346500
1$
#347000
0$
b101100100100011001010100100 !
b110111111011110000 "
b011001010101010100110001001110000111010011001101 #
b111110110111100000111010110 %
b01 &
0'
1(
b01111 )
b1111100010011000 *
b1011001010100101 +
#347500
1$
#348000
0$
b001111100010111001100111011 !
b000010011010101001 "
b101000111100010010111010111111010111100011100010 #
b001111110110001101111101111 %
b00 &
1'
0(
b00001 )
b1000010011110100 *
b1000000111010011 +
#348500
1$
#349000
0$
b011110001011111110100111100 !
b100100011110101000 "
b101100110001100001111011111110000101001010001110 #
b010100111100011101010010101 %
b11 &
1'
1(
b00101 )
b1001000000100110 *
b1011010101001110 +
#349500
1$
#350000
0$
b011111110100011011011000010 !
b011001011100110111 "
b011000101101000100000011011000101100101110100100 #
b100011010111101101111111010 %
b10 &
1'
1(
b10111 )
b0111001101010110 *
b0010101001010111 +
#350500
1$
#351000
0$
b100101111110011111101110001 !
b100101101011001010 "
b000011010011010001011111100001011010100111111101 #
b110101110011100110101100000 %
b10 &
0'
1(
b01011 )
b0111000000010010 *
b0011110011001100 +
#351500
1$
#352000
0$
b101100000000110000110000010 !
b101001010001011011 "
b100010111111000110101001100011010010111100100010 #
b010011011011100010100010011 %
b11 &
0'
0(
b11000 )
b1101111100100101 *
b0101101101101001 +
#352500
1$
#353000
0$
b001100011111101010110101010 !
b001010010100111111 "
b011100010011010000100010011110001100010000101100 #
b111011100011000110101000010 %
b11 &
0'
1(
b01011 )
b1001000100111101 *
b0101011001010010 +
#353500
1$
#354000
0$
b111110000100100010000010000 !
b110011101110011001 "
b100100011001101000101100011001011001000110111000 #
b011111011000101111111111001 %
b01 &
0'
1(
b00111 )
b1110001001101010 *
b1110000001100110 +
#354500
1$
#355000
0$
b100111000000010000011000111 !
b000011110011010001 "
b101001111000100001110001101100010000100110101001 #
b001010011101110010000110110 %
b10 &
0'
1(
b01100 )
b1111111001011100 *
b0111011101000110 +
#355500
1$
#356000
0$
b000111111001001101001000010 !
b010100001001011110 "
b001000110110100101000011000101110100000010101011 #
b111111011100110110011101010 %
b00 &
0'
0(
b00101 )
b1100111000110001 *
b1110100101101001 +
#356500
1$
#357000
0$
b101111011101010100101110100 !
b100111100000001001 "
b010011101110001110000111101111110011011000101000 #
b001110111111100000000010000 %
b10 &
1'
0(
b01110 )
b0111010100111110 *
b1000001010101100 +
#357500
1$
#358000
0$
b100011010101100000000001000 !
b010011111010001111 "
b100001010001100100101011011101101001010000000110 #
b100111011001100000110000110 %
b10 &
1'
0(
b10010 )
b1101011110111000 *
b1100100110011001 +
#358500
1$
#359000
0$
b001101001110110000111100010 !
b010010000101010001 "
b001001111001001110101100011010010000111001000011 #
b101011101010011000000011010 %
b00 &
1'
1(
b01010 )
b0001111001111010 *
b0110110011101001 +
#359500
1$
#360000
0$
b011000010100100010100111001 !
b101101101001010101 "
b100000110100011010100111100110111111000101010001 #
b101111000000111010110111011 %
b00 &
1'
1(
b01110 )
b0111001100001100 *
b1101000010011111 +
#360500
1$
#361000
0$
b100010001000000011010001010 !
b011100010011111001 "
b110101011101011001011101000111111111011100000101 #
b001101001101011111111000100 %
b00 &
0'
1(
b00011 )
b0001100011101000 *
b1000100111001010 +
#361500
1$
#362000
0$
b011000110011011100101011010 !
b001000110010011010 "
b011001011010110001110001100000011101011101110111 #
b001011101001011010110100110 %
b01 &
0'
1(
b11011 )
b1001011111110100 *
b0000100101010010 +
#362500
1$
#363000
0$
b100101100100111110111100011 !
b001100011010010010 "
b111110011100000111110010011001010001010111110100 #
b100101110010011000000011100 %
b01 &
0'
0(
b01001 )
b1110100110100011 *
b0101100101001010 +
#363500
1$
#364000
0$
b110001101001111110011101101 !
b110000011001001011 "
b110101111000011000101100011011000000010000110011 #
b100110010000111100001111101 %
b01 &
0'
1(
b11000 )
b0000011100001110 *
b1000111001110010 +
#364500
1$
#365000
0$
b000011111000000010111010111 !
b110011000111000001 "
b000100001001111110101011111101101110011011100010 #
b111110011011010001011000101 %
b11 &
1'
0(
b01110 )
b1101100110001011 *
b0101000110101010 +
#365500
1$
#366000
0$
b011100010000110010001000100 !
b010101011101011000 "
b101111101111111111100011100010111011001101110101 #
b000110100000010100110011001 %
b01 &
0'
1(
b01110 )
b0100011100111000 *
b1110111000110011 +
#366500
1$
#367000
0$
b011010001100110100011001111 !
b011101110001111011 "
b100000011110100101010100110011100111111011000011 #
b000110001001010101011011000 %
b00 &
0'
1(
b11011 )
b0110110101011101 *
b1110001000101001 +
#367500
1$
#368000
0$
b111000110100111001010101000 !
b100111010001001010 "
b110110110010100110111101101011101111101011111110 #
b011110100100111010100111000 %
b10 &
0'
0(
b00100 )
b0101100110010110 *
b1111100010100011 +
#368500
1$
#369000
0$
b001000110010000010000101010 !
b100111000110101110 "
b001110011001011100110001100010010000010011110001 #
b110010010111110111110011101 %
b11 &
1'
0(
b11100 )
b0111010000111000 *
b1010011001001011 +
#369500
1$
#370000
0$
b111000001000111010011100110 !
b001001111101111110 "
b101100101111110000011010011110001001100110001100 #
b000110100101101100001001110 %
b01 &
0'
0(
b00100 )
b1111110101000110 *
b0101111111100001 +
#370500
1$
#371000
0$
b100011110110101101000100010 !
b010100100101011101 "
b010001111011011011110000000001111110110000011111 #
b011001011110010100110000101 %
b00 &
0'
0(
b10110 )
b0111001000000011 *
b0100110100111010 +
#371500
1$
#372000
0$
b101111011010010011110101101 !
b101101100101111000 "
b101001001100000001001101100101111011010110100000 #
b100101001100100010100110001 %
b01 &
0'
1(
b11000 )
b0100101000100100 *
b0010110010010100 +
#372500
1$
#373000
0$
b000110011010111010011010000 !
b011111010100011000 "
b011100100001111000101110000000011111100011110000 #
b001001110100000011100100000 %
b01 &
0'
1(
b00011 )
b1000100101000000 *
b0101000110001110 +
#373500
1$
#374000
0$
b010100001111110000101001110 !
b111111101010000111 "
b011111101000100011010010111110001011100101010100 #
b111100111001010010011101110 %
b10 &
1'
1(
b10100 )
b0101011101001101 *
b1011100101000000 +
#374500
1$
#375000
0$
b100101001101010011100001000 !
b010100011101111011 "
b100101111010000010001111111101110001000100100110 #
b110011001000111110001100010 %
b01 &
0'
0(
b10110 )
b0110010011100110 *
b1101001011100000 +
#375500
1$
#376000
0$
b100010010100100001001000010 !
b111010000101110101 "
b001010101000010000110111110101111010110111111010 #
b001111011011001110101111100 %
b10 &
0'
1(
b10011 )
b1110111011110111 *
b0011111011001101 +
#376500
1$
#377000
0$
b000011010011011110000110001 !
b110001111101011101 "
b111001111100000101010010001010010100111001101100 #
b100111101010000110001010111 %
b11 &
0'
0(
b01101 )
b1111000101010000 *
b0000011110011011 +
#377500
1$
#378000
0$
b010110000010001011110001100 !
b010111000000100101 "
b100110011010100101011100100011111000110110011010 #
b100110000110010000110000000 %
b11 &
1'
1(
b01101 )
b0011010110001000 *
b1100100101100010 +
#378500
1$
#379000
0$
b111001101111110011000101100 !
b110110101000000010 "
b010010011110001011111110001110101110101100010001 #
b111010000011011100010100100 %
b00 &
0'
0(
b11111 )
b1011001011010111 *
b0110001001110011 +
#379500
1$
#380000
0$
b101010110111100101111101010 !
b110001100000110110 "
b000000100010010100101100111101011110100010101111 #
b011000111000000110110010110 %
b10 &
1'
1(
b11110 )
b0101100110100100 *
b1001101010101110 +
#380500
1$
#381000
0$
b110010001001110010100100100 !
b110001111011010111 "
b110101101111110110011101100110001100010100101100 #
b111001001111010111000111001 %
b00 &
0'
0(
b11010 )
b1001110010000001 *
b0101000111111100 +
#381500
1$
#382000
0$
b011000100111101100100110001 !
b001101000010100111 "
b110111110000101010110101111100111110000000001000 #
b010010110010111010001010101 %
b00 &
0'
0(
b11001 )
b0101100111011110 *
b0001011111011111 +
#382500
1$
#383000
0$
b110011101111111100011100100 !
b011010000110100001 "
b001001110011101011110011101101011011011010000010 #
b000111001000010011000010011 %
b10 &
1'
1(
b11010 )
b1111110010111000 *
b0010110111101101 +
#383500
1$
#384000
0$
b110000001110001101000010001 !
b010101110010000010 "
b011000000010011000100100111011011001111000000001 #
b011011111101111110100010000 %
b01 &
1'
1(
b10100 )
b1111000111000000 *
b1011001101101010 +
#384500
1$
#385000
0$
b100001011101111011100000110 !
b111110010010101010 "
b111100010011010001000110111101011101111001110000 #
b111100000001010011011101010 %
b00 &
0'
0(
b00101 )
b1111100001010100 *
b1000100110110000 +
#385500
1$
#386000
0$
b001010010001011111100100111 !
b111101101101001010 "
b001001011000110111110111110111011010010011101101 #
b000111101010110110100101100 %
b01 &
1'
1(
b00100 )
b0110111001101000 *
b0010001001000000 +
#386500
1$
#387000
0$
b110110011000010010010111000 !
b010101010111011000 "
b110010110011001010011011010100001010110000111110 #
b101110111000110001000110110 %
b10 &
1'
0(
b10011 )
b0010001100011000 *
b0000010101001110 +
#387500
1$
#388000
0$
b010110111100111011110101000 !
b110001110111011110 "
b001110011110111100101100100101010010101001001111 #
b001111000010101000101111001 %
b10 &
0'
1(
b01111 )
b0000100011000101 *
b1110110000110000 +
#388500
1$
#389000
0$
b101001101100000100000011101 !
b000101101111101001 "
b100010000110101100100010001100011010101001111001 #
b011110000000100011001110110 %
b10 &
1'
0(
b00110 )
b0101110001001010 *
b1011010101110101 +
#389500
1$
#390000
0$
b001000110100101101111001000 !
b010001111011000100 "
b101111011000000111100100110001011100000100110011 #
b010110010011101000001010100 %
b11 &
0'
0(
b01111 )
b0000011110100010 *
b1000011101101110 +
#390500
1$
#391000
0$
b011101100011011101011000010 !
b111000110010000100 "
b101110000001011000110010011011110100100010010001 #
b001111011010101100001000010 %
b00 &
1'
1(
b11001 )
b0000000101001011 *
b1011100011110011 +
#391500
1$
#392000
0$
b101100100111101101001010101 !
b010011011101010011 "
b010001000101100000001010110010101101101001001010 #
b110100011101011011100011010 %
b10 &
0'
0(
b11001 )
b0001101100011011 *
b1101000000111100 +
#392500
1$
#393000
0$
b110011011010000011111100101 !
b110001010111111111 "
b000111000011001011011011011001011010110101010000 #
b110111011111011010001000110 %
b01 &
0'
0(
b01110 )
b1011011111111000 *
b1110111000110000 +
#393500
1$
#394000
0$
b111111100111101011010010111 !
b100100111010010001 "
b101101011100001010000101110100011001001101000001 #
b101001101110011100100111010 %
b01 &
1'
0(
b00100 )
b0110111001100001 *
b0101111100011000 +
#394500
1$
#395000
0$
b101001011110011010101001001 !
b010110010101000101 "
b110000000010100011101110101100001011010111110010 #
b011000100011101010010011101 %
b01 &
0'
0(
b11110 )
b1000110010001011 *
b1110110001000001 +
#395500
1$
#396000
0$
b001101001011100010010100010 !
b001100100001010101 "
b001001010001001100010000101101101111101101110101 #
b001111001110110110101110011 %
b00 &
0'
0(
b10101 )
b0110010011000001 *
b0111010011101110 +
#396500
1$
#397000
0$
b110010001101010011101011101 !
b100111011101110011 "
b100100010101100001110000110101110011100111110110 #
b000110000110101001101111111 %
b00 &
0'
1(
b11010 )
b1101000110100001 *
b1000011011111011 +
#397500
1$
#398000
0$
b000000011111000100101101001 !
b000010110101100010 "
b110110101011111001101110001000001001111111010110 #
b110010010010010100111000100 %
b01 &
0'
0(
b11011 )
b0011110001010110 *
b1011000111111000 +
#398500
1$
#399000
0$
b110001011000100010110111111 !
b101010010001111100 "
b111001111110000001011111110101011110100010001111 #
b011010100010101110111101110 %
b11 &
0'
1(
b10111 )
b0000110000011011 *
b1000000110011101 +
#399500
1$
#400000
0$
b011101000101100001010101110 !
b001000010001010011 "
b111010110110100010110000010100010010110011011101 #
b100001011110110111100011101 %
b01 &
1'
0(
b01011 )
b0001111000000010 *
b1101011101011000 +
#400500
1$
#401000
0$
b110111001010010001100000111 !
b001111101101010100 "
b101000111011100010100010101110111000001101001100 #
b000111111110001000110000011 %
b01 &
1'
0(
b11001 )
b0000010011100010 *
b0101110110001100 +
#401500
1$
#402000
0$
b001000010100001001101010111 !
b001001101000010010 "
b000001100101011001001001110010000111100010101100 #
b011110001110110011101001000 %
b10 &
0'
0(
b00010 )
b1100000000001101 *
b1100101111100001 +
#402500
1$
#403000
0$
b111110101100011110110000011 !
b111110101111000010 "
b011011100101011010010110111100011000101111010011 #
b000101111000001111101000110 %
b01 &
1'
1(
b10000 )
b0001100011001100 *
b0010000011110011 +
#403500
1$
#404000
0$
b100010011110011100110000111 !
b110110010001100101 "
b101101001111000010101100100011000111000101101000 #
b111100011011101111010111110 %
b01 &
1'
1(
b10001 )
b1111001110010110 *
b0110100011111101 +
#404500
1$
#405000
0$
b001111011110011000100111110 !
b111010010110110100 "
b100001011111101011111111011100100000101111000100 #
b011000010011111010101011010 %
b01 &
1'
1(
b01010 )
b0111000000010111 *
b0001110111100101 +
#405500
1$
#406000
0$
b000100010011011101110110111 !
b001101011110111100 "
b100111000110011010010111100000100101001101111000 #
b110111011011001100011001101 %
b10 &
0'
0(
b00011 )
b0101101011011011 *
b0001101100001111 +
#406500
1$
#407000
0$
b111000100000110111000001101 !
b111010000000010101 "
b000111000111000000110010001001011111110000101111 #
b101100001000110010110011101 %
b10 &
1'
0(
b00000 )
b1000001100101010 *
b0110111010001100 +
#407500
1$
#408000
0$
b111010010100001111101111000 !
b111101101111111101 "
b000101110110100100111100000001100101001111001010 #
b010011101010111111111110010 %
b01 &
1'
0(
b10010 )
b0110110111010100 *
b1000111101111011 +
#408500
1$
#409000
0$
b010011000101100011011111101 !
b011001000101110001 "
b000010100111100010100000110001011011111000110110 #
b101010111001000000101100111 %
b10 &
0'
0(
b11101 )
b1001111011010100 *
b0111101001110100 +
#409500
1$
#410000
0$
b011100000001100101010100011 !
b001110000000100100 "
b111010001100010001000100110001000010100000011101 #
b111111101110110000000111000 %
b11 &
0'
1(
b11111 )
b1111001011111101 *
b0111101001001011 +
#410500
1$
#411000
0$
b011100010000111011100001001 !
b100010001011010100 "
b010001001101010100001110000000110010000111111110 #
b100000111000000001101111110 %
b00 &
1'
1(
b01110 )
b0111010010011110 *
b0100101110110011 +
#411500
1$
#412000
0$
b100101011100110110011100010 !
b100101110000010000 "
b010100100010101100101110101111100111100010100001 #
b100000101000110100100011111 %
b11 &
1'
0(
b11000 )
b1111011110010000 *
b1010101010100010 +
#412500
1$
#413000
0$
b101100010100110000000110101 !
b011010011110111000 "
b101011110110110011111101000110010001001100111010 #
b100011110101100110001010011 %
b10 &
0'
0(
b11000 )
b1010000101011011 *
b0011100001111110 +
#413500
1$
#414000
0$
b010011100110110110110111100 !
b000001000110000100 "
b111111100011111000010000001010111011101001101001 #
b001001011101100010001101111 %
b01 &
1'
1(
b11100 )
b0001110110100100 *
b1101001110111000 +
#414500
1$
#415000
0$
b010111000000111101011110011 !
b010000100101100100 "
b110101101011111111011000011011110010101000101110 #
b010011110010111100101111011 %
b11 &
1'
1(
b11100 )
b0100110110010000 *
b0010001101110111 +
#415500
1$
#416000
0$
b000110110101100101010001100 !
b100000000111100010 "
b001000110101000111111111011011110000010000011100 #
b111111111010111110101101110 %
b01 &
1'
0(
b01110 )
b0111100000111011 *
b1011101011001001 +
#416500
1$
#417000
0$
b100100011101101000000001010 !
b111010010001011000 "
b100010101011111101010011011000111000101100111010 #
b010111110000110011011000100 %
b00 &
1'
1(
b00000 )
b1000100110101000 *
b0011001110010101 +
#417500
1$
#418000
0$
b110001010000011000111111011 !
b010001001100011110 "
b110011110111000010011111010111001111000101110101 #
b000100001001010100001001110 %
b11 &
0'
0(
b00000 )
b1010010110000111 *
b0100010000010010 +
#418500
1$
#419000
0$
b101110011001000100000110110 !
b111101100010011100 "
b101100010000001110000000011111000001011101110001 #
b000001011000101100101111011 %
b10 &
0'
0(
b00011 )
b1010111101101011 *
b0101001001111110 +
#419500
1$
#420000
0$
b100110101111111001110110010 !
b100111101010100010 "
b101100100001101110100011001100001100000110110110 #
b101100000011011010110010000 %
b10 &
1'
1(
b01110 )
b0001011101101101 *
b1001110001101010 +
#420500
1$
#421000
0$
b011111111001010000110101010 !
b100001111001111001 "
b100101101100101001010111111111110111011011100001 #
b110111111011000000000000100 %
b10 &
0'
0(
b00101 )
b0000111000111000 *
b1001110111111100 +
#421500
1$
#422000
0$
b000111011100011111100110010 !
b110011100110110011 "
b000111100000011000001010111011110000100001010000 #
b100011100001101010100011110 %
b10 &
0'
1(
b11001 )
b0011001101010101 *
b0010100101110010 +
#422500
1$
#423000
0$
b100010001000011100000110000 !
b001001100111001001 "
b110111011001100000111010010110011100010011000011 #
b001101111010001000010100101 %
b00 &
1'
0(
b11100 )
b1011000010100111 *
b1101011100100010 +
#423500
1$
#424000
0$
b100100000000110111111011011 !
b011011110111000000 "
b100111010101000101000100010011100101010000100110 #
b001000100111101101111001010 %
b01 &
1'
1(
b00111 )
b0001000111001110 *
b1101101100101000 +
#424500
1$
#425000
0$
b100110001001010000100001000 !
b010000111100110101 "
b111011101101111100001110100011100000101101000110 #
b111111011101110101110110001 %
b00 &
0'
1(
b11110 )
b0100100001000111 *
b1101011111101100 +
#425500
1$
#426000
0$
b011110011000000000110101100 !
b011011000000001010 "
b110101110010101101101111101111111001001110101101 #
b110011110010000101010011100 %
b00 &
0'
0(
b11000 )
b1010110111010000 *
b0000100010110111 +
#426500
1$
#427000
0$
b111011100101010111000011011 !
b101000110000000101 "
b110100101101110011111011001001101011111011001010 #
b110000011110011001011010101 %
b01 &
1'
1(
b01101 )
b0101101011010011 *
b1111000011010011 +
#427500
1$
#428000
0$
b010110101101111110111100100 !
b100000101111101011 "
b001001011111000111101001001011001010110011001011 #
b111111011000101010101111110 %
b00 &
1'
0(
b00111 )
b1100111101001100 *
b1111000100111110 +
#428500
1$
#429000
0$
b000011110011000100111111011 !
b010111011001001111 "
b110111100001111100010001001001110101101001101111 #
b011100100100101011010100000 %
b01 &
1'
0(
b00111 )
b0100000111111001 *
b0010011110101101 +
#429500
1$
#430000
0$
b101100001110000011111100000 !
b111001000011001010 "
b101101000110000011111010110001000111000000011000 #
b100001010101110100100101011 %
b01 &
0'
0(
b10101 )
b1011101101110101 *
b1110011000000111 +
#430500
1$
#431000
0$
b111011100000001100011110101 !
b110010000001000110 "
b000000000111100010011100101001111111010100100101 #
b011110001101111111110000010 %
b01 &
0'
1(
b11001 )
b1011001110001011 *
b0100101010001001 +
#431500
1$
#432000
0$
b111111101111111100100111011 !
b111110100100010010 "
b001101010110001111100101111011110111100010100111 #
b110011000101100001001010111 %
b00 &
1'
1(
b01100 )
b1010100110100100 *
b0000100011110110 +
#432500
1$
#433000
0$
b110010011001100111111100100 !
b110001001010011001 "
b011101010000000101100001111011101111001100111001 #
b100010010000100101101100010 %
b11 &
0'
0(
b00111 )
b1101101101101110 *
b0111111001000011 +
#433500
1$
#434000
0$
b101001010011101100100110000 !
b000110010101110111 "
b010010111100100111100010110110010011100111011011 #
b101100111000011100000001011 %
b10 &
0'
0(
b10000 )
b0101010101111101 *
b0001100100101101 +
#434500
1$
#435000
0$
b001111111011001110100001101 !
b001111100001001110 "
b100100110010111101111101110111101010101000111100 #
b000111011010111001010000000 %
b00 &
0'
0(
b10110 )
b1010010010100111 *
b1111000101000011 +
#435500
1$
#436000
0$
b100110000100000101011000011 !
b101000100110111100 "
b100111111110100011100100110100011011110010100011 #
b011011101110011001111000010 %
b01 &
1'
1(
b01101 )
b1101011001010001 *
b1100000100111111 +
#436500
1$
#437000
0$
b000001100001100101101010011 !
b101000000010110010 "
b111100100000001001100110001101111111011001011110 #
b110111100110011101101011110 %
b00 &
0'
0(
b00001 )
b0100101011011111 *
b0110001101111101 +
#437500
1$
#438000
0$
b100111011100001011100011001 !
b011011100001011110 "
b000110000110101010100011011101101001001000011001 #
b001100111001100111011100111 %
b10 &
0'
0(
b10011 )
b0110110000011010 *
b0100001110101110 +
#438500
1$
#439000
0$
b100000100011101110101000000 !
b110101000111001110 "
b000110110100100111000100011001011111110001111010 #
b010100110110100110010011100 %
b11 &
1'
0(
b10001 )
b1011011011010101 *
b1000100110110011 +
#439500
1$
#440000
0$
b110010000011011111011010001 !
b010000100111101101 "
b101011000001011011110001100001000000010010001010 #
b111001101110111001101111110 %
b10 &
0'
1(
b10101 )
b1011101110110101 *
b1110100100010001 +
#440500
1$
#441000
0$
b000110001101100011101101100 !
b110001010011000011 "
b011101000100010101011110111010011011010011010111 #
b010000111101000110101111101 %
b11 &
0'
0(
b00100 )
b1100110110010110 *
b0001010110101100 +
#441500
1$
#442000
0$
b011010000000010111111000110 !
b101101001000100111 "
b011000010110010011111000100011010011101000010001 #
b000001110010001111010100101 %
b01 &
1'
1(
b00100 )
b1100011001101111 *
b1100010000100001 +
#442500
1$
#443000
0$
b100011110110000101111111100 !
b111110000111001011 "
b011111011111000101100100001100000111001110000010 #
b110011010011010010011111000 %
b11 &
1'
0(
b10000 )
b0000011100110100 *
b0110000001000000 +
#443500
1$
#444000
0$
b110011011010000011000010111 !
b000011111101010101 "
b100110011100100001101001000110010110101111010010 #
b000101011000001111001001100 %
b00 &
1'
0(
b11100 )
b0111010001001100 *
b0001010101110011 +
#444500
1$
#445000
0$
b010010110010100110001110100 !
b100111000101110011 "
b010110001111110100001010001000011011110111101010 #
b110001001111100000111011100 %
b00 &
0'
0(
b11010 )
b0000101110011011 *
b1001010110101110 +
#445500
1$
#446000
0$
b010011101000010000100111010 !
b010110101011110000 "
b000101110011110001001110110100010110001101111110 #
b100010011001011001110101101 %
b01 &
1'
0(
b11011 )
b0101001110101111 *
b1101101100110001 +
#446500
1$
#447000
0$
b110001001100100010011011100 !
b001010111100111101 "
b101000001010110111100011010111001110010000010110 #
b010110101110110111100101010 %
b11 &
1'
0(
b01010 )
b1001101001011110 *
b0011101110010000 +
#447500
1$
#448000
0$
b111111001111111110011010111 !
b001111111001000001 "
b110001011011010010100010011001110100000110100111 #
b101100111001011010010011011 %
b00 &
0'
1(
b11111 )
b0100111001011000 *
b1101010011011010 +
#448500
1$
#449000
0$
b100010010100101101000001001 !
b010100101010000001 "
b010011010100001010110110110001101100101110100101 #
b100101100111101010110000110 %
b00 &
1'
0(
b01000 )
b1101111110010111 *
b1010100001001110 +
#449500
1$
#450000
0$
b110010001111000000011100101 !
b001110101110111001 "
b111110001110100000100101110001100000100011111110 #
b001111011101111010011001100 %
b11 &
0'
0(
b01000 )
b0110011000010001 *
b0011001111011100 +
#450500
1$
#451000
0$
b001000110100001001100111010 !
b001010100011110011 "
b100011011001110111010000100000111110101001001001 #
b111101110000100100111010000 %
b11 &
1'
1(
b11010 )
b1001111100001111 *
b0001001011110010 +
#451500
1$
#452000
0$
b010100001111001000100111100 !
b011000101101010110 "
b101101001001000111101000100010010110011011100011 #
b001101100000010111000101110 %
b00 &
0'
0(
b00110 )
b0110011010010101 *
b1100101001000001 +
#452500
1$
#453000
0$
b000111001101010100101111101 !
b101100110101111111 "
b010011111001000011100101100000000101011011000001 #
b110001011001101100000010011 %
b00 &
1'
1(
b01001 )
b1000001011110010 *
b1111101111001110 +
#453500
1$
#454000
0$
b110010110100100111100101111 !
b101001101101010111 "
b010101100010010001110010001000101100101011000111 #
b000101010101101100110011001 %
b00 &
0'
1(
b00111 )
b0001111010101100 *
b1000011000001001 +
#454500
1$
#455000
0$
b011101101010110001110100010 !
b101101101111100101 "
b100011100101111011010011111110010010000101000011 #
b011101010101100000110011111 %
b00 &
1'
1(
b00101 )
b0111010101001010 *
b0110111011000101 +
#455500
1$
#456000
0$
b100010100101001111110110110 !
b000111000001010111 "
b000000111111100100110001001101001001111101011110 #
b001111100100111011000000011 %
b01 &
0'
1(
b10011 )
b0100101101001110 *
b1110100010011111 +
#456500
1$
#457000
0$
b010011101101101001010001101 !
b010000111001110100 "
b010110010111010111101011101001101111110110110010 #
b010001000000001011011100100 %
b01 &
0'
0(
b11011 )
b0000001010110000 *
b1010000001111010 +
#457500
1$
#458000
0$
b110001111110110111100111111 !
b110110101101111000 "
b011100001111100111111010001111101100001010110101 #
b000010101101101000001001101 %
b00 &
0'
0(
b01110 )
b1010100101101010 *
b0100110111100001 +
#458500
1$
#459000
0$
b000111010100010000110101100 !
b001111110010001101 "
b110111101010100110101100010010010110000111011110 #
b000111000110111100010000101 %
b00 &
0'
0(
b10100 )
b1110011111110001 *
b0010001010111011 +
#459500
1$
#460000
0$
b100111111000100011001110011 !
b100110001010000001 "
b111000100101111110101111101000000111101000011010 #
b101010110001100110111000001 %
b11 &
0'
0(
b11111 )
b1011101010001000 *
b0000011101011101 +
#460500
1$
#461000
0$
b100011110011101000011001011 !
b001110100011011101 "
b011110011010011111010100101001011110100111100010 #
b001011000100000010110101100 %
b11 &
1'
1(
b11101 )
b0000001001000011 *
b0011100101010110 +
#461500
1$
#462000
0$
b001000110110110101011111000 !
b000100000000110110 "
b110111110000101100000100000101110001010111110011 #
b001000110001101010001111011 %
b01 &
1'
1(
b00010 )
b1000010001110111 *
b1000101000000110 +
#462500
1$
#463000
0$
b010000101100111010010110101 !
b001100011110000100 "
b000000100000011001100101111111010010101001100010 #
b100010110011010110001111001 %
b01 &
0'
0(
b11111 )
b1000101011110100 *
b0110001010101101 +
#463500
1$
#464000
0$
b110111111010111101000001111 !
b011001110110111001 "
b100001110101000110000111101101000000010100001001 #
b100010001000010011011100111 %
b01 &
0'
0(
b00101 )
b1100001001111111 *
b0111101010110010 +
#464500
1$
#465000
0$
b100100000001001001100010100 !
b011001001101101101 "
b111001101101011000100010000100110011010010110001 #
b100111100010010111100111010 %
b00 &
1'
0(
b10000 )
b0000110100111010 *
b1101100010100010 +
#465500
1$
#466000
0$
b010100010011000100011100111 !
b001001010000111011 "
b010100011001001100111000000001110111110101101001 #
b011001011001101100010011110 %
b00 &
1'
0(
b10111 )
b1101010110110000 *
b1001011111101000 +
#466500
1$
#467000
0$
b011110011000101001011101001 !
b110101001111101000 "
b111000010000101010000000101010010110011101111111 #
b110010001110100010110001000 %
b00 &
1'
1(
b00001 )
b0010000110010000 *
b1000111000101100 +
#467500
1$
#468000
0$
b011010010010011110100110011 !
b100010111100000110 "
b100010110101011101100011101111011001100101110010 #
b010001011000011101110101111 %
b10 &
0'
0(
b00110 )
b0100110111100001 *
b1011010011010100 +
#468500
1$
#469000
0$
b011000010101101010000110011 !
b111101010001001100 "
b111010001101100101001100101100001000101111011111 #
b100001001001010100111111011 %
b00 &
1'
1(
b01000 )
b0011000011010010 *
b1000100100101100 +
#469500
1$
#470000
0$
b100001010101011111011001100 !
b101111011000111011 "
b111000110001010010001000100110001001111010100011 #
b001010011001001000010001110 %
b00 &
0'
0(
b01111 )
b0010101000101001 *
b0000110101111000 +
#470500
1$
#471000
0$
b101010000110101011011110001 !
b110101110100111110 "
b111000111000000001100111000011110100000010010101 #
b010010000110000101000000001 %
b00 &
0'
1(
b00011 )
b1101011010110100 *
b1111001000111101 +
#471500
1$
#472000
0$
b000010100010110010110011000 !
b101101010100011100 "
b011011100001101010010110010011111111111111001011 #
b011110011001000111010011011 %
b11 &
0'
1(
b11010 )
b0011011111010101 *
b1001000011111001 +
#472500
1$
#473000
0$
b011101111111100011100100101 !
b110011111111010110 "
b111011110110001110101001000110111001010101010111 #
b000110111001100011100011111 %
b11 &
1'
1(
b01100 )
b1101111101110100 *
b0011100101010100 +
#473500
1$
#474000
0$
b000100000011111000100001111 !
b001000001000100101 "
b100000011000111101010110100000001000110111010011 #
b011110011000111100010000111 %
b01 &
1'
1(
b01011 )
b0110111011000100 *
b1101000100100110 +
#474500
1$
#475000
0$
b110110111010100100001110011 !
b100101010001001100 "
b110110001011110000111111100000011100011000001000 #
b111100111001011100010001111 %
b01 &
0'
1(
b01100 )
b0101101100011001 *
b0110001011100010 +
#475500
1$
#476000
0$
b111111100100001010100011111 !
b110011010110000110 "
b001110101001010010010000111110101001000001000001 #
b011000001001000111110101110 %
b11 &
1'
1(
b00011 )
b0010111001001101 *
b1010111111010111 +
#476500
1$
#477000
0$
b110111100010100001100010101 !
b100110011000111100 "
b110011100010000010100001010010001101101101101110 #
b010110000011000101100111100 %
b00 &
0'
0(
b11100 )
b1001011000010011 *
b0111111001111111 +
#477500
1$
#478000
0$
b000011111001001010001101010 !
b111110100110110000 "
b011101011101011011000011001110101111011100111110 #
b111001101000000101101100110 %
b00 &
1'
1(
b11000 )
b1111001010101011 *
b1111000111000101 +
#478500
1$
#479000
0$
b001110111111010110100101110 !
b011101000110010001 "
b100000110000110001011001111001001000100011001100 #
b000101110110000000111110011 %
b11 &
0'
1(
b00001 )
b0100011011010101 *
b1101011110110011 +
#479500
1$
#480000
0$
b100101101110001110111011011 !
b100001100010001111 "
b100111010111001011000100011101000000100100111101 #
b110110000001110000111001111 %
b01 &
0'
1(
b00101 )
b0110111000001010 *
b1010111111111101 +
#480500
1$
#481000
0$
b010011111100010101001000011 !
b101101110100101001 "
b101110101100001101110001010110011001100000010110 #
b001111100100101010110100110 %
b01 &
1'
0(
b00000 )
b1111010111011110 *
b1000000001010010 +
#481500
1$
#482000
0$
b010000010011011010101010011 !
b000111101101001110 "
b010000100111111101001001011010010111000011110110 #
b000001100101100101111101101 %
b10 &
0'
0(
b10100 )
b1000001110110101 *
b1010100110100111 +
#482500
1$
#483000
0$
b001011100101110111011001100 !
b001110000000101001 "
b101111010111011001001011001010100000010111010001 #
b000101001011110010110000110 %
b00 &
0'
0(
b01100 )
b1010001100000001 *
b1101000001001001 +
#483500
1$
#484000
0$
b110001101111111101001000011 !
b111101101011010101 "
b110111011010000101110011111011001000111001111001 #
b110011101111000010010011101 %
b10 &
0'
1(
b10101 )
b1101100010101101 *
b1101010101100000 +
#484500
1$
#485000
0$
b000110100100111101001100010 !
b100100000000110010 "
b100100000000000101111101000111111100110101000110 #
b000101010101011101100001011 %
b11 &
1'
0(
b00001 )
b0000010011001100 *
b0100011101011100 +
#485500
1$
#486000
0$
b000010010101000101010111000 !
b010001001100110000 "
b001011010010001101001111100110010110100000011100 #
b100010011010000100001000100 %
b01 &
1'
1(
b10101 )
b0101011001011111 *
b0000010001011100 +
#486500
1$
#487000
0$
b011101000110100010111000011 !
b110111111011011011 "
b001111001100111001010111100001000000110001111000 #
b110110010000000001110000110 %
b11 &
0'
0(
b10111 )
b1101100001000011 *
b1110101110010101 +
#487500
1$
#488000
0$
b101101100111000101000101000 !
b000011101101000001 "
b011100001100001100000101110111011010011110100100 #
b100000110001011010010001100 %
b00 &
0'
0(
b11111 )
b0010110111100111 *
b0011101101100010 +
#488500
1$
#489000
0$
b000101001101000100000101100 !
b011001010001111110 "
b001011001001101000001010011100100010101000000101 #
b010100011111110100111010111 %
b00 &
0'
1(
b11010 )
b1001111010111101 *
b1000011011001110 +
#489500
1$
#490000
0$
b001010011001110101100111011 !
b000010011100011011 "
b011011000010110011010110011010000010001101010100 #
b001110001101110001110101000 %
b11 &
1'
0(
b10101 )
b1000010011100101 *
b1111100010100100 +
#490500
1$
#491000
0$
b111101010110100100100000001 !
b011100000001100100 "
b110101101010000000110000010110001111100101001010 #
b000010100110001111101111000 %
b10 &
1'
1(
b01100 )
b0110100100011000 *
b0110011000000000 +
#491500
1$
#492000
0$
b100000101110100111110100101 !
b011011010001000111 "
b011100010101001101000101100110010011000011011110 #
b010101100100010110010001000 %
b10 &
1'
0(
b00010 )
b0111100011110101 *
b1101010100001000 +
#492500
1$
#493000
0$
b101110110100111110101111001 !
b101111111111111001 "
b001010010111100001101011010110100100110011110010 #
b111001011011011111110000011 %
b01 &
0'
1(
b10001 )
b1000001001000001 *
b1100011100001011 +
#493500
1$
#494000
0$
b100000011111111110001111110 !
b101110101000011110 "
b100111110111101110000000111101111011100000100100 #
b001011000000001011110110100 %
b01 &
1'
0(
b10111 )
b0111101100110111 *
b0100100100011011 +
#494500
1$
#495000
0$
b111101010011101111011011010 !
b010110001110100111 "
b101101010010011111101111101010110000101010101110 #
b011101001110100100000110011 %
b11 &
0'
1(
b01100 )
b0100100101001110 *
b0011110101111001 +
#495500
1$
#496000
0$
b010110111101110001111101100 !
b100010101100110001 "
b110011111101110110001011011100011100110011100110 #
b111000101110011011110100100 %
b10 &
1'
1(
b00111 )
b0100001111000101 *
b0000010100100010 +
#496500
1$
#497000
0$
b110110100010101011001100100 !
b101010000100111000 "
b010000110110011100010010100011011111000111100010 #
b101101011000000100010101011 %
b11 &
0'
0(
b01000 )
b1111111100001101 *
b1100010100011111 +
#497500
1$
#498000
0$
b110011001111111011001000000 !
b100101101000000011 "
b011111011001101101000000100110101110000110101010 #
b000001000000010110010000011 %
b00 &
1'
0(
b00011 )
b0011100000111000 *
b0010011011101101 +
#498500
1$
#499000
0$
b000111001110100011100000011 !
b011000100110010110 "
b001011000010111000001110100010010111110111111011 #
b000100010111001100001111001 %
b00 &
0'
1(
b10111 )
b1010011110011111 *
b0111011111100010 +
#499500
1$
#500000
0$
b110010010000101010011111000 !
b000001100110010101 "
b010001010111110100001110110100100110101101110011 #
b000011010010000110010001111 %
b10 &
0'
1(
b10111 )
b1010010001000010 *
b0011010100110110 +
#500500
